african;Jollof rice with chicken 
african;Jollof rice
african;Red-red stew with spiced plantain
african;Bunny chow
african;Jollof rice with fried plantains
american;Easy jambalaya
american;Vegan fluffy American pancakes 
american;Vegan fluffy pancake mix
american;Beef burgers with beetroot and carrot slaw
american;Vegan brownies
american;Vegan chocolate chip cookies
american;Vegan vanilla cupcakes 
american;Avocado salad
american;Scrambled eggs with spinach and kale
american;Mary Berry's cranberry sauce
american;The Biker burger
american;Pulled pork tacos
american;Slow-cooker apple-glazed ribs
american;Barbecue baby back ribs with celeriac slaw
american;Smoked Texan chicken wings
american;Chicken nuggets with smoked paprika and anchovy mayo
american;Slow cooker pulled pork
american;Curry and lime spiced popcorn
american;Hardcore coleslaw
american;Popcorn bars
american;Turkey jambalaya
american;Clementine and almond cake
american;Maple, pecan and cranberry granola
american;Spicy beef burger
american;Pot-roast turkey drumstick
american;BBQ chicken with coleslaw
american;Momma's meat jambalaya
american;Blueberry butter
american;Cranberry sauce
american;Sweet sticky spicy ribs with red onion salad
american;Crispy potato skins
american;Boston baked beans
american;Barbecue ribs
american;BBQ sauce
british;Easy spinach soup with a poached egg
british;Pork, lentil and veg sausage rolls
british;Vegan fried breakfast
british;Roast leg of lamb with rosemary and garlic
british;Vegan shepherd’s pie 
british;Vegan carrot cake
british;Vegan Victoria sponge
british;Vegan lemon drizzle cake
british;Vegan nut loaf 
british;Vegan toad-in-the-hole with red onion gravy 
british;Vegan gravy
british;Vegan banana bread
british;Vegan Yorkshire puddings
british;Mushroom and ale pie
british;Vegan Wellington 
british;Beef and ale stew with horseradish dumplings
british;Winter lamb hotpot
british;Braised red cabbage
british;Cawl
british;Roast pork belly
british;Perfect roast potatoes
british;Roast pork shoulder
british;Tuscan beans on sourdough toast
british;Slow cooker chicken casserole
british;Roast vegetable soup
british;Honey roast carrots
british;Lamb shanks with anchovy
british;Gluten-free Christmas stuffing 
british;How to roast potatoes
british;Leek soup
british;Tomato soup
british;Pumpkin, chilli and coconut soup
british;Mary Berry's mulled wine
british;Roast ham
british;Boiled and baked ham
british;Christmas ham
british;Honey-glazed gammon
british;Stuffed roast turkey breast 
british;Easy roast potatoes
british;Pigs in blankets
british;Fillet steak with morel mushroom and wine sauce
british;Rabbit and pearl barley stew
british;Roast parsnips
british;Best roast potatoes
british;Brussels sprouts with pancetta
british;Brussels sprouts slaw
british;Roast goose
british;Great sausage casserole
british;Spiced apple chutney
british;Grilled mackerel with new potatoes and salad
british;Braised steak with gravy
british;Gammon with double egg and oven chips
british;Beef and ale stew
british;Sloe gin and blackberry jelly
british;Slow-cooker sausage  casserole 
british;Homemade cranberry sauce
british;Easy Christmas pudding
british;The best Christmas pudding
british;Rabbit casserole
british;Sausagemeat stuffing
british;Sloe gin fizz
british;Roast loin of pork
british;Paul Hollywood’s bloomer
british;Baked chicken goujons
british;Easy sausage casserole
british;Stress-free full English breakfast
british;Minced beef pie
british;Quick shepherd’s pie
british;Fresh pea, broad bean and ham hock salad
british;Roast beetroot
british;Paul’s mum’s ginger biscuits
british;Nigel Slater's all-in-one roast beef rib 
british;Pea soup with pancetta
british;Gluten-free sticky toffee pudding
british;Potato salad
british;Summer pudding loaf 
british;Barnsley chops with Cumberland sauce
british;Earl Grey tea bread 
british;Raised chicken and ham pie
british;Slow roast leg of lamb with chardonnay, rosemary, sage and bay
british;Mince and dumplings
british;Triple-crown roast of lamb with a jewelled fruit stuffing and minted red wine sauce
british;Fish and chips with tartare sauce
british;Fried bacon with poached egg and tomatoes
british;Chocolate olive oil cake
british;Game terrine
british;Turkey gravy
british;Hot mustard pickle
british;How to make Scotch broth
british;Fish and chips
british;Piccalilli
british;Easy summer pudding
british;Healthy plum crumble
british;Bara brith
british;Fantastic fish fingers
british;Potato wedges with rosemary
british;Crisp winter slaw
british;Spiced oat cookies
british;Wild Scottish venison with port, figs and potato wedges
british;Low-fat chicken and mushroom pie
british;How to cook venison
british;Mary Berry's royal icing
british;Tomato chutney
british;Mango chutney
british;Blackberry jelly
british;Fresh plum chutney
british;Scouse pie
british;Celery baked in vinaigrette with pancetta and shallots
british;Scotch broth
british;Sage and onion stuffing
british;Roast chestnuts
british;Classic summer berry sorbet
british;Pork chops with apples and cider
british;Fresh mackerel with roasted rhubarb
british;Real mint sauce
british;Oxtail soup
british;Mincemeat
british;Grilled squid with lemon, garlic and cumin
british;Chocolate beetroot cakes
british;Vegetarian haggis stuffed mushrooms
british;Medium-cut Seville orange marmalade
caribbean;Rice and peas
caribbean;Salt fish fritters
caribbean;Sticky jerk chicken wings
caribbean;Caribbean goat curry 
caribbean;Jerk pork with sweet potato mash
caribbean;Homestyle jerk chicken wings
caribbean;Saltfish and ackee with fried dumplings
caribbean;Prawn, sweet potato and lime curry with chilli and black pepper roti bread
caribbean;Caribbean chicken and pumpkin curry
caribbean;Jamaican jerk chicken
caribbean;Caribbean toastie cups with avocado, mango and mint
caribbean;Lamb, pepper and pineapple kebabs with lime, chilli and coriander mayonnaise
chinese;Salt and pepper chicken
chinese;Egg-fried rice
chinese;Chinese five-spice spare ribs
chinese;Chilli-fried tofu with egg-fried rice
chinese;Spicy Sichuan (dan dan) noodles 
chinese;Asian-style sticky chicken
chinese;Easy beef stir-fry
chinese;Chicken and cashew noodle stir-fry
chinese;Sweet and sour pork stir-fry
chinese;Spiced skewered lamb
chinese;King prawn and scallop stir fry
chinese;Quick orange and lemon chicken 
chinese;Healthy sweet and sour king prawn stir-fry
chinese;Easy chicken chow mein
chinese;Chinese plum chicken
chinese;Vegetarian egg fried rice
chinese;Healthy sweet and sour chicken
chinese;Spicy tofu and edamame beans
chinese;Chilli hoisin pork and vegetable stir-fry
chinese;Crispy chicken with braised aubergine
chinese;Tofu with 'oyster' sauce
chinese;Chinese duck noodles
chinese;Chinese lemon chicken
chinese;Quick hot and sour noodle soup
chinese;Peking-style vegetable dumplings
chinese;Five-spice roast chicken drumsticks
chinese;Chicken egg-fried rice
chinese;Easy vegetable stir-fry
chinese;Chilli crab with egg noodles
chinese;Stir-fried cabbage with garlic
chinese;Chicken and sweetcorn noodles 
chinese;Pork and prawn dumplings
chinese;Vegetarian spring rolls
chinese;Hoisin salmon with broccoli and noodles 
chinese;Easy chow mein for kids
chinese;Lighter stir-fried beef with broccoli and sweetcorn
chinese;Chicken with black bean sauce
chinese;Slow cooker Chinese-style beef
chinese;Prawn balls
chinese;Red-cooked pork belly
chinese;Short rib bao burger and spicy cucumber salad
chinese;Radish and sesame soy noodle salad
chinese;Stir-fried chicken and broccoli with noodles
chinese;Lighter egg fried rice 
chinese;Sichuan pepper beef stir-fry
chinese;Chicken and cashew nut stir-fry
chinese;Whisky and chilli tiger prawns 
chinese;Firecracker prawns with stir-fried greens
chinese;Chilli chicken
chinese;Chicken and black bean sauce with bok choi
chinese;Quick beef in oyster sauce
chinese;Singapore-style noodles
chinese;Black bean steamed scallops with noodles
chinese;Salt and pepper Sichuan prawns with soy chilli dipping sauce
chinese;Pickled cucumber
chinese;Egg fu yung wrap with chilli sauce
chinese;Oriental chicken salad
chinese;Sticky barbecue chicken wings and drumsticks
chinese;Sweet and tangy chilli beef
chinese;Fragrant pork and aubergines
chinese;Special fried rice
chinese;Simple sweet and sour chicken
chinese;Duck pancakes with hoisin sauce
chinese;'Dragon prawn' noodles
chinese;Steamed ginger fish served with egg-fried rice
chinese;Steamed Cantonese-style fish
chinese;Slow cooker beef hotpot
chinese;Steamed chilli soy tofu
chinese;Sichuan-style sea bass with wok-fried vegetables
chinese;Pork noodles with bean sauce
chinese;Stir-fried chilli chicken
chinese;Egg fried rice with tomatoes
chinese;Roast crispy pork belly with egg fried rice
chinese;Chilli beef with sticky rice omelette
chinese;Beef in oyster sauce
chinese;Chinese pork potsticker dumplings
chinese;Chicken stir-fried with pak choi
chinese;Stir-fried vegetable wraps
chinese;Mu shu chicken
chinese;'Lion head' meatballs
chinese;Sichuan orange beef
chinese;Langoustine and samphire stir fry
chinese;Steamed sea bass in hot beer and ginger lime sauce
chinese;Steamed mussels
chinese;Chicken and vegetable spring rolls
chinese;Crispy duck with apricot and plum sauce
chinese;Chow mein
east_european;Simple layered salad
french;Mary Berry's coq au vin 
french;Mary Berry's bouillabaisse 
french;Vegan French toast with berries 
french;Ratatouille
french;Coconut macaroons
french;Ham and eggs with roasted pepper sauce
french;Salad verte with croûtons
french;Baguettes
french;Olive sourdough fougasse
french;Boeuf en daube provençale
french;Spring lamb stew
french;Our special cassoulet
french;Salade Niçoise
french;Quick tartare sauce
french;Grilled salmon Niçoise
french;Fresh herb fougasse 
french;Nigella's steak tartare
french;Paul Hollywood's baguettes
french;Vegetables with red pepper rouille 
french;Caponata ratatouille
french;Poached pears in Sauternes
greek;Neck of lamb with lemon and thyme
greek;Pork souvlaki with oregano
greek;Stuffed vegetables
greek;Souvlakia
greek;Gigantes with tomatoes and greens
greek;Meatballs in tomato sauce with cinnamon and cumin (Soutzoukakia)
greek;Kozani chicken with prunes, saffron and paprika
indian;Chana masala
indian;Lamb dhansak 
indian;Carrot and parsnip bhajis with coriander and chilli chutney
indian;Quick fish curry
indian;Cabbage with mustard seeds
indian;Poha potatoes
indian;Baked aloo gobi with flatbreads
indian;Black dal
indian;Dry curry of cabbage, carrot and coconut (Thoran) 
indian;Butternut and sweet potato curry
indian;Vegan chickpea curry
indian;Lighter spinach and cherry tomato dal
indian;Aloo gobi and jeera rice
indian;Anardana chana (pomegranate and chickpea curry)
indian;Spinach, aubergine and chickpea curry
indian;Vegan potato cake with chickpea curry
indian;Potato and pea curry (aloo dum) 
indian;Vegan blackeye bean curry
indian;Spicy lentil soup (sambar)
indian;Oven-fried chilli chicken
indian;Vegetable samosas
indian;Okra curry
indian;Whole eggs in coconut masala (egg molee)
indian;Kidney bean curry (rajma) 
indian;Sweet potato and chickpea curry 
indian;Masala sauce
indian;Goan pulled pork 
indian;Spiced cod fish cakes
indian;Roast chicken masala and potatoes
indian;Stuffed paratha for kids
indian;Ajwain parathas 
indian;Punjabi chicken curry 
indian;Fish curry
indian;Samosa pie 
indian;Prawn saffron biryani
indian;Indian fish curry
indian;Vegetable pilau rice
indian;Simple chicken curry
indian;Lemon rice
indian;Bengali butternut squash with chickpeas
indian;Tarka dal
indian;Chickpea, spinach and egg curry
indian;Coconut prawn curry with cauliflower 'rice'
indian;Lamb madras with bombay potatoes
indian;Prawns with coconut, chillies and mustard seeds 
indian;Lamb and fenugreek dumpling stew
indian;Pea kachori
indian;Simple chicken and potato curry
indian;Bombay potatoes
indian;Green chutney
indian;Chicken and apricot curry with potato straws (sali murghi)
indian;Kerala king prawn and coconut curry
indian;Baked samosas
indian;Slow cooker dal
indian;Low-fat chicken curry
indian;South Indian chicken curry
indian;Lamb and lentil curry
indian;Indian-spiced lamb shoulder with Bombay potatoes
indian;How to make curry paste
indian;Indian deep-fried soft-shell crab with lime pickle
indian;Garam masala
indian;Spicy crab cakes
indian;Onion bhaji
indian;Lamb kebabs
italian;One pan saltimbocca alla Romana
italian;Lemon sorbet
italian;Spaghetti carbonara
italian;Gluten-free almond biscuits
italian;Sardine and kale spaghetti
italian;Lamb cutlets with mint, chilli and golden potatoes
italian;Easy panzanella
italian;Paul Hollywood's focaccia
italian;Vegan lasagne 
italian;Sardinian lamb with fennel
italian;Marinated beetroot
italian;Mushroom crostini
italian;Courgetti with vegan pesto 
italian;Easy spaghetti Bolognese
italian;Curly kale (or cavolo nero) with rosemary and chilli
italian;Spaghetti with garlic and chilli
italian;Italian lentil soup
italian;Slow cooker minestrone
italian;Kids’ minestrone soup 
italian;Minestrone
italian;Sea bass fillet with rosemary and lemon
italian;Bolognese sauce
italian;Fennel sausages braised with lemony potatoes and bay leaves
italian;Spaghetti and meatballs
italian;Spaghetti with roasted bolognese  
italian;How to make pizza
italian;Perfect panzanella
italian;Griddled lamb chops with inzimino
italian;Shortcut sausage meatballs
italian;Deep fried calamari with garlic and lemon mayonnaise
italian;Easy spaghetti and meatballs
italian;Fresh pasta dough
italian;Veggie puttanesca
italian;Mediterranean chicken with potatoes
italian;Red mullet with linguine tossed in chilli and garlic
italian;Panzanella
italian;Chargrilled broccoli pasta with chilli and garlic
italian;Sea bream with a courgette salad with fresh mint and rocket
italian;Courgette and mint frittata
italian;Tuna pasta sauce 
italian;Fish stew
italian;Piedmontese roast peppers
italian;Chicken puttanesca with linguine
italian;Linguine alla puttanesca
italian;Calabrian pork ribs
italian;Sicilian fish with sweet potato chips
italian;Pork loin with Parma ham and oregano
italian;Linguine with prawns and mussels
italian;Pasta with chilli, bacon and tomato sauce
italian;Lamb with fresh peas (Agnello con piselli freschi)
italian;Sardine beccafico
italian;Ciabatta
italian;Sicilian pasta with tomatoes, garlic and almonds
italian;Easter lamb with peas 
italian;Sardinian couscous with clams
italian;Rib ragù
italian;Italian roast chicken with peppers and olives
italian;Baby aubergines with oregano and red onions
italian;Tuscan fries
italian;Spicy beans on toast
italian;Crab linguine
italian;Pepper, tomato and basil pasta
italian;Pork fillet with honey and ginger
italian;Braised beef in red wine
italian;Pearl barley with spinach and pork mince
italian;Sweet pepper frittata
italian;Spaghetti with chilli and garlic
italian;Gluten-free Venetian carrot cake
italian;Smoky tomato sauce for pasta
italian;Penne with anchovy, broccoli, chilli and garlic
italian;Beef cheek and butternut broth in sourdough 
italian;Hazelnut and orange biscotti
italian;Bill's spicy sausage pasta
italian;Tomato ragù
italian;Tom Kerridge’s spaghetti Bolognese
italian;Spaghetti with clams and chilli
italian;How to make pesto
italian;Sun-dried tomato and olive bread
italian;Penne alla torrese
italian;Sausage and bean casserole
italian;Bellini cocktail
italian;Sausage casserole with beans
italian;Artichokes alla Romana
italian;Barbecued veal chops with fresh herbs and salmoriglio
japanese;Udon noodle soup
japanese;Tofu sushi bowl
japanese;Cod in a pistachio and matcha crumb
japanese;Teriyaki chicken with leek and pepper stir-fry
japanese;Furikake fries 
japanese;Miso aubergine with noodles
japanese;Chicken yakitori
japanese;Salmon yakitori
japanese;Miso ramen soup with buckwheat noodles
japanese;Sweet miso-marinated salmon with soba noodles
japanese;Simple miso, tofu and mushroom ramen
japanese;Quick and easy sushi maki (sushi rolls)
japanese;Tempura scallops and asparagus with ponzu dressing
japanese;Tonkatsu pork
japanese;Chashu pork ramen 
japanese;How to make chicken teriyaki
japanese;Teriyaki salmon
japanese;Grilled aubergines with miso
japanese;Spring miso soup
japanese;Prawn tempura
korean;Korean-inspired turkey bowl
korean;Korean fried chicken
korean;Korean grilled beef short ribs (galbi gui)
mexican;Chilli con carne
mexican;Bean chilli with jackfruit
mexican;Vegan nachos
mexican;Spiced slow-cooked mutton with Mexican chillies, puréed squash and sautéed chard
mexican;Spicy Mexican bean soup
mexican;Sweet potato and black bean burritos
mexican;Vegetable chilli with tortilla chips
mexican;Vegetarian aubergine gorditas
mexican;Homemade soft tacos with beef and black beans
mexican;Chicken fajitas
mexican;Sardines in tortillas with spicy tomato sauce and refried beans
mexican;Corn tortilla
mexican;Lighter chilli con carne with cauliflower 'rice' 
mexican;Hot red chilli sauce
mexican;Deep-fried coconut prawns
mexican;Marinated ribs with tomatillo salsa, guacamole and tortilla chips
mexican;Real guacamole
mexican;Grilled vegetable wraps with salsa and guacamole
mexican;One pot chilli con carne 
mexican;Spicy chilli con carne with guacamole
mexican;Raw salsa
nordic;Vegan cinnamon buns
nordic;Herring with dill and mustard potato salad
north_african;Moroccan grilled chicken
north_african;Butternut squash tagine with couscous
north_african;Moroccan-style chicken casserole
north_african;Shakshuka traybake
north_african;Spiced vegetable tagine
north_african;Moroccan flatbread wraps with harissa
north_african;Chicken leg tagine with prunes, apricots and roasted almonds
north_african;Dukkah lamb cutlets with quinoa salad
north_african;Lamb, shallot and date tagine
north_african;Chicken tagine
north_african;Spiced mutton stew with apricots
pakistani;Lamb masala
pakistani;Saag gosht (lamb and spinach curry) with chapatis
pakistani;Seekh kebabs with mint sauce
pakistani;Mung dal saag
pakistani;Roti
pakistani;Vegetable pakoras
pakistani;Instant Punjabi-style pickle
portuguese;Piri-piri roast chicken
portuguese;Pork and clams
portuguese;Easy piri-piri chicken
portuguese;Piri-piri prawns and harissa couscous
portuguese;Caldo verde (Portuguese cabbage soup)
south_american;Quinoa salad with mint and mango
south_american;Feijoada 
south_american;Barbecued sirloin with chimichurri sauce
south_american;Salmon ceviche with fennel salad
spanish;Patatas bravas
spanish;Spanish omelette
spanish;Simple chorizo and bean stew
spanish;Chicken and chorizo stew
spanish;Chicken and chorizo casserole
spanish;Fideuà 
spanish;Roast pork
spanish;Easy patatas bravas  
spanish;Pardina lentils with white wine, Serrano ham and pimentón
spanish;Chicken with rice (arroz con pollo)
spanish;Flamenco eggs
spanish;Vegetarian paella
spanish;Spanish garlic prawns
spanish;Chorizo tapas
spanish;Spanish tortilla 
spanish;Easy Spanish chicken 
spanish;Chickpea and chorizo stew
spanish;Gazpacho Hispaniola
spanish;Garlic mushrooms with sherry vinegar
spanish;Tumbet
spanish;Chicken and chorizo rice
spanish;Lamb-stuffed aubergines with Moorish spices and Manchego cheese
spanish;Baked sea bream Rota-style
spanish;Rice with clams, prawns and aioli
spanish;Nigel Slater's gazpacho 
spanish;Chicken with chorizo and potatoes
spanish;Arroz verde
spanish;Lettuce, anchovy and egg salad with a creamy vinaigrette
spanish;Paella
spanish;Spanish tomato bread
spanish;Hake with chorizo and potatoes (Merluza à la Gallega)
spanish;Spicy chorizo penne pasta
spanish;Scallops and chorizo
spanish;Rustic Spanish bread (Pan Rustico)
spanish;Baked Spanish risotto
spanish;Roasted sea bass with chorizo, red onion and cherry tomatoes
spanish;Broad beans with jamon Ibérico
thai_and_south-east_asian;Prawn tom yum soup
thai_and_south-east_asian;Salmon traybake
thai_and_south-east_asian;Chicken satay noodles
thai_and_south-east_asian;Jungle chicken curry with rice
thai_and_south-east_asian;Vegetable Thai red curry
thai_and_south-east_asian;Bang bang turkey
thai_and_south-east_asian;Tofu mee goreng noodles 
thai_and_south-east_asian;Thai fish curry 
thai_and_south-east_asian;Beef rendang with herby rice 
thai_and_south-east_asian;Vegan Thai red curry
thai_and_south-east_asian;Pad Thai
thai_and_south-east_asian;Nadiya's pad Thai
thai_and_south-east_asian;Easy pad Thai
thai_and_south-east_asian;Slow cooker chicken pho
thai_and_south-east_asian;Tofu Thai green curry
thai_and_south-east_asian;Oriental vegetable kebabs with peanut dressing
thai_and_south-east_asian;Vegetable Thai curry
thai_and_south-east_asian;Malaysian-spiced noodles with tofu
thai_and_south-east_asian;Coconut and chocolate balls
thai_and_south-east_asian;Rainbow noodles
thai_and_south-east_asian;Veggie Thai aubergine curry
thai_and_south-east_asian;Thai green curry
thai_and_south-east_asian;Khao soi noodles 
thai_and_south-east_asian;Thai chicken noodle salad
thai_and_south-east_asian;Thai green chicken curry
thai_and_south-east_asian;Chicken and aubergine massaman curry
thai_and_south-east_asian;Panang chicken stir-fry
thai_and_south-east_asian;Stir fry lime and coconut chicken
thai_and_south-east_asian;Chargrilled sea bass summer rolls with pineapple dipping sauce
thai_and_south-east_asian;Chicken satay
thai_and_south-east_asian;Slow cooker chicken curry
thai_and_south-east_asian;Thai fish cakes
thai_and_south-east_asian;Ox cheek massaman curry
thai_and_south-east_asian;Coconut chilli chicken
thai_and_south-east_asian;Thai coconut-chilli prawns
thai_and_south-east_asian;Nasi goreng with lime and sugar barbecued chicken
thai_and_south-east_asian;How to make Thai green curry with prawns
thai_and_south-east_asian;Stir-fried chilli pork
thai_and_south-east_asian;Nice and spicy Thai minced chicken salad (Larb Gai)
thai_and_south-east_asian;Thai noodles with cinnamon and prawns
thai_and_south-east_asian;Asian-braised shin of beef with hot and sour shredded salad
thai_and_south-east_asian;Turkey salad with Chinese cabbage, beansprouts and Vietnamese mint
thai_and_south-east_asian;Golden egg curry
thai_and_south-east_asian;Soy and honey chicken with coconut brown rice
thai_and_south-east_asian;Chilli beef rendang
thai_and_south-east_asian;Butternut squash and prawn curry with noodles
thai_and_south-east_asian;Chilli and lemongrass chicken
thai_and_south-east_asian;Lemon and lime chicken with coriander-fried rice
thai_and_south-east_asian;Thai beef and mango salad
thai_and_south-east_asian;Tom yum soup
thai_and_south-east_asian;South-East Asian vegetable and egg-fried rice
thai_and_south-east_asian;Thai pork kebabs
thai_and_south-east_asian;Thai-style fishcakes
thai_and_south-east_asian;Vietnamese-style crayfish and noodle salad
thai_and_south-east_asian;Hot and spicy Thai squid salad (Yam pra-muek)
thai_and_south-east_asian;Chicken Thai red curry
thai_and_south-east_asian;Nigel Slater's Thai green curry
thai_and_south-east_asian;Thai lamb salad with spicy dressing
thai_and_south-east_asian;Steamed sea bass with a rice noodle salad
thai_and_south-east_asian;Vietnamese beef and lettuce wraps
thai_and_south-east_asian;Vegetable pad Thai
thai_and_south-east_asian;How to make Thai green curry paste
thai_and_south-east_asian;Haddock parcels and coconut rice
thai_and_south-east_asian;Super satay chicken
thai_and_south-east_asian;Thai green prawn curry
thai_and_south-east_asian;Thai roast chicken
thai_and_south-east_asian;Thai fishcakes served with Thai cucumber salad
turkish_and_middle_eastern;Fattoush with crisp olive flatbread
turkish_and_middle_eastern;Lokanta stew
turkish_and_middle_eastern;Greens with giant couscous and tahini
turkish_and_middle_eastern;Chicken schnitzel
turkish_and_middle_eastern;Homemade doner kebab
turkish_and_middle_eastern;Vegetarian chickpea burgers
turkish_and_middle_eastern;Falafel burger 
turkish_and_middle_eastern;Simple baba ganoush
turkish_and_middle_eastern;Muhammara (red pepper dip)
turkish_and_middle_eastern;Sticky chicken and vegetable kebabs with couscous
turkish_and_middle_eastern;Fattoush
turkish_and_middle_eastern;Oven-roasted chicken with sumac and pomegranate molasses
turkish_and_middle_eastern;Sticky lamb buns with pickled cucumber relish
turkish_and_middle_eastern;Quick hummus
turkish_and_middle_eastern;Maneesh
turkish_and_middle_eastern;Kotlets with herb salad
turkish_and_middle_eastern;Citrus spiced salmon
turkish_and_middle_eastern;Mackerel kebabs
turkish_and_middle_eastern;Fesenjoon 
turkish_and_middle_eastern;Suriani home-style chicken curry (‘ishtu’)
turkish_and_middle_eastern;Apricot almond cake with rosewater and cardamom
turkish_and_middle_eastern;Roasted red pepper hummus
turkish_and_middle_eastern;Smoked aubergines with garlic (mirza ghasemi)
turkish_and_middle_eastern;Muhallabi (almond milk pudding)
turkish_and_middle_eastern;Moroccan lamb tagine
turkish_and_middle_eastern;Parsley, tomato and bulgar wheat salad
turkish_and_middle_eastern;Tabbouleh
turkish_and_middle_eastern;Lemon and pomegranate couscous
turkish_and_middle_eastern;Spicy Middle Eastern kofte
turkish_and_middle_eastern;Rose and pistachio Turkish delight
