african;Jollof rice with chicken 
african;Jollof rice
african;Red-red stew with spiced plantain
african;Bunny chow
african;Jollof rice with fried plantains
american;Chicken and bacon ranch burger
american;Easy jambalaya
american;Vegan fluffy American pancakes 
american;Vegan fluffy pancake mix
american;Vegan brownies
american;Vegan chocolate chip cookies
american;Vegan vanilla cupcakes 
american;Slow cooker chilli con carne 
american;Macaroni cheese
american;How to make chilli con carne
american;Avocado salad
american;Lobster thermidor
american;Chocolate bark
american;Southern-fried buttermilk chicken with tomato salsa
american;Fried chicken
american;Cream cheese frosting
american;Mac &amp; cheese
american;Easy no-cook cheesecake
american;Macaroni cheese with leeks
american;Mary Berry's cranberry sauce
american;Oat, maple and nut granola 
american;Apple and white chocolate rocky road 
american;Pulled pork tacos
american;Slow-cooker apple-glazed ribs
american;Corn on the cob with burnt-onion ketchup
american;Smoked Texan chicken wings
american;Slow cooker pulled pork
american;Curry and lime spiced popcorn
american;Beer-marinated rack of pork with Swiss-chard gratin
american;Mac and cheese 
american;Easy toffee apples
american;Pulled pork 
american;New York chicken and apple salad
american;Buffalo wings
american;Popcorn bars
american;Monkfish, mussel and prawn stew with sourdough (cioppino)
american;Turkey jambalaya
american;Cheesesteak sandwich with grilled onions
american;Maple, pecan and cranberry granola
american;Pot-roast turkey drumstick
american;Pulled chicken with barbecue sauce and baked potatoes
american;Momma's meat jambalaya
american;Blueberry butter
american;Cranberry sauce
american;Popcorn espresso macchiato balls
american;Sweet sticky spicy ribs with red onion salad
american;Crispy potato skins
american;Boston baked beans
american;Barbecue ribs
american;BBQ sauce
british;Pea and ham soup
british;Lamb fore shanks with English vegetables
british;Pumpkin soup 
british;Cauliflower cheese soup
british;Scottish cranachan 
british;Gooseberry fool
british;Sausage and mash
british;Baked salmon with parmesan and parsley crust
british;Peach posset
british;Vegan fried breakfast
british;Light smoked haddock fish pie
british;Mashed potato
british;Slow roast leg of lamb with herb rub
british;Roast leg of lamb with mint jus
british;Roast leg of lamb with rosemary and garlic
british;Grilled lamb steak with rosemary butter and chargrilled broccoli
british;Salted caramel millionaire’s shortbread
british;Bangers and sweet potato mash
british;Black Forest cranachan
british;Vegan shepherd’s pie 
british;Vegan carrot cake
british;Vegan Victoria sponge
british;Vegan lemon drizzle cake
british;Vegan nut loaf 
british;Vegan toad-in-the-hole with red onion gravy 
british;Vegan gravy
british;Vegan banana bread
british;Turkey crown and stuffing
british;Vegan Yorkshire puddings
british;Mushroom and ale pie
british;Vegan Wellington 
british;Beef and ale stew with horseradish dumplings
british;Garlic mashed potato with olive oil
british;Winter lamb hotpot
british;How to make fish pie
british;Half-a-pear crumble 
british;Bangers and mash
british;Braised red cabbage
british;Bubble and squeak
british;Cawl
british;Roast pork belly
british;Creamy parsnip and apple soup
british;Beef shin and oyster pie
british;Beef stew with dumplings
british;Easy cottage pie
british;Perfect roast potatoes
british;Roast pork shoulder
british;Mushroom and parsnip rösti pie
british;Tuscan beans on sourdough toast
british;Slow cooker vegetarian hotpot 
british;Vegetarian cottage pie
british;Mary Berry's roast turkey crown
british;Perfect Christmas turkey
british;Classic cranachan
british;Lighter cranachan
british;Rhubarb crumble and cream
british;Nigel Slater's apple crumble
british;Peppered fillet of beef with mustard, thyme and brandy sauce
british;Slow cooker chicken casserole
british;Apple crumble
british;Roast vegetable soup
british;Broccoli and Stilton soup 
british;Honey roast carrots
british;Watercress and pea soup
british;Roast butternut squash with cranberry relish and feta
british;Roast turkey crown
british;All-in-one turkey
british;Sausage, pumpkin and sage casserole
british;Swede mash
british;Lamb shanks with anchovy
british;Mary Berry's Christmas stuffing
british;Gluten-free Christmas stuffing 
british;Sussex pond pudding with apples 
british;Nigel Slater's Lancashire hotpot 
british;Scones
british;Parsley sauce
british;How to roast potatoes
british;Leek soup
british;Leek and potato soup
british;Pumpkin, chilli and coconut soup
british;Curried parsnip soup
british;Mary Berry's mulled wine
british;Roast ham
british;Boiled and baked ham
british;Christmas ham
british;Slow cooked gammon with mustard sauce
british;Honey-glazed gammon
british;Stuffed roast turkey breast 
british;Christmas red cabbage
british;Easy roast potatoes
british;Braised Savoy cabbage with bacon
british;Pigs in blankets
british;Creamy cauliflower cheese
british;Perfect cauliflower cheese with bacon
british;Roasted cauliflower cheese
british;Fillet steak with morel mushroom and wine sauce
british;Rabbit and pearl barley stew
british;Creamy mustard sprouts
british;Turkey pasta bake
british;Roast parsnips
british;Best roast potatoes
british;Beer-braised beef with creamy mash
british;Brussels sprouts with pancetta
british;Brussels sprouts slaw
british;Sprouts with crispy bacon
british;Sprouts with chestnuts and pancetta
british;Lamb stew with rosemary dumplings
british;Easy roast chicken with gravy
british;Perfect roast chicken dinner
british;Roast chicken with apple spelt
british;Roast goose
british;Roast turkey roll
british;The best cottage pie 
british;Cauliflower cheese
british;Sage, onion and sausage stuffing balls
british;Chestnut stuffing
british;Vegan mince pies
british;Great sausage casserole
british;Proper baked beans with soda bread toast
british;Tea loaf
british;Christmas carrots
british;Leftover turkey and potato pie
british;Spiced apple chutney
british;Devilled kidneys
british;Mackerel on toast with salted cucumber and horseradish
british;Grilled mackerel with new potatoes and salad
british;Jam roly-poly
british;Hearty chicken and chorizo soup
british;Braised steak with gravy
british;Scottish cranachan with a wee twist
british;Panhaggerty
british;Microwave jacket potatoes with various toppings
british;Broad bean and Little Gem salad
british;Sultana scones
british;Oxtail stew
british;Slow roasted lamb with minted Jersey Royals and mint sauce
british;Beef and ale stew
british;Sloe gin and blackberry jelly
british;Roast pork belly with apple bread sauce and rib gravy 
british;Slow-cooker sausage  casserole 
british;Homemade cranberry sauce
british;Gold millionaire's shortbread
british;Rabbit casserole
british;Roast rib of beef and bone marrow gravy with roast potatoes 
british;Nigella's mince pies
british;Sausagemeat stuffing
british;Traditional shortbread 
british;Sloe gin fizz
british;Christmas red cabbage
british;Roast loin of pork
british;Malt loaf
british;Paul Hollywood’s bloomer
british;Cottage pie with cheesy mash
british;Granola bars 
british;Easy sausage casserole
british;Baked beans with bubble and squeak hash browns
british;Cheap and cheerful chilli con carne
british;Proper apple pie
british;Apple and blackberry crumble
british;Paul's apple and blackberry crumble
british;Chocolate flapjacks
british;Roasted sausage and potato supper
british;Hidden vegetables shepherd’s pie
british;Quick shepherd’s pie
british;Flapjacks
british;How to make shortbread
british;Rice pudding with fresh strawberries
british;Paul’s mum’s jam tarts
british;Fresh pea, broad bean and ham hock salad
british;Roast beetroot
british;Beef casserole with horseradish and mustard
british;The Hairy Bikers' fish pie with cheese mash
british;Cottage pie
british;Mary Berry's cottage pie with dauphinoise potato 
british;Lighter cottage pie 
british;Nigel Slater's shepherd's pie with spiced parsnip mash
british;Beef stew and dumplings 
british;Veggie shepherd’s pie
british;Nigel Slater's all-in-one roast beef rib 
british;Pea and mint soup
british;Pea soup with pancetta
british;Apple charlotte
british;Goat-herd pie
british;Roast lamb with Madeira gravy
british;Easiest-ever banoffee pie
british;Potato salad
british;Cheese scones
british;Rhubarb crumble
british;Lardy cake
british;Summer berry cheesecake
british;Prawn cocktail with avocado 
british;Lemon-and-herb stuffed shoulder of lamb
british;Muesli
british;Old fashioned rabbit stew
british;Barnsley chops with Cumberland sauce
british;Somerset chicken
british;Ploughman's lunch salad
british;Lobster mac 'n' cheese
british;Lemon posset with lemon shortbread
british;Slow roast leg of lamb with chardonnay, rosemary, sage and bay
british;Cannon of lamb with celeriac potato cake 
british;Pot roast pheasant with sweetcorn mash
british;Mince and dumplings
british;Perfect roast pork belly with cabbage and bacon
british;Beef hotpot
british;Winter salad
british;Triple-crown roast of lamb with a jewelled fruit stuffing and minted red wine sauce
british;Greengrocers' hot pot 
british;Diggers
british;Cheese scone
british;Compost crumble
british;Sausage and bacon rustic hotpot
british;Spiced-up Barnsley chops 
british;Poached chicken with carrots, kale and mushrooms
british;Rhubarb fool with lemongrass
british;Smoked mackerel pate and cucumber sandwich
british;Lancashire hot pot
british;Pork tenderloin stuffed with apricots, apples and ginger
british;Venison casserole
british;Jerusalem artichoke soup with white truffle oil
british;Turkey gravy
british;Hot mustard pickle
british;Coarse country terrine
british;How to make Scotch broth
british;Autumn pudding
british;Fillet of beef Prince Albert
british;Venison with red cabbage slaw
british;Smoked mackerel pâté
british;Apple crumble with walnuts and sunflower seeds 
british;Frozen elderflower posset 
british;Cullen skink
british;Rice pudding
british;Smoked salmon and dill sandwich
british;Mini smoked salmon and dill cakes
british;Hot hounds with beer-and-mustard-barbied onions
british;Fish and chips
british;Sautéed caramelised fennel
british;Ginger-glazed carrots
british;Quick sausage casserole with Savoy cabbage pesto 
british;Liver and bacon with onions and gravy
british;Rolled roast loin of pork with homemade apple sauce
british;Piccalilli
british;Beef stew with fluffy dumplings
british;Basic buttercream icing
british;Easy summer pudding
british;Sloe gin
british;Shortbread
british;Delia's any kind of cheese sauce
british;Healthy plum crumble
british;Strawberry and almond crumble
british;Brandy (or rum) sauce
british;Mini beef Wellington tartlets
british;Baked apples
british;Potato wedges with rosemary
british;Crisp winter slaw
british;Spiced oat cookies
british;Perfect Welsh rarebit
british;Wild Scottish venison with port, figs and potato wedges
british;Low-fat chicken and mushroom pie
british;Fresh sardines on toast with sweet pickled red onion
british;How to cook venison
british;Slow-roasted pork belly with boulangère potatoes
british;Roast pheasant and bread sauce
british;Easy bread sauce
british;Mincemeat streusel
british;Tomato chutney
british;Mango chutney
british;Bonfire toffee 
british;Blackberry jelly
british;Fresh plum chutney
british;Lardy cake crown
british;Apple and Wensleydale pie
british;Lamb and kidney suet pudding with rosemary
british;Veggie crumble
british;My mother’s cheese and onion pie
british;Celery baked in vinaigrette with pancetta and shallots
british;Scotch broth
british;Fennel and mushroom tartlets
british;Stilton and toasted walnut balls
british;Roast chestnuts
british;Nutty toffee apples
british;Millionaire's shortbread
british;West country gratin 
british;Lemon cheesecake
british;Cheese and tomato chutney turnovers
british;Pork chops with celeriac mash and apple and ale gravy
british;Pork chops with apples and cider
british;Rice pudding with rhubarb compôte
british;Fresh mackerel with roasted rhubarb
british;Slow cooker chicken, ham and leek pie filling
british;Apple sauce
british;Real mint sauce
british;Oxtail soup
british;Roasted Jerusalem artichokes
british;Lamb, red wine and rosemary casserole
british;Brandy butter
british;Mincemeat
british;Bangers with herby mash and onion gravy
british;Tomato confit canapés
british;Grilled squid with lemon, garlic and cumin
british;Brandy snaps
british;Smoked salmon pâté
british;Roast belly of pork with root vegetables
british;Vegetarian haggis stuffed mushrooms
british;Medium-cut Seville orange marmalade
british;Pigeon breast with red wine gravy, roast leeks and wild mushrooms
british;Cream roasted swede soup
british;Fillet steaks stuffed with goats cheese
british;Honey flapjacks
caribbean;Rice and peas
caribbean;Sticky jerk chicken wings
caribbean;Jerk chicken thighs
caribbean;Jerk chicken and flatbreads
caribbean;Caribbean goat curry 
caribbean;Jerk pork with sweet potato mash
caribbean;Homestyle jerk chicken wings
caribbean;Saltfish and ackee with fried dumplings
caribbean;Jamaican rum truffles 
caribbean;Prawn, sweet potato and lime curry with chilli and black pepper roti bread
caribbean;Caribbean chicken and pumpkin curry
caribbean;Caribbean toastie cups with avocado, mango and mint
caribbean;Blackened salmon with salsa
chinese;Salt and pepper chicken
chinese;Chinese five-spice spare ribs
chinese;Asian-style sticky chicken
chinese;Easy beef stir-fry
chinese;Spiced skewered lamb
chinese;Quick orange and lemon chicken 
chinese;Healthy sweet and sour king prawn stir-fry
chinese;Sweet and sour chicken
chinese;Chinese plum chicken
chinese;Healthy sweet and sour chicken
chinese;Spicy tofu and edamame beans
chinese;Chilli hoisin pork and vegetable stir-fry
chinese;Chinese dumplings with mushrooms and butternut squash
chinese;Crispy chicken with braised aubergine
chinese;Tofu with 'oyster' sauce
chinese;Peking-style vegetable dumplings
chinese;Five-spice roast chicken drumsticks
chinese;Easy vegetable stir-fry
chinese;Stir-fried cabbage with garlic
chinese;Easy chow mein for kids
chinese;Chicken with black bean sauce
chinese;Slow cooker Chinese-style beef
chinese;Prawn balls
chinese;Red-cooked pork belly
chinese;Short rib bao burger and spicy cucumber salad
chinese;Radish and sesame soy noodle salad
chinese;Sichuan pepper beef stir-fry
chinese;Whisky and chilli tiger prawns 
chinese;Firecracker prawns with stir-fried greens
chinese;Beef stir-fry
chinese;Chilli chicken
chinese;Quick beef in oyster sauce
chinese;Black bean steamed scallops with noodles
chinese;Salt and pepper Sichuan prawns with soy chilli dipping sauce
chinese;Pickled cucumber
chinese;Oriental chicken salad
chinese;Sticky barbecue chicken wings and drumsticks
chinese;Sweet and tangy chilli beef
chinese;Fragrant pork and aubergines
chinese;Simple sweet and sour chicken
chinese;Duck pancakes with hoisin sauce
chinese;Steamed Cantonese-style fish
chinese;Slow cooker beef hotpot
chinese;Steamed chilli soy tofu
chinese;Sichuan-style sea bass with wok-fried vegetables
chinese;Stir-fried chilli chicken
chinese;Beef in oyster sauce
chinese;Chinese pork potsticker dumplings
chinese;Chicken stir-fried with pak choi
chinese;Sichuan orange beef
chinese;Langoustine and samphire stir fry
chinese;Steamed sea bass in hot beer and ginger lime sauce
chinese;Crispy duck with apricot and plum sauce
east_european;Creamy paprika chicken
east_european;Braised red cabbage with apples
east_european;Beef stroganoff
east_european;Bigos stew
east_european;Beef stroganoff with sautéed potatoes
east_european;Sausage and chorizo goulash
east_european;Aubergine and walnut caviar
east_european;Beef goulash soup (Gulyas leves)
east_european;Shashlik kebabs with sour cream dip and plum sauce
east_european;Latvian salad
east_european;Estonian lamb shanks
east_european;Walnut-crusted pork chops with figs
east_european;Pork fillet stroganoff
east_european;Chicken paprika
east_european;Beef stroganoff with matchstick potatoes
french;Pears poached in cardamom, cinnamon and chilli syrup with salted caramel sauce
french;Mary Berry's coq au vin 
french;Croque monsieur
french;Baked camembert 
french;Vegan French toast with berries 
french;Best beef bourguignon
french;Slow cooker coq au vin
french;Chicken chasseur
french;Tarte tatin
french;Mint chocolate cookies
french;Ratatouille
french;Roast chicken with forty cloves of garlic
french;Salad verte with croûtons
french;Creamy mushroom sauce
french;French onion soup
french;Vanilla and yoghurt panna cotta with pomegranate jelly
french;Pork chop “Maman Blanc” with sauté potatoes
french;Rack of lamb with potato dauphinoise
french;Béchamel sauce
french;Traditional puff pastry
french;Roasted chump of lamb with rustic ratatouille
french;Courgette gratin
french;Cheese sauce
french;Baguettes
french;Olive sourdough fougasse
french;Salmon and Puy lentils with parsley
french;Poulet sauté au vinaigre
french;French onion soup with cheese mustard croûtes
french;Pot roasted pheasant with cider and calvados
french;Chicken liver pâté
french;Boeuf en daube provençale
french;Tartiflette
french;Baked camembert with garlic bread
french;Confit duck leg with flageolet ragoût and celeriac mash
french;Tarte tatin with calvados cream
french;Cheese and potato nests
french;Our special cassoulet
french;Scallops beurre blanc
french;Coq au vin with crème fraîche mash
french;French onion soup with Gruyère toast
french;Plum and marzipan tarte tatin 
french;Chocolate truffles
french;Fresh herb fougasse 
french;Rib-eye steak with Stilton butter 
french;Coq au vin
french;Paul Hollywood's baguettes
french;Arlettes
french;Moules marinière with cream, garlic and parsley
french;How to make fish soup
french;Venison, chicken liver and Armagnac terrine
french;Lamb and flageolet bean stew
french;Vegetables with red pepper rouille 
french;Caponata ratatouille
french;James Martin's coq au vin
french;Grilled lettuce with goats' cheese
french;Red onion tarte tatin
french;Homemade chocolate truffles
french;Poached pears in Sauternes
greek;Neck of lamb with lemon and thyme
greek;Feta and greens filo triangles
greek;Vegetarian moussaka 
greek;Easy Greek salad
greek;Greek salad
greek;Pork souvlaki with oregano
greek;Stuffed vegetables
greek;Grilled aubergines with garlic, parsley and feta
greek;Souvlakia
greek;Gigantes with tomatoes and greens
greek;Kozani chicken with prunes, saffron and paprika
greek;Souvlakia with tzatziki
greek;Mediterranean-style lamb chops
greek;Mediterranean lamb chops
greek;Spinach, feta and pine nut salad
greek;Pan-fried chicken pie 
greek;Grilled lamb with feta and lemon
greek;Greek apricots
indian;Beef biryani
indian;Chana masala
indian;Lamb dhansak 
indian;Paneer with spinach
indian;Naan bread
indian;Quick fish curry
indian;Vegetable curry
indian;Cabbage with mustard seeds
indian;Mulligatawny soup
indian;Poha potatoes
indian;Baked aloo gobi with flatbreads
indian;Black dal
indian;Dry curry of cabbage, carrot and coconut (Thoran) 
indian;Butternut and sweet potato curry
indian;Vegan chickpea curry
indian;Lighter spinach and cherry tomato dal
indian;Aloo gobi and jeera rice
indian;Anardana chana (pomegranate and chickpea curry)
indian;Spinach, aubergine and chickpea curry
indian;Vegan potato cake with chickpea curry
indian;Potato and pea curry (aloo dum) 
indian;Vegan blackeye bean curry
indian;Nimki
indian;Spicy lentil soup (sambar)
indian;Easy chicken curry
indian;Southern Indian fried chicken
indian;Tandoori chicken skewers
indian;Okra curry
indian;Paneer jalfrezi
indian;Kidney bean curry (rajma) 
indian;Vegetable curry with quick naan breads
indian;Sweet potato and chickpea curry 
indian;Saag aloo with roasted gobi curry
indian;Masala sauce
indian;Easy vegetable curry
indian;Curried cauliflower with spinach
indian;Lamb curry with khooba roti 
indian;Chicken korma
indian;Creamy chicken korma
indian;Low-fat chicken tikka masala
indian;Baked chicken curry
indian;Cucumber and mint raita
indian;Roast chicken masala and potatoes
indian;King prawn coconut curry 
indian;Butter chicken curry and chapati
indian;Tandoori chicken skewers
indian;Easy tandoori chicken
indian;Stuffed paratha for kids
indian;Ajwain parathas 
indian;Punjabi chicken curry 
indian;Bangladeshi chicken korma 
indian;Tandoori chicken tikka 
indian;Fish curry
indian;Goat curry
indian;Spinach paneer
indian;Chicken dhansak
indian;Spinach and paneer wrap with mushrooms
indian;Whole tandoori chicken with coriander chutney
indian;Prawn saffron biryani
indian;Tandoori king prawns with butter sauce
indian;Indian fish curry
indian;Easy chicken korma
indian;Keralan chicken curry
indian;Mango lassi
indian;Southern Indian mixed vegetable curry (Avial)
indian;Bengal coconut dal
indian;Masala chicken with minted yoghurt sauce
indian;Indian chicken stew
indian;Easy chicken tikka masala
indian;Chicken tikka masala
indian;Vegetable pilau rice
indian;Simple chicken curry
indian;Goan lamb curry
indian;Masala dosa in a chapati
indian;Lemon rice
indian;Easy potato and pea samosas
indian;Bengali butternut squash with chickpeas
indian;Spinach and cheese samosas
indian;Tarka dal
indian;Spiced fish and proper chips with coriander chutney and curried peas
indian;Paneer and vegetable skewers
indian;Rogan josh
indian;Kashmiri biryani 
indian;Quick veggie korma
indian;Beef chilli flash-fry with yoghurt rice
indian;Madhur Jaffrey's chicken korma with almonds
indian;The Hairy Bikers' chicken korma
indian;Chicken with spinach
indian;Chicken jalfrezi
indian;Kheer
indian;Coconut prawn curry with cauliflower 'rice'
indian;Lamb madras with bombay potatoes
indian;Prawns with coconut, chillies and mustard seeds 
indian;Indian-spiced smoked mackerel
indian;The ultimate masala tea
indian;Quick chicken Madras
indian;Lamb bhuna with garlic naan
indian;Mango smoothie
indian;Pilau rice
indian;Fragrant pilau rice
indian;Chapatis
indian;Lamb and fenugreek dumpling stew
indian;Vegetable pakoras and coconut dal
indian;Pea kachori
indian;Chicken and rosewater biryani
indian;Gobi 65
indian;Tandoori lamb wrap
indian;Simple chicken and potato curry
indian;Bombay potatoes
indian;Tandoori chicken lollipop drumsticks with raita dip
indian;Pumpkin halwa
indian;Green chutney
indian;Lamb vindaloo
indian;British beef Raj curry
indian;Chicken and apricot curry with potato straws (sali murghi)
indian;Fennel seed drop-biscuits
indian;Creamy lentils and rice
indian;Kerala king prawn and coconut curry
indian;Aromatic beef curry
indian;Spiced cauliflower
indian;Gulab jamun
indian;Baked samosas
indian;Tarka dal with rice
indian;Slow cooker dal
indian;South Indian chicken curry
indian;Lamb and lentil curry
indian;Indian-spiced lamb shoulder with Bombay potatoes
indian;How to make curry paste
indian;How to make lamb curry
indian;Indian deep-fried soft-shell crab with lime pickle
indian;Chicken curry with basmati rice
indian;Garam masala
indian;Vegetable biryani 
indian;Tandoori-style chicken
indian;Pork vindaloo
indian;Paneer-stuffed peppers
indian;Ghoogra
indian;Spicy crab cakes
indian;Yoghurt-spiced chicken skewers
indian;Lamb kebabs
indian;Strawberry saffron dip (shrikhand)
indian;Lamb curry with basmati rice
irish;Paul Hollywood's soda bread
irish;Soda bread
irish;Irish coffee
irish;Irish beef stew
irish;Boxty with crisp streaky bacon and maple syrup
irish;Irish stew
irish;Stout bread
irish;Colcannon
irish;Potato soup
irish;Irish soda bread
irish;Champ
italian;How to make spaghetti Bolognese
italian;One pan saltimbocca alla Romana
italian;Lemon sorbet
italian;Rhubarb panna cotta with roasted rhubarb
italian;Prosciutto and pesto chicken thighs
italian;Spring minestrone soup with pesto
italian;Lamb cutlets with mint, chilli and golden potatoes
italian;Spaghetti puttanesca
italian;Really easy mushroom risotto
italian;Chicken and pea risotto
italian;Salmon, fennel and pea risotto
italian;One-step no-churn coffee ice cream
italian;Easy panzanella
italian;Paul Hollywood's focaccia
italian;Vegan lasagne 
italian;The best vegetable lasagne 
italian;Sardinian lamb with fennel
italian;Marinated beetroot
italian;Mushroom crostini
italian;Courgetti with vegan pesto 
italian;Curly kale (or cavolo nero) with rosemary and chilli
italian;Spaghetti with garlic and chilli
italian;Italian lentil soup
italian;Gluten-free minestrone
italian;Slow cooker minestrone
italian;Kids’ minestrone soup 
italian;Quick minestrone
italian;Homemade minestrone
italian;Minestrone
italian;Sea bass fillet with rosemary and lemon
italian;Aubergine parmigiana
italian;Chicken in lemon butter sauce
italian;Bolognese sauce
italian;Hearty wholewheat pasta with Brussels sprouts, cheese and potato
italian;Fennel sausages braised with lemony potatoes and bay leaves
italian;Puy lentil bolognese with pasta
italian;Penne with roasted vegetable and tomato sauce
italian;Nigel Slater's spaghetti bolognese
italian;Ragù alla bolognese
italian;San Marzano tomato pizza
italian;Gin and tonic granita
italian;Hunter's chicken
italian;Spaghetti and meatballs
italian;Slow cooker Bolognese
italian;Stuffed chicken breast
italian;How to make pizza
italian;Pizza dough
italian;Chicken Marsala
italian;Perfect panzanella
italian;Griddled lamb chops with inzimino
italian;Shortcut sausage meatballs
italian;Mary's aubergine pasta bake
italian;Chicken cacciatore with white bean mash
italian;Veggie pizza
italian;Chicken with cheese, prosciutto and roasted courgettes
italian;Pesto lemon chicken
italian;Easy chicken and pea risotto
italian;Mediterranean chicken with potatoes
italian;Panzanella
italian;Pasta with purple sprouting broccoli
italian;Chargrilled broccoli pasta with chilli and garlic
italian;Risotto primavera
italian;Courgette and lemon risotto
italian;Sea bream with a courgette salad with fresh mint and rocket
italian;Penne with courgette flowers
italian;Tuna pasta sauce 
italian;Fish stew
italian;Stromboli
italian;Piedmontese roast peppers
italian;Healthy pasta salad
italian;Panna cotta with pineapple and ginger salsa
italian;Caramelised onion, goats' cheese and Parma ham pizza
italian;Prosciutto, mozzarella and fig pizza
italian;'Nduja sausage and sheeps’ cheese pizza
italian;Roasted figs wrapped in Parma ham with blue cheese and rocket
italian;Chicken puttanesca with linguine
italian;Bolognese ragù with pappardelle 
italian;Easy pizza with Parma ham and mozzarella
italian;Skinny beef lasagne
italian;Calabrian pork ribs
italian;Stuffed aubergines
italian;One-layer lasagne
italian;Porchetta
italian;Pork loin with Parma ham and oregano
italian;Leftover turkey pasta with bacon, peas and cream
italian;Slow-cooked family stew with polenta
italian;Linguine with prawns and mussels
italian;Lamb with fresh peas (Agnello con piselli freschi)
italian;Ricotta pesto 
italian;Sardine beccafico
italian;Ciabatta
italian;Easter lamb with peas 
italian;Sardinian couscous with clams
italian;Squid and prawns with chilli and marjoram
italian;Rib ragù
italian;Iced berries with limoncello white chocolate sauce
italian;Italian roast chicken with peppers and olives
italian;Baby aubergines with oregano and red onions
italian;Tuscan fries
italian;Spicy beans on toast
italian;Pasta with almond, basil and pecorino pesto (pesto alla Trapanese)
italian;Chicken cacciatore
italian;Cherry tomato and mozzarella salad 
italian;Pork fillet with honey and ginger
italian;Braised beef in red wine
italian;Pearl barley with spinach and pork mince
italian;Alpine pizza
italian;Spaghetti with chilli and garlic
italian;Pearl barley, butternut squash and sage risotto
italian;Warm chocolate and amaretto pudding 
italian;Risotto alla Parmigiana
italian;Basic tomato and basil sauce for pasta
italian;Tom Kerridge’s butternut squash and sage risotto
italian;Smoky tomato sauce for pasta
italian;Penne with anchovy, broccoli, chilli and garlic
italian;Fillet of venison and wild mushroom sauce
italian;Grilled peach, burrata and basil salad with Dijon dressing
italian;Pumpkin risotto
italian;Bill's spicy sausage pasta
italian;Tomato ragù
italian;Cherry and ginger florentines
italian;Spaghetti with clams and chilli
italian;How to make pesto
italian;Christmas panna cotta
italian;Healthy mini pizzas
italian;Baked pasta shells filled with cheese
italian;Vanilla panna cotta
italian;Tomato, mozzarella and basil pizza
italian;Sun-dried tomato and olive bread
italian;Creamy salmon pasta bake
italian;Aubergine and mozzarella bake 
italian;Penne alla torrese
italian;Sausage and bean casserole
italian;Seafood risotto
italian;Pumpkin pasta with rosemary
italian;Bellini cocktail
italian;Quick tomato and basil tart
italian;Sausage casserole with beans
italian;Artichokes alla Romana
italian;Barbecued veal chops with fresh herbs and salmoriglio
japanese;Udon noodle soup
japanese;Tofu sushi bowl
japanese;Teriyaki chicken with leek and pepper stir-fry
japanese;Furikake fries 
japanese;Asian-inspired cod with stir fry 
japanese;Miso aubergine with noodles
japanese;Chicken yakitori
japanese;Salmon yakitori
japanese;Miso ramen soup with buckwheat noodles
japanese;Miso chicken with walnuts and grapes
japanese;Quick and easy sushi maki (sushi rolls)
japanese;Grilled aubergines with miso
japanese;Spring miso soup
korean;Korean-inspired turkey bowl
korean;Korean fried chicken
korean;Korean grilled beef short ribs (galbi gui)
mexican;Chilli con carne
mexican;Bean chilli with jackfruit
mexican;Easy chicken fajitas
mexican;Easy vegetarian quesadilla
mexican;Chicken and cheese quesadillas
mexican;Nachos
mexican;Chicken tacos
mexican;Chicken enchiladas
mexican;Smoky chicken quesadillas
mexican;Vegan nachos
mexican;Spiced slow-cooked mutton with Mexican chillies, puréed squash and sautéed chard
mexican;Spicy Mexican bean soup
mexican;Sweet potato and black bean burritos
mexican;Vegetarian burritos
mexican;Beef and bean burrito
mexican;Baked burrito
mexican;Mexican steak burrito
mexican;Bean and rice burrito
mexican;Turkey tortilla soup
mexican;Vegan chilli 
mexican;Pork taco
mexican;Easy veggie chilli 
mexican;Mexican tortilla baskets
mexican;Vegetarian chilli tacos
mexican;Vegetable chilli with tortilla chips
mexican;Vegetarian aubergine gorditas
mexican;Chipotle pork tacos
mexican;Homemade soft tacos with beef and black beans
mexican;Easy vegetarian tacos
mexican;Tortilla soup
mexican;Vegetarian fajitas 
mexican;Chicken fajitas
mexican;Chicken burritos
mexican;Steak fajitas
mexican;Tortilla towers
mexican;Fish tacos
mexican;Sardines in tortillas with spicy tomato sauce and refried beans
mexican;Corn tortilla
mexican;Beef chilli with bitter chocolate 
mexican;Lighter chilli con carne with cauliflower 'rice' 
mexican;Carne con chile
mexican;Hot red chilli sauce
mexican;Chicken mole poblano
mexican;Turkey enchiladas
mexican;Marinated ribs with tomatillo salsa, guacamole and tortilla chips
mexican;Quick beany enchiladas
mexican;Spicy black bean quesadilla
mexican;Real guacamole
mexican;Grilled vegetable wraps with salsa and guacamole
mexican;One pot chilli con carne 
mexican;Spicy chilli con carne with guacamole
mexican;Raw salsa
mexican;Hot chocolate
nordic;Salted caramel and apple rolls
nordic;Vegan cinnamon buns
nordic;Finnish split pea soup
nordic;Rye bread
nordic;Cardamom and lemon cookies
nordic;Jansson's frestelse (Jansson’s temptation)
nordic;Almond rice pudding and cherry compôte
nordic;Speculaas biscuits (traditional continental Christmas biscuits)
nordic;Codfish (klippfisk) soup
north_african;Moroccan grilled chicken
north_african;Slow-cooker lamb and sweet potato tagine
north_african;Moroccan vegetables with couscous
north_african;Moroccan-style chicken with couscous and yoghurt
north_african;Butternut squash tagine with couscous
north_african;Moroccan-style chicken casserole
north_african;Harissa spiced lamb with cannellini beans
north_african;Spiced vegetable tagine
north_african;Moroccan flatbread wraps with harissa
north_african;Lamb tagine with chickpeas
north_african;Easy chicken tagine
north_african;Marinated minty lamb kebabs
north_african;Chicken leg tagine with prunes, apricots and roasted almonds
north_african;Baklava bites
north_african;Chicken and lemon tagine with herby tabbouleh
north_african;Dukkah lamb cutlets with quinoa salad
north_african;Slow cooker chickpea tagine
north_african;Lamb, shallot and date tagine
north_african;Moroccan lamb tagine with lemon and pomegranate couscous
north_african;Chicken tagine
north_african;Spiced mutton stew with apricots
pakistani;Spicy naan bread
pakistani;Chana dal with tarka and tamarind 
pakistani;Lamb masala
pakistani;Saag gosht (lamb and spinach curry) with chapatis
pakistani;Mung dal saag
pakistani;Seekh kebabs and spicy chilli corn
pakistani;Pakistani chicken pulao
pakistani;Roti
pakistani;Chicken and spinach balti
pakistani;Vegetable pakoras
pakistani;Instant Punjabi-style pickle
pakistani;Crunchy palak paneer
portuguese;Piri-piri roast chicken
portuguese;Pork and clams
portuguese;Easy piri-piri chicken
portuguese;Piri-piri prawns and harissa couscous
portuguese;Caldo verde (Portuguese cabbage soup)
south_american;Quinoa salad with mint and mango
south_american;Feijoada 
south_american;Barbecued sirloin with chimichurri sauce
south_american;Salmon ceviche with fennel salad
spanish;Chicken and chorizo paella
spanish;Patatas bravas
spanish;Simple chorizo and bean stew
spanish;Chicken and chorizo stew
spanish;Chicken and chorizo casserole
spanish;Roast pork
spanish;Easy patatas bravas  
spanish;Pardina lentils with white wine, Serrano ham and pimentón
spanish;The Hairy Bikers' paella 
spanish;Chicken with rice (arroz con pollo)
spanish;Vegetarian paella
spanish;Spanish garlic prawns
spanish;Chorizo tapas
spanish;Chicken stew with cider and chorizo
spanish;Easy Spanish chicken 
spanish;Chickpea and chorizo stew
spanish;Spicy lamb albondigas (meatballs)
spanish;Garlic mushrooms with sherry vinegar
spanish;Tumbet
spanish;Chicken and chorizo rice
spanish;Lamb-stuffed aubergines with Moorish spices and Manchego cheese
spanish;Baked sea bream Rota-style
spanish;Prawns with garlic butter
spanish;Nigel Slater's gazpacho 
spanish;Chicken with chorizo and potatoes
spanish;Paella
spanish;Spanish tomato bread
spanish;Spicy chorizo penne pasta
spanish;Scallops and chorizo
spanish;Rustic Spanish bread (Pan Rustico)
spanish;Baked Spanish risotto
spanish;Roasted sea bass with chorizo, red onion and cherry tomatoes
spanish;Broad beans with jamon Ibérico
thai_and_south-east_asian;Prawn tom yum soup
thai_and_south-east_asian;Salmon traybake
thai_and_south-east_asian;Beef rendang 
thai_and_south-east_asian;Jungle chicken curry with rice
thai_and_south-east_asian;Vegetable Thai red curry
thai_and_south-east_asian;Thai steamed salmon
thai_and_south-east_asian;Bang bang turkey
thai_and_south-east_asian;Tofu mee goreng noodles 
thai_and_south-east_asian;Thai fish curry 
thai_and_south-east_asian;Beef rendang with herby rice 
thai_and_south-east_asian;Vegan Thai red curry
thai_and_south-east_asian;Nadiya's pad Thai
thai_and_south-east_asian;Slow cooker massaman curry
thai_and_south-east_asian;Slow cooker chicken pho
thai_and_south-east_asian;Tofu Thai green curry
thai_and_south-east_asian;Oriental vegetable kebabs with peanut dressing
thai_and_south-east_asian;Vegetable Thai curry
thai_and_south-east_asian;Malaysian-spiced noodles with tofu
thai_and_south-east_asian;Coconut and chocolate balls
thai_and_south-east_asian;Apple momos
thai_and_south-east_asian;Simple Thai noodle soup
thai_and_south-east_asian;Veggie Thai aubergine curry
thai_and_south-east_asian;Thai green curry
thai_and_south-east_asian;Thai chicken noodle salad
thai_and_south-east_asian;Thai green chicken curry
thai_and_south-east_asian;Chicken and aubergine massaman curry
thai_and_south-east_asian;Stir fry lime and coconut chicken
thai_and_south-east_asian;Chargrilled sea bass summer rolls with pineapple dipping sauce
thai_and_south-east_asian;Chicken satay
thai_and_south-east_asian;Slow cooker chicken curry
thai_and_south-east_asian;Ox cheek massaman curry
thai_and_south-east_asian;Coconut chilli chicken
thai_and_south-east_asian;Thai beef and mixed pepper stir-fry
thai_and_south-east_asian;Thai coconut-chilli prawns
thai_and_south-east_asian;How to make Thai green curry with prawns
thai_and_south-east_asian;Stir-fried chilli pork
thai_and_south-east_asian;Singapore noodles
thai_and_south-east_asian;Thai noodles with cinnamon and prawns
thai_and_south-east_asian;Asian-braised shin of beef with hot and sour shredded salad
thai_and_south-east_asian;Turkey salad with Chinese cabbage, beansprouts and Vietnamese mint
thai_and_south-east_asian;Soy and honey chicken with coconut brown rice
thai_and_south-east_asian;Chilli beef rendang
thai_and_south-east_asian;Coconut fish curry
thai_and_south-east_asian;Chilli and lemongrass chicken
thai_and_south-east_asian;Thai beef and mango salad
thai_and_south-east_asian;Tom yum soup
thai_and_south-east_asian;Thai pork kebabs
thai_and_south-east_asian;Thai-style fishcakes
thai_and_south-east_asian;Vietnamese-style crayfish and noodle salad
thai_and_south-east_asian;Hot and spicy Thai squid salad (Yam pra-muek)
thai_and_south-east_asian;Chicken Thai red curry
thai_and_south-east_asian;Nigel Slater's Thai green curry
thai_and_south-east_asian;Thai lamb salad with spicy dressing
thai_and_south-east_asian;Steamed sea bass with a rice noodle salad
thai_and_south-east_asian;Vietnamese beef and lettuce wraps
thai_and_south-east_asian;Vegetable pad Thai
thai_and_south-east_asian;Super satay chicken
thai_and_south-east_asian;Thai green prawn curry
thai_and_south-east_asian;Thai roast chicken
turkish_and_middle_eastern;Ras-el-hanout chicken wraps with a yoghurt sauce
turkish_and_middle_eastern;Healthy baked falafel
turkish_and_middle_eastern;Pomegranate and parsley tabbouleh
turkish_and_middle_eastern;Fattoush with crisp olive flatbread
turkish_and_middle_eastern;Lokanta stew
turkish_and_middle_eastern;Greens with giant couscous and tahini
turkish_and_middle_eastern;Vine-baked feta
turkish_and_middle_eastern;Homemade doner kebab
turkish_and_middle_eastern;Falafel burger 
turkish_and_middle_eastern;Simple baba ganoush
turkish_and_middle_eastern;Muhammara (red pepper dip)
turkish_and_middle_eastern;Sticky chicken and vegetable kebabs with couscous
turkish_and_middle_eastern;Baked potatoes with Middle Eastern beans and greens
turkish_and_middle_eastern;Lemon hummus 
turkish_and_middle_eastern;Lighter hummus with vegetable sticks
turkish_and_middle_eastern;Fattoush
turkish_and_middle_eastern;Oven-roasted chicken with sumac and pomegranate molasses
turkish_and_middle_eastern;Sticky lamb buns with pickled cucumber relish
turkish_and_middle_eastern;Turkish spiced chicken with flatbreads and green relish
turkish_and_middle_eastern;Quick hummus
turkish_and_middle_eastern;Maneesh
turkish_and_middle_eastern;Stuffed aubergine with feta and pomegranate
turkish_and_middle_eastern;Lebanese rice pudding
turkish_and_middle_eastern;Sucuk pide
turkish_and_middle_eastern;Mussel pilav
turkish_and_middle_eastern;Lamb doner
turkish_and_middle_eastern;Beef and aubergine fatteh 
turkish_and_middle_eastern;Butternut squash with Persian pistachio pesto, feta and pomegranate seeds
turkish_and_middle_eastern;Citrus spiced salmon
turkish_and_middle_eastern;Carrot and coriander falafel
turkish_and_middle_eastern;Mackerel kebabs
turkish_and_middle_eastern;Lebanese-spiced lamb flatbread
turkish_and_middle_eastern;Fesenjoon 
turkish_and_middle_eastern;Suriani home-style chicken curry (‘ishtu’)
turkish_and_middle_eastern;Middle Eastern lentils
turkish_and_middle_eastern;Za’atar cod with relish 
turkish_and_middle_eastern;Oven-cooked chicken shawarma
turkish_and_middle_eastern;Roasted red pepper hummus
turkish_and_middle_eastern;Muhallabi (almond milk pudding)
turkish_and_middle_eastern;Moroccan lamb tagine
turkish_and_middle_eastern;Parsley, tomato and bulgar wheat salad
turkish_and_middle_eastern;Warm, spiced oranges with labneh
turkish_and_middle_eastern;Tabbouleh
turkish_and_middle_eastern;Lemon and pomegranate couscous
turkish_and_middle_eastern;Spicy Middle Eastern kofte
turkish_and_middle_eastern;Turkish kofta kebabs with minted yoghurt and kohlrabi and carrot salad
turkish_and_middle_eastern;Rose and pistachio Turkish delight
