african;Red-red stew with spiced plantain
american;Avocado salad
american;Lobster thermidor
american;Scrambled eggs with spinach and kale
american;Chocolate bark
american;Cream cheese frosting
american;Mary Berry's cranberry sauce
american;Slow-cooker apple-glazed ribs
american;Barbecue baby back ribs with celeriac slaw
american;Curry and lime spiced popcorn
american;Gluten-free American buttermilk pancakes
american;Easy toffee apples
american;New York chicken and apple salad
american;Buffalo wings
american;Clementine and almond cake
american;Spicy beef burger
american;Blueberry butter
american;Cranberry sauce
american;Crispy potato skins
british;Gooseberry and elderflower custard
british;Gooseberry fool
british;Peach posset
british;Real proper custard
british;Mashed potato
british;Slow roast leg of lamb with herb rub
british;Roast leg of lamb with rosemary and garlic
british;Grilled lamb steak with rosemary butter and chargrilled broccoli
british;Garlic mashed potato with olive oil
british;Braised red cabbage
british;Bubble and squeak
british;Cawl
british;Creamy parsnip and apple soup
british;Perfect roast potatoes
british;Roast pork shoulder
british;Vegetarian cottage pie
british;Perfect Christmas turkey
british;Lighter cranachan
british;Peppered fillet of beef with mustard, thyme and brandy sauce
british;Roast vegetable soup
british;Honey roast carrots
british;Watercress and pea soup
british;Roast butternut squash with cranberry relish and feta
british;Roast turkey crown
british;Swede mash
british;Lamb shanks with anchovy
british;Gluten-free Christmas stuffing 
british;How to roast potatoes
british;Leek soup
british;Leek and potato soup
british;Tomato soup
british;Pumpkin, chilli and coconut soup
british;Curried parsnip soup
british;Mary Berry's mulled wine
british;Roast ham
british;Boiled and baked ham
british;Christmas ham
british;Slow cooked gammon with mustard sauce
british;Christmas red cabbage
british;Easy roast potatoes
british;Braised Savoy cabbage with bacon
british;Pigs in blankets
british;Creamy cauliflower cheese
british;Fillet steak with morel mushroom and wine sauce
british;Roast parsnips
british;Best roast potatoes
british;Brussels sprouts with pancetta
british;Brussels sprouts slaw
british;Fakeaway fish and chips with mushy peas
british;Sprouts with crispy bacon
british;Sprouts with chestnuts and pancetta
british;Christmas carrots
british;Panhaggerty
british;Microwave jacket potatoes with various toppings
british;Gluten-free lemon drizzle cake
british;Gluten-free Victoria sponge cake 
british;Gammon with double egg and oven chips
british;Sloe gin and blackberry jelly
british;Rabbit casserole
british;Sloe gin fizz
british;Christmas red cabbage
british;Prawn cocktail with Marie Rose sauce
british;Eton mess ice cream sundae
british;Fish cakes
british;Really good kedgeree
british;Fresh pea, broad bean and ham hock salad
british;Roast beetroot
british;Cottage pie
british;Easy Eton mess
british;Nigel Slater's all-in-one roast beef rib 
british;Pea and mint soup
british;Pea soup with pancetta
british;Gluten-free sticky toffee pudding
british;Slow roast leg of lamb with chardonnay, rosemary, sage and bay
british;Turkey and ham pie
british;Pot roast pheasant with sweetcorn mash
british;Perfect roast pork belly with cabbage and bacon
british;Fried bacon with poached egg and tomatoes
british;Totally tropical Eton mess
british;Greengrocers' hot pot 
british;Baked plums with mascarpone
british;Real vanilla ice cream
british;Chocolate olive oil cake
british;Spiced-up Barnsley chops 
british;Poached chicken with carrots, kale and mushrooms
british;Coarse country terrine
british;Venison with red cabbage slaw
british;Cullen skink
british;Rice pudding
british;Sautéed caramelised fennel
british;Ginger-glazed carrots
british;Rolled roast loin of pork with homemade apple sauce
british;How to make Coronation chicken
british;Sloe gin
british;Super-rich chocolate ice cream
british;Baked apples
british;Potato wedges with rosemary
british;Crisp winter slaw
british;Wild Scottish venison with port, figs and potato wedges
british;Slow-roasted pork belly with boulangère potatoes
british;Tomato chutney
british;Bonfire toffee 
british;Blackberry jelly
british;Rhubarb fool
british;Fresh plum chutney
british;Celery baked in vinaigrette with pancetta and shallots
british;Stilton and toasted walnut balls
british;Roast chestnuts
british;Nutty toffee apples
british;Classic summer berry sorbet
british;Champagne jelly
british;Kedgeree
british;Apple sauce
british;Real mint sauce
british;Grilled squid with lemon, garlic and cumin
british;Raspberry ripple ice cream
british;Roast belly of pork with root vegetables
british;Medium-cut Seville orange marmalade
british;Fillet steaks stuffed with goats cheese
british;Gooseberry snow
caribbean;Rice and peas
caribbean;Sticky jerk chicken wings
caribbean;Jamaican rum truffles 
chinese;Salt and pepper chicken
chinese;Easy beef stir-fry
chinese;Healthy sweet and sour king prawn stir-fry
chinese;Vegetarian egg fried rice
chinese;Stir-fried cabbage with garlic
chinese;Chicken with black bean sauce
chinese;Whisky and chilli tiger prawns 
chinese;Pickled cucumber
chinese;Special fried rice
chinese;Roast crispy pork belly with egg fried rice
east_european;Creamy paprika chicken
east_european;Braised red cabbage with apples
east_european;Aubergine and walnut caviar
east_european;Simple layered salad
east_european;Pork fillet stroganoff
east_european;Beef stroganoff with matchstick potatoes
french;Cappuccino crème brûlées
french;Pears poached in cardamom, cinnamon and chilli syrup with salted caramel sauce
french;Chocolate and raspberry crème brûlée
french;Ratatouille
french;Coconut macaroons
french;Creamy mushroom sauce
french;Floating islands (Îles flottantes)
french;Vanilla and yoghurt panna cotta with pomegranate jelly
french;Anchovy salade Niçoise
french;Rack of lamb with potato dauphinoise
french;Kids' easy omelette
french;Apple, rocket and feta buckwheat galettes
french;Roasted chump of lamb with rustic ratatouille
french;Pot roasted pheasant with cider and calvados
french;Light raspberry mousse
french;Boeuf en daube provençale
french;Tartiflette
french;Confit duck leg with flageolet ragoût and celeriac mash
french;Spring lamb stew
french;Eggs in pots (oeufs en cocotte)
french;Cheese and potato nests
french;Chicken fricassée 
french;Scallops beurre blanc
french;Salade Niçoise
french;Quick tartare sauce
french;Coq au vin with crème fraîche mash
french;Raymond Blanc's chocolate mousse
french;Grilled salmon Niçoise
french;Original crème brûlée
french;Chocolate truffles
french;Marjolaine
french;How to make crème brûlée
french;How to make fish soup
french;Venison, chicken liver and Armagnac terrine
french;Vegetables with red pepper rouille 
french;Coffee crème caramels
french;James Martin's coq au vin
french;Hollandaise sauce
french;Grilled lettuce with goats' cheese
french;Homemade chocolate truffles
french;Orange caramel custard
french;Poached pears in Sauternes
french;Béarnaise sauce
greek;Vegetarian moussaka 
greek;Easy Greek salad
greek;Pork souvlaki with oregano
greek;Stuffed vegetables
greek;Grilled aubergines with garlic, parsley and feta
greek;Red lentil and aubergine moussaka
greek;Gigantes with tomatoes and greens
greek;Kozani chicken with prunes, saffron and paprika
greek;Mediterranean-style lamb chops
greek;Mediterranean lamb chops
greek;Spinach, feta and pine nut salad
greek;Grilled lamb with feta and lemon
greek;Greek apricots
indian;Chana masala
indian;Carrot and parsnip bhajis with coriander and chilli chutney
indian;Paneer with spinach
indian;Quick fish curry
indian;Vegetable curry
indian;Cabbage with mustard seeds
indian;Poha potatoes
indian;Black dal
indian;Dry curry of cabbage, carrot and coconut (Thoran) 
indian;Butternut and sweet potato curry
indian;Aloo gobi and jeera rice
indian;Anardana chana (pomegranate and chickpea curry)
indian;Spinach, aubergine and chickpea curry
indian;Potato and pea curry (aloo dum) 
indian;Vegan blackeye bean curry
indian;Spicy lentil soup (sambar)
indian;Okra curry
indian;Whole eggs in coconut masala (egg molee)
indian;Paneer jalfrezi
indian;Kidney bean curry (rajma) 
indian;Sweet potato and chickpea curry 
indian;Saag aloo with roasted gobi curry
indian;Curried cauliflower with spinach
indian;Creamy chicken korma
indian;Goan pulled pork 
indian;Cucumber and mint raita
indian;Tandoori chicken skewers
indian;Bangladeshi chicken korma 
indian;Spinach paneer
indian;Whole tandoori chicken with coriander chutney
indian;Prawn saffron biryani
indian;Tandoori king prawns with butter sauce
indian;Indian fish curry
indian;Keralan chicken curry
indian;Mango lassi
indian;Southern Indian mixed vegetable curry (Avial)
indian;Bengal coconut dal
indian;Masala chicken with minted yoghurt sauce
indian;Vegetable pilau rice
indian;Simple chicken curry
indian;Goan lamb curry
indian;Lemon rice
indian;Tarka dal
indian;Paneer and vegetable skewers
indian;Kashmiri biryani 
indian;Quick veggie korma
indian;Quick chicken biryani
indian;Beef chilli flash-fry with yoghurt rice
indian;Chicken with spinach
indian;Kheer
indian;Chickpea, spinach and egg curry
indian;Coconut prawn curry with cauliflower 'rice'
indian;Lamb madras with bombay potatoes
indian;Prawns with coconut, chillies and mustard seeds 
indian;Indian-spiced smoked mackerel
indian;The ultimate masala tea
indian;Mango smoothie
indian;Chicken and rosewater biryani
indian;Simple chicken and potato curry
indian;Bombay potatoes
indian;Tandoori chicken lollipop drumsticks with raita dip
indian;Pumpkin halwa
indian;Green chutney
indian;Creamy lentils and rice
indian;Aromatic beef curry
indian;Spiced cauliflower
indian;Tarka dal with rice
indian;Low-fat chicken curry
indian;South Indian chicken curry
indian;Indian-spiced lamb shoulder with Bombay potatoes
indian;How to make curry paste
indian;Indian deep-fried soft-shell crab with lime pickle
indian;Garam masala
indian;Tandoori-style chicken
indian;Yoghurt-spiced chicken skewers
indian;Lamb kebabs
indian;Strawberry saffron dip (shrikhand)
irish;Irish coffee
irish;Colcannon
irish;Potato soup
irish;Homemade Irish cream
irish;Champ
italian;New potato, spinach and goats’ cheese frittata
italian;Lemon sorbet
italian;Rhubarb panna cotta with roasted rhubarb
italian;Gluten-free almond biscuits
italian;Prosciutto and pesto chicken thighs
italian;Lamb cutlets with mint, chilli and golden potatoes
italian;Really easy mushroom risotto
italian;Chicken and pea risotto
italian;Marinated beetroot
italian;Courgetti with vegan pesto 
italian;Curly kale (or cavolo nero) with rosemary and chilli
italian;Gluten-free minestrone
italian;Sea bass fillet with rosemary and lemon
italian;Aubergine parmigiana
italian;Bolognese sauce
italian;Gluten-free cheesecake
italian;Smoked salmon, pea and broccoli frittata with homemade chips
italian;Griddled lamb chops with inzimino
italian;Courgette and lemon risotto
italian;Sea bream with a courgette salad with fresh mint and rocket
italian;Courgette and mint frittata
italian;Gluten-free chocolate cake
italian;Piedmontese roast peppers
italian;Panna cotta with pineapple and ginger salsa
italian;Roasted figs wrapped in Parma ham with blue cheese and rocket
italian;Oven-baked risotto carbonara
italian;Amaretti biscuits
italian;Calabrian pork ribs
italian;Sicilian fish with sweet potato chips
italian;Pork loin with Parma ham and oregano
italian;Easter lamb with peas 
italian;Squid and prawns with chilli and marjoram
italian;Iced berries with limoncello white chocolate sauce
italian;Italian roast chicken with peppers and olives
italian;Baby aubergines with oregano and red onions
italian;Chicken cacciatore
italian;Cherry tomato and mozzarella salad 
italian;Braised beef in red wine
italian;Orange rice cake
italian;Sweet pepper frittata
italian;Basic tomato and basil sauce for pasta
italian;Gluten-free Venetian carrot cake
italian;Fillet of venison and wild mushroom sauce
italian;Pumpkin risotto
italian;Tomato ragù
italian;How to make pesto
italian;Christmas panna cotta
italian;Italian broccoli and egg salad
italian;Aubergine and mozzarella bake 
italian;Seafood risotto
italian;Stuffed baby peppers
italian;Bellini cocktail
italian;Semifreddo al torroncino (homemade nougat ice cream)
italian;Artichokes alla Romana
italian;Barbecued veal chops with fresh herbs and salmoriglio
japanese;Miso aubergine with noodles
japanese;Miso ramen soup with buckwheat noodles
japanese;Miso chicken with walnuts and grapes
mexican;Bean chilli with jackfruit
mexican;Spiced slow-cooked mutton with Mexican chillies, puréed squash and sautéed chard
mexican;Mexican fish with refried beans
mexican;Corn tortilla
mexican;Beef chilli with bitter chocolate 
mexican;Lighter chilli con carne with cauliflower 'rice' 
mexican;Hot red chilli sauce
mexican;Real guacamole
mexican;Spicy chilli con carne with guacamole
mexican;Raw salsa
mexican;Hot chocolate
nordic;Codfish (klippfisk) soup
north_african;Moroccan grilled chicken
north_african;Moroccan-style chicken casserole
north_african;Spiced vegetable tagine
north_african;Shakshuka
north_african;Pistachio and rose ice cream
north_african;Dukkah lamb cutlets with quinoa salad
north_african;Chicken tagine
north_african;Spiced mutton stew with apricots
pakistani;Chana dal with tarka and tamarind 
pakistani;Mung dal saag
pakistani;Seekh kebabs and spicy chilli corn
pakistani;Pakistani chicken pulao
pakistani;Instant Punjabi-style pickle
pakistani;Meatball curry
portuguese;Pork and clams
portuguese;Easy piri-piri chicken
south_american;Quinoa salad with mint and mango
south_american;Barbecued sirloin with chimichurri sauce
south_american;Salmon ceviche with fennel salad
spanish;Patatas bravas
spanish;Spanish omelette
spanish;Lunchbox chorizo frittata
spanish;Easy patatas bravas  
spanish;Vegetarian paella
spanish;Spanish garlic prawns
spanish;Spanish tortilla 
spanish;Gazpacho Hispaniola
spanish;Garlic mushrooms with sherry vinegar
spanish;Tumbet
spanish;Lamb-stuffed aubergines with Moorish spices and Manchego cheese
spanish;Baked sea bream Rota-style
spanish;Prawns with garlic butter
spanish;Arroz verde
spanish;Paella
spanish;Spanish-style tortilla
spanish;Broad beans with jamon Ibérico
thai_and_south-east_asian;Salmon traybake
thai_and_south-east_asian;Thai steamed salmon
thai_and_south-east_asian;Beef rendang with herby rice 
thai_and_south-east_asian;Vegan Thai red curry
thai_and_south-east_asian;Chicken pad Thai
thai_and_south-east_asian;Nadiya's pad Thai
thai_and_south-east_asian;Simple Thai noodle soup
thai_and_south-east_asian;Thai green chicken curry
thai_and_south-east_asian;Chicken and aubergine massaman curry
thai_and_south-east_asian;How to make Thai green curry with prawns
thai_and_south-east_asian;Nice and spicy Thai minced chicken salad (Larb Gai)
thai_and_south-east_asian;Turkey salad with Chinese cabbage, beansprouts and Vietnamese mint
thai_and_south-east_asian;Chilli beef rendang
thai_and_south-east_asian;Vietnamese-style crayfish and noodle salad
thai_and_south-east_asian;Chicken Thai red curry
thai_and_south-east_asian;Nigel Slater's Thai green curry
thai_and_south-east_asian;How to make Thai green curry paste
thai_and_south-east_asian;Thai green prawn curry
thai_and_south-east_asian;Thai roast chicken
turkish_and_middle_eastern;Lokanta stew
turkish_and_middle_eastern;Vine-baked feta
turkish_and_middle_eastern;Lemon hummus 
turkish_and_middle_eastern;Cumin and yoghurt chicken with cucumber and dill salad
turkish_and_middle_eastern;Lighter hummus with vegetable sticks
turkish_and_middle_eastern;Oven-roasted chicken with sumac and pomegranate molasses
turkish_and_middle_eastern;Baba ganoush
turkish_and_middle_eastern;Stuffed aubergine with feta and pomegranate
turkish_and_middle_eastern;Lebanese rice pudding
turkish_and_middle_eastern;Butternut squash with Persian pistachio pesto, feta and pomegranate seeds
turkish_and_middle_eastern;Citrus spiced salmon
turkish_and_middle_eastern;Mackerel kebabs
turkish_and_middle_eastern;Fesenjoon 
turkish_and_middle_eastern;Apricot almond cake with rosewater and cardamom
turkish_and_middle_eastern;Roasted red pepper hummus
turkish_and_middle_eastern;Smoked aubergines with garlic (mirza ghasemi)
turkish_and_middle_eastern;Spicy Middle Eastern kofte
turkish_and_middle_eastern;Turkish kofta kebabs with minted yoghurt and kohlrabi and carrot salad
turkish_and_middle_eastern;Rose and pistachio Turkish delight
