american;New York chicken and apple salad
british;Fried bacon with poached egg and tomatoes
french;Salmon and Puy lentils with parsley
greek;Greek salad
greek;Spinach, feta and pine nut salad
indian;Chicken dhansak
indian;Chickpea, spinach and egg curry
indian;Coconut prawn curry with cauliflower 'rice'
italian;Penne with peas and beans
italian;Bacon and mushroom frittata
japanese;Asian-inspired cod with stir fry 
north_african;Moroccan vegetables with couscous
spanish;Easy Spanish chicken 
spanish;Chickpea and chorizo stew
thai_and_south-east_asian;Thai beef and mixed pepper stir-fry
turkish_and_middle_eastern;Lamb skewers with Turkish salad
turkish_and_middle_eastern;Warm, spiced oranges with labneh
