african;Jollof rice with chicken 
american;Fluffy American pancakes
american;Vegan fluffy American pancakes 
american;Vegan chocolate chip cookies
american;Vegan vanilla cupcakes 
american;Macaroni cheese
american;Scrambled eggs with spinach and kale
american;Southern "fried" chicken
american;Curry and lime spiced popcorn
american;Healthy banana muffins
american;Blueberry muffins
american;Pulled pork with spicy coleslaw
american;Banana muffins
american;Banana bread
american;New York chicken and apple salad
american;Popcorn bars
american;Thick smoked-haddock chowder
american;BBQ chicken with coleslaw
british;Pea and ham soup
british;Lemon drizzle traybake
british;Pancakes
british;Gremolata fish with tartare sauce
british;Shepherd's pie
british;Mary Berry's perfect Victoria sandwich
british;Pork, lentil and veg sausage rolls
british;Vegan fried breakfast
british;Real proper custard
british;Light smoked haddock fish pie
british;Slow roast leg of lamb with herb rub
british;Yorkshire pudding 
british;Bangers and sweet potato mash
british;Vegan shepherd’s pie 
british;Vegan toad-in-the-hole with red onion gravy 
british;Vegan gravy
british;Vegan banana bread
british;Mushroom and ale pie
british;Vegan Wellington 
british;How to make fish pie
british;Creamy parsnip and apple soup
british;Perfect roast potatoes
british;Tuscan beans on sourdough toast
british;Slow cooker vegetarian hotpot 
british;Mary Berry's roast turkey crown
british;Apple crumble
british;Scones
british;Leek and potato soup
british;Rock cakes
british;Pumpkin, chilli and coconut soup
british;Honey-glazed gammon
british;Beer-braised beef with creamy mash
british;Fakeaway fish and chips with mushy peas
british;Roast chicken with apple spelt
british;The best cottage pie 
british;Great sausage casserole
british;Low-fat beef and potato pies
british;Hidden vegetables shepherd’s pie
british;Flapjacks
british;Cottage pie
british;Lighter cottage pie 
british;Nigel Slater's shepherd's pie with spiced parsnip mash
british;Veggie shepherd’s pie
british;Eton mess
british;Pea soup with pancetta
british;Potato salad
british;Cheese scones
british;Rhubarb crumble
british;Mary's sticky toffee pudding
british;Classic Welsh cakes
british;Hot cross buns
british;Bread and butter pudding
british;Prawn cocktail with avocado 
british;Ploughman's lunch salad
british;Winter salad
british;Fried bacon with poached egg and tomatoes
british;Greengrocers' hot pot 
british;Venison with red cabbage slaw
british;Homemade fish fingers
british;Mini beef Wellington tartlets
british;Baked apples
british;Spiced oat cookies
caribbean;Jerk pork with sweet potato mash
caribbean;Caribbean toastie cups with avocado, mango and mint
caribbean;Blackened salmon with salsa
chinese;Easy beef stir-fry
chinese;Chicken and cashew noodle stir-fry
chinese;Sweet and sour chicken
chinese;Easy chicken chow mein
chinese;Chinese plum chicken
chinese;Healthy sweet and sour chicken
chinese;Spicy tofu and edamame beans
chinese;Easy vegetable stir-fry
chinese;Hoisin salmon with broccoli and noodles 
chinese;Lighter stir-fried beef with broccoli and sweetcorn
chinese;Lighter egg fried rice 
chinese;Firecracker prawns with stir-fried greens
chinese;Oriental chicken salad
chinese;Steamed ginger fish served with egg-fried rice
chinese;Steamed Cantonese-style fish
chinese;Slow cooker beef hotpot
chinese;Spicy pork, rice and greens
east_european;Beef stroganoff
east_european;Aubergine and walnut caviar
french;Vegan French toast with berries 
french;Best beef bourguignon
french;Quiche Lorraine
french;Ratatouille
french;Anchovy salade Niçoise
french;Béchamel sauce
french;Cheese and ham omelette
french;Apple, rocket and feta buckwheat galettes
french;Cheese sauce
french;Salmon and Puy lentils with parsley
french;Grilled salmon Niçoise
french;Lamb and flageolet bean stew
french;Vegetables with red pepper rouille 
french;Caponata ratatouille
greek;Feta and greens filo triangles
greek;Vegetarian moussaka 
greek;Moussaka
greek;Stuffed vegetables
greek;Mediterranean-style lamb chops
greek;Spinach, feta and pine nut salad
indian;Beef biryani
indian;Naan bread
indian;Vegetable curry
indian;Mulligatawny soup
indian;Dry curry of cabbage, carrot and coconut (Thoran) 
indian;Vegan chickpea curry
indian;Lighter spinach and cherry tomato dal
indian;Spinach, aubergine and chickpea curry
indian;Potato and pea curry (aloo dum) 
indian;Vegan blackeye bean curry
indian;Spicy lentil soup (sambar)
indian;Easy chicken curry
indian;Dal with quick naan breads
indian;Paneer jalfrezi
indian;Kidney bean curry (rajma) 
indian;Sweet potato and chickpea curry 
indian;Saag aloo with roasted gobi curry
indian;Low-fat chicken tikka masala
indian;Roast chicken masala and potatoes
indian;Chicken dhansak
indian;Easy chicken korma
indian;Chicken tikka masala
indian;Tarka dal
indian;Chicken with spinach
indian;Chicken jalfrezi
indian;Chickpea, spinach and egg curry
indian;Coconut prawn curry with cauliflower 'rice'
indian;Indian-spiced smoked mackerel
indian;Quick chicken Madras
indian;Pea kachori
indian;Simple chicken and potato curry
indian;Spiced cauliflower
indian;Baked samosas
indian;Tarka dal with rice
indian;Slow cooker dal
indian;Low-fat chicken curry
indian;Lamb and lentil curry
irish;Irish beef stew
irish;Irish soda bread
italian;New potato, spinach and goats’ cheese frittata
italian;Spring minestrone soup with pesto
italian;Pasta primavera
italian;Sardine and kale spaghetti
italian;Spaghetti puttanesca
italian;Really easy mushroom risotto
italian;Vegan lasagne 
italian;The best vegetable lasagne 
italian;Courgetti with vegan pesto 
italian;Easy spaghetti Bolognese
italian;Gluten-free minestrone
italian;Slow cooker minestrone
italian;Healthy minestrone soup
italian;Smoked salmon, pea and broccoli frittata with homemade chips
italian;Puy lentil bolognese with pasta
italian;Broccoli and anchovy pasta
italian;One pot chorizo and pepper spaghetti
italian;Penne with roasted vegetable and tomato sauce
italian;Mary Berry’s lasagne
italian;How to make pizza
italian;Pesto lemon chicken
italian;Baked meatballs with hidden veggies
italian;Lighter carbonara 
italian;Veggie puttanesca
italian;Penne with peas and beans
italian;Courgette and lemon risotto
italian;Sea bream with a courgette salad with fresh mint and rocket
italian;Courgette and mint frittata
italian;Piedmontese roast peppers
italian;Healthy pasta salad
italian;Quick pepperoni pizza
italian;Meatballs with tomato sauce
italian;Easy pizza with Parma ham and mozzarella
italian;Skinny beef lasagne
italian;One-layer lasagne
italian;Sicilian fish with sweet potato chips
italian;Baby aubergines with oregano and red onions
italian;Spaghetti Bolognese with hidden veggies
italian;Spaghetti with kale, anchovies and chilli
italian;Cherry tomato and mozzarella salad 
italian;Basic tomato and basil sauce for pasta
italian;Smoky tomato sauce for pasta
italian;Artichoke pasta
italian;Penne with anchovy, broccoli, chilli and garlic
italian;Tagliatelle with cavolo nero, chickpeas and pecorino
italian;Italian broccoli and egg salad
italian;Healthy mini pizzas
japanese;Chicken noodle miso soup
japanese;Tofu sushi bowl
japanese;Teriyaki chicken with leek and pepper stir-fry
japanese;Asian-inspired cod with stir fry 
japanese;Miso aubergine with noodles
japanese;Miso ramen soup with buckwheat noodles
japanese;Simple miso, tofu and mushroom ramen
japanese;Teriyaki salmon
mexican;Chilli con carne
mexican;Bean chilli with jackfruit
mexican;Chicken tacos
mexican;Smoky chicken quesadillas
mexican;Spiced slow-cooked mutton with Mexican chillies, puréed squash and sautéed chard
mexican;Spicy Mexican bean soup
mexican;Sweet potato and black bean burritos
mexican;Beef and bean burrito
mexican;Bean and rice burrito
mexican;Vegan chilli 
mexican;Pork taco
mexican;Easy veggie chilli 
mexican;Mexican tortilla baskets
mexican;Chicken fajitas
mexican;Steak fajitas
mexican;Lighter chilli con carne with cauliflower 'rice' 
mexican;Turkey enchiladas
mexican;Quick beany enchiladas
mexican;Real guacamole
mexican;Grilled vegetable wraps with salsa and guacamole
mexican;Spicy chilli con carne with guacamole
north_african;Moroccan fish stew
north_african;Slow-cooker lamb and sweet potato tagine
north_african;Moroccan vegetables with couscous
north_african;Shakshuka traybake
north_african;Spiced vegetable tagine
north_african;Shakshuka
north_african;Marinated minty lamb kebabs
north_african;Moroccan baked eggs
north_african;Chicken leg tagine with prunes, apricots and roasted almonds
north_african;Slow cooker chickpea tagine
north_african;Spiced North African-style eggs with homemade flatbreads
pakistani;Meatball curry
south_american;Quinoa salad with mint and mango
spanish;Spanish omelette
spanish;Lunchbox chorizo frittata
spanish;Simple chorizo and bean stew
spanish;Easy Spanish chicken 
spanish;Chickpea and chorizo stew
spanish;Paella
spanish;Spanish tomato bread
spanish;Catalan fish stew
thai_and_south-east_asian;Chicken satay noodles
thai_and_south-east_asian;Thai steamed salmon
thai_and_south-east_asian;Tofu mee goreng noodles 
thai_and_south-east_asian;Thai fish curry 
thai_and_south-east_asian;Vegan Thai red curry
thai_and_south-east_asian;Pad Thai
thai_and_south-east_asian;Slow cooker chicken pho
thai_and_south-east_asian;Tofu Thai green curry
thai_and_south-east_asian;Malaysian-spiced noodles with tofu
thai_and_south-east_asian;Rainbow noodles
thai_and_south-east_asian;Thai green chicken curry
thai_and_south-east_asian;Chicken and aubergine massaman curry
thai_and_south-east_asian;Stir fry lime and coconut chicken
thai_and_south-east_asian;Thai beef and mixed pepper stir-fry
thai_and_south-east_asian;Nice and spicy Thai minced chicken salad (Larb Gai)
thai_and_south-east_asian;Soy and honey chicken with coconut brown rice
thai_and_south-east_asian;Thai beef and mango salad
thai_and_south-east_asian;Hot and spicy Thai squid salad (Yam pra-muek)
thai_and_south-east_asian;Haddock parcels and coconut rice
thai_and_south-east_asian;Chilli pork with pineapple rice
turkish_and_middle_eastern;Greens with giant couscous and tahini
turkish_and_middle_eastern;Homemade doner kebab
turkish_and_middle_eastern;Vegetarian chickpea burgers
turkish_and_middle_eastern;Sticky chicken and vegetable kebabs with couscous
turkish_and_middle_eastern;Easy falafel 
turkish_and_middle_eastern;Baked potatoes with Middle Eastern beans and greens
turkish_and_middle_eastern;Lemon hummus 
turkish_and_middle_eastern;Lighter hummus with vegetable sticks
turkish_and_middle_eastern;Edamame falafel with roasted veg
turkish_and_middle_eastern;Quick hummus
turkish_and_middle_eastern;Lamb skewers with Turkish salad
turkish_and_middle_eastern;Lamb doner
turkish_and_middle_eastern;Carrot and coriander falafel
turkish_and_middle_eastern;Lebanese-spiced lamb flatbread
turkish_and_middle_eastern;Roasted red pepper hummus
turkish_and_middle_eastern;Smoked aubergines with garlic (mirza ghasemi)
turkish_and_middle_eastern;Warm, spiced oranges with labneh
turkish_and_middle_eastern;Lemon and pomegranate couscous
