african;Jollof rice with chicken 
african;Jollof rice
african;Suya fillet burger with sweet potato cubes and watermelon salad
african;Bunny chow
african;Jollof rice with fried plantains
american;Chicken and bacon ranch burger
american;Easy jambalaya
american;Banana pancakes with streaky bacon
american;Chocolate chip fluffy pancakes
american;American-style blueberry pancakes
american;Fluffy American pancakes
american;Pancakes with poached egg, ham and easy hollandaise
american;Vegan fluffy pancake mix
american;Beef burgers with beetroot and carrot slaw
american;Chocolate muffins
american;Cheesecake brownies
american;Vegan brownies
american;Vegan vanilla cupcakes 
american;Slow cooker chilli con carne 
american;Macaroni cheese
american;How to make chilli con carne
american;Avocado salad
american;Lobster thermidor
american;American style pancakes with sausage
american;Cheat's eggs Benedict
american;Eggs Benedict
american;Eggs Benedict Florentine 
american;Red velvet cake
american;Scrambled eggs with spinach and kale
american;Southern-fried buttermilk chicken with tomato salsa
american;Easy fried chicken
american;Southern "fried" chicken
american;Fried chicken
american;Southern-fried chicken and coleslaw
american;Sweetcorn fritters
american;Lemon drizzle cupcakes
american;Angel food cake with lemon curd
american;Griddle pan pumpkin waffles
american;Toffee apple muffins
american;Cream cheese frosting
american;Mac &amp; cheese
american;Blueberry and lemon traybake
american;Double chocolate brownies
american;Vanilla cupcake
american;Easy no-cook cheesecake
american;The Biker burger
american;Apple and white chocolate rocky road 
american;Nigella's devil’s food cake
american;Perfect apple pie
american;Pulled pork tacos
american;Slow-cooker apple-glazed ribs
american;Corn on the cob with burnt-onion ketchup
american;Barbecue baby back ribs with celeriac slaw
american;Smoked Texan chicken wings
american;Chicken nuggets with smoked paprika and anchovy mayo
american;Key lime pie with ginger pastry
american;Fish tacos 'Ensenada' 
american;Slow cooker pulled pork
american;Curry and lime spiced popcorn
american;Macaroni cauliflower cheese 
american;Healthy banana muffins
american;Soft chocolate chip cookies
american;Rocky road crunch bars
american;Beer-marinated rack of pork with Swiss-chard gratin
american;Hardcore coleslaw
american;Gluten-free American buttermilk pancakes
american;Mac and cheese 
american;Chocolate chip cookies
american;Chocolate brownies
american;Double chocolate cherry brownies
american;Chocolate ripple cheesecake
american;Baked white chocolate cheesecake
american;Pulled pork 
american;Pulled pork with spicy coleslaw
american;Banana bread
american;Vanilla baked cheesecake with blackberries
american;Doughnuts
american;Buffalo wings
american;Popcorn bars
american;Monkfish, mussel and prawn stew with sourdough (cioppino)
american;Turkey jambalaya
american;Waffles
american;Chopped salad
american;Spicy beef burger
american;Classic cheeseburgers
american;Buttermilk pancakes with maple bacon
american;Low-fat Caesar salad
american;Caesar salad
american;Pot-roast turkey drumstick
american;Sweet potato gumbo with cornbread muffins
american;Valentine cupcakes
american;Mississippi mud pie
american;Chocolate chip cookie dough pots
american;Thick smoked-haddock chowder
american;Beef ribs with barbecue sauce, baked potato and chive soured cream
american;Ultimate burger in a brioche bun
american;BBQ chicken with coleslaw
american;Gruyère and pancetta brioche sandwich
american;Pulled chicken with barbecue sauce and baked potatoes
american;Momma's meat jambalaya
american;Key lime pie
american;Blueberry butter
american;Cranberry sauce
american;Pumpkin cheesecake
american;Cherry pie
american;Popcorn espresso macchiato balls
american;Sweet sticky spicy ribs with red onion salad
american;American baked cheesecake
american;Candied sweet potatoes
american;Marshmallow brownies
american;Individual strawberry shortcakes
american;Crispy potato skins
american;Boston baked beans
american;Mom’s meatloaf
american;Barbecue ribs
american;BBQ sauce
british;Chocolate and orange scones
british;Pea and ham soup
british;Easy spinach soup with a poached egg
british;Strawberry jam tarts
british;Lamb fore shanks with English vegetables
british;Lemon drizzle traybake
british;Traditional chicken pie
british;Pumpkin soup 
british;Pancakes
british;Scottish cranachan 
british;Gooseberry and elderflower custard
british;Gooseberry fool
british;Gremolata fish with tartare sauce
british;Shepherd's pie
british;Sausage and mash
british;Mary Berry's perfect Victoria sandwich
british;Baked salmon with parmesan and parsley crust
british;Lucy’s strawberry slices
british;Orange butterfly cakes 
british;Peach posset
british;Pork, lentil and veg sausage rolls
british;Real proper custard
british;Light smoked haddock fish pie
british;Potato, leek and cheese pie
british;Mashed potato
british;Slow roast leg of lamb with herb rub
british;Roast leg of lamb with rosemary and garlic
british;Grilled lamb steak with rosemary butter and chargrilled broccoli
british;Drop scones
british;Salted caramel millionaire’s shortbread
british;Yorkshire pudding 
british;Bangers and sweet potato mash
british;Plum jam roly-poly
british;Individual queen of puddings
british;Nigella's queen of puddings 
british;Healthy bara brith 
british;Vegan Victoria sponge
british;How to roast beef
british;Vegan toad-in-the-hole with red onion gravy 
british;Vegan gravy
british;Vegan Yorkshire puddings
british;Roast beef
british;Veggie toad-in-the-hole
british;James' sticky toffee pudding
british;Beef and ale stew with horseradish dumplings
british;Garlic mashed potato with olive oil
british;Winter lamb hotpot
british;How to make fish pie
british;James Martin's apple charlotte
british;Bangers and mash
british;Braised red cabbage
british;Bubble and squeak
british;Cawl
british;Roast pork belly
british;Toad in the hole with onion gravy
british;Creamy parsnip and apple soup
british;Beef shin and oyster pie
british;Game pie
british;Clootie pudding
british;Beef stew with dumplings
british;Chicken and bacon pie
british;Easy cottage pie
british;Perfect roast potatoes
british;Roast pork shoulder
british;Tuscan beans on sourdough toast
british;Deep-filled homity pie
british;Mary Berry's roast turkey crown
british;Perfect Christmas turkey
british;James Martin's Yorkshire pudding
british;Classic cranachan
british;Rhubarb crumble and cream
british;Nigel Slater's apple crumble
british;Mary’s Victoria sandwich with buttercream
british;Peppered fillet of beef with mustard, thyme and brandy sauce
british;Slow cooker chicken casserole
british;Apple crumble
british;Roast vegetable soup
british;Broccoli and Stilton soup 
british;Curried cauliflower soup
british;Honey roast carrots
british;Watercress and pea soup
british;Roast butternut squash with cranberry relish and feta
british;Roast turkey crown
british;All-in-one turkey
british;Sausage, pumpkin and sage casserole
british;Swede mash
british;Beef Wellington with truffles
british;Mini sausage rolls
british;Beef and ale stew with dumplings
british;Lamb shanks with anchovy
british;Mary Berry's Christmas stuffing
british;Sussex pond pudding with apples 
british;Nigel Slater's Lancashire hotpot 
british;Vanilla cake
british;Scones
british;Mary Berry's banana loaf
british;How to make Yorkshire puddings
british;Chocolate and ginger oat biscuits
british;Parsley sauce
british;How to roast potatoes
british;Leek soup
british;Leek and potato soup
british;Rock cakes
british;Chocolate self-saucing pudding
british;Tomato soup
british;Pumpkin, chilli and coconut soup
british;Curried parsnip soup
british;Mary Berry's mulled wine
british;Homemade mince pies
british;Apricot and brandy Christmas cake
british;Boiled and baked ham
british;Christmas ham
british;Slow cooked gammon with mustard sauce
british;Honey-glazed gammon
british;Christmas red cabbage
british;Easy roast potatoes
british;Braised Savoy cabbage with bacon
british;Pigs in blankets
british;Perfect cauliflower cheese with bacon
british;Roasted cauliflower cheese
british;Fillet steak with morel mushroom and wine sauce
british;Rabbit and pearl barley stew
british;Creamy mustard sprouts
british;Turkey pasta bake
british;Roast parsnips
british;Best roast potatoes
british;Beer-braised beef with creamy mash
british;Brussels sprouts with pancetta
british;Fakeaway fish and chips with mushy peas
british;Sprouts with crispy bacon
british;Lamb stew with rosemary dumplings
british;Easy roast chicken with gravy
british;Roast chicken and stuffing
british;Perfect roast chicken dinner
british;Roast chicken with apple spelt
british;Roast goose
british;The best cottage pie 
british;Cauliflower cheese
british;Sausage roll wreath
british;Sage, onion and sausage stuffing balls
british;Arctic roll
british;Paul Hollywood's Arctic roll
british;Proper baked beans with soda bread toast
british;English muffins
british;Tea loaf
british;Christmas carrots
british;Leftover turkey and potato pie
british;Hand-raised Boxing Day pie
british;Black bun
british;Eccles cakes
british;Corned beef plate pie
british;Spiced apple chutney
british;Breakfast hash
british;Devilled kidneys
british;Mackerel on toast with salted cucumber and horseradish
british;Grilled mackerel with new potatoes and salad
british;Jam roly-poly
british;Traditional toad in the hole
british;Hearty chicken and chorizo soup
british;Braised steak with gravy
british;Cherry scones
british;Mary Berry’s bread and butter pudding
british;Mary Berry's fish pie
british;Scottish cranachan with a wee twist
british;Cherry trifle
british;Wild salmon with English asparagus and hollandaise sauce
british;Treacle-cured roast beef with Yorkshire puddings
british;Ginger and pear upside-down cake
british;Panhaggerty
british;Microwave jacket potatoes with various toppings
british;Custard
british;Gluten-free Victoria sponge cake 
british;Broad bean and Little Gem salad
british;Sultana scones
british;Oxtail stew
british;Slow roasted lamb with minted Jersey Royals and mint sauce
british;Gammon with double egg and oven chips
british;Beef and ale stew
british;Steamed syrup sponge pudding
british;Plum crumble
british;Sloe gin and blackberry jelly
british;Roast pork belly with apple bread sauce and rib gravy 
british;Sausage rolls with caramelised red onions
british;Slow-cooker sausage  casserole 
british;The best Christmas pudding
british;Gingerbread biscuits
british;Rabbit casserole
british;Paul Hollywood's Chelsea buns
british;Roast rib of beef and bone marrow gravy with roast potatoes 
british;Mustard, bacon and caramelised onion scones
british;Sausagemeat stuffing
british;Vegetarian stuffing
british;Easy sage and onion stuffing
british;How to make chicken kievs
british;Traditional shortbread 
british;Sloe gin fizz
british;Nigella's sticky toffee pudding
british;Roast loin of pork
british;Malt loaf
british;Paul Hollywood’s bloomer
british;Blackberry and apple pies
british;Eggy bread
british;Buttermilk scones
british;Cottage pie with cheesy mash
british;Plain scones with jam and cream
british;Mary Berry's scones
british;Sponge cake
british;Classic bread and butter pudding
british;Fairy cakes
british;Chicken parmo
british;How to make steak and ale pie
british;Baked chicken goujons
british;Rich Yorkshire puddings
british;Make-ahead Yorkshire pudding
british;Stress-free full English breakfast
british;Mutton chops with potato and turnip gratin 
british;Prawn cocktail with Marie Rose sauce
british;Smoky cheese and olive scones
british;Easy lemon drizzle cake
british;Cheap and cheerful chilli con carne
british;Sausage rolls
british;Sausage rolls with pickle
british;Proper apple pie
british;Steak and kidney pie
british;Minced beef pie
british;Eton mess ice cream sundae
british;Low-fat beef and potato pies
british;Paul's apple and blackberry crumble
british;Chocolate flapjacks
british;Easy sticky toffee pudding with toffee sauce
british;Strawberries and cream meringues
british;Roasted sausage and potato supper
british;Hidden vegetables shepherd’s pie
british;Quick shepherd’s pie
british;Kids’ fruit cobbler
british;Red Nose Day shortbread
british;Wholemeal cheese scones
british;Fish cakes
british;Flapjacks
british;Homemade scones
british;How to make shortbread
british;Rice pudding with fresh strawberries
british;Paul’s mum’s jam tarts
british;Really good kedgeree
british;Fresh pea, broad bean and ham hock salad
british;Roast beetroot
british;Paul’s mum’s ginger biscuits
british;Mary's fish pie with soufflé topping
british;The ultimate fish pie
british;Beef casserole with horseradish and mustard
british;The Hairy Bikers' fish pie with cheese mash
british;Cottage pie
british;Mary Berry's cottage pie with dauphinoise potato 
british;Lighter cottage pie 
british;Nigel Slater's shepherd's pie with spiced parsnip mash
british;Beef stew and dumplings 
british;Veggie shepherd’s pie
british;Easy Eton mess
british;Nigel Slater's all-in-one roast beef rib 
british;The ultimate Christmas roast beef
british;Pea and mint soup
british;Pea soup with pancetta
british;Mary Berry's easy chocolate cake
british;Apple charlotte
british;Gluten-free sticky toffee pudding
british;Treacle pudding
british;Goat-herd pie
british;Roast lamb with Madeira gravy
british;Chocolate fairy cakes
british;Easiest-ever banoffee pie
british;Cheese scones
british;Rhubarb crumble
british;Mary's sticky toffee pudding
british;Classic Welsh cakes
british;Hot cross buns
british;Bread and butter pudding
british;Mini Cornish pasties
british;Paul Hollywood's hot cross buns
british;Lardy cake
british;Crumpets
british;Summer berry cheesecake
british;Pork, leek and apricot raised pie with cider and sage jelly
british;Prawn cocktail with avocado 
british;Victoria sponge
british;Lemon-and-herb stuffed shoulder of lamb
british;Custard slice
british;Smoked cheese and onion pasties
british;Spotted dick and custard
british;Summer pudding loaf 
british;Small pork pies with quails’ eggs
british;Victoria sponge with strawberry jam
british;Sticky toffee pudding with custard
british;Mary Berry's hot cross buns
british;How to make eccles cakes
british;Muesli
british;Old fashioned rabbit stew
british;Barnsley chops with Cumberland sauce
british;Free-form fruit pie
british;Somerset chicken
british;Earl Grey tea bread 
british;Cricket cake with strawberries and lemon curd 
british;Lobster mac 'n' cheese
british;Crab and leek tart
british;Slow roast leg of lamb with chardonnay, rosemary, sage and bay
british;Eggnog
british;Sage and onion tear and share bread
british;Make-ahead sticky toffee pudding
british;Mini Yorkshire puddings with roast beef and horseradish cream
british;Turkey, leek and ham pie
british;Turkey and ham pie
british;Venison Wellington with caramelised onions and port jus
british;Cannon of lamb with celeriac potato cake 
british;Traditional Yorkshire pudding
british;Pot roast pheasant with sweetcorn mash
british;Fennel Welsh cakes with a blueberry coulis 
british;Beef and mustard pie
british;Raised game pie
british;Mince and dumplings
british;Fabulous fish pie
british;Beef hotpot
british;Fish and chips with tartare sauce
british;Fried bacon with poached egg and tomatoes
british;Mary Berry’s treacle tart with woven lattice top
british;Totally tropical Eton mess
british;Strawberry pavlova
british;Greengrocers' hot pot 
british;Baked plums with mascarpone
british;Real vanilla ice cream
british;Diggers
british;Cheese scone
british;Mary Berry’s Easter biscuits
british;Definitive orange cake
british;Traditional Welsh cakes
british;Strawberries and cream cupcakes  
british;Sausage and bacon rustic hotpot
british;Scotch pies
british;Spiced-up Barnsley chops 
british;Poached chicken with carrots, kale and mushrooms
british;Fast rhubarb tart with mascarpone cream
british;Rhubarb fool with lemongrass
british;Smoked mackerel pate and cucumber sandwich
british;Treacle tart
british;Lancashire hot pot
british;Pork tenderloin stuffed with apricots, apples and ginger
british;Whisky shortbread ding dangs
british;Beef and horseradish sausage rolls 
british;Venison casserole
british;Game terrine
british;Veggie sausage rolls
british;Turkey gravy
british;Hot mustard pickle
british;Lemony pond pudding
british;Coarse country terrine
british;How to make Scotch broth
british;Glamorgan sausages with red onion and chilli relish
british;Autumn pudding
british;Fillet of beef Prince Albert
british;Pork pie with chicken and apricots
british;Jumble biscuits
british;Smoked mackerel pâté
british;Three fish pie 
british;Frozen elderflower posset 
british;Eggs Florentine
british;Cullen skink
british;Haggis, clapshot and whisky sauce
british;Custard tart
british;Root vegetable gratin
british;Mary Berry’s jaffa cakes
british;Football pies
british;Sticky toffee pudding
british;Rice pudding
british;Smoked salmon and dill sandwich
british;Mini smoked salmon and dill cakes
british;Hot hounds with beer-and-mustard-barbied onions
british;Fish and chips
british;Sautéed caramelised fennel
british;Ginger-glazed carrots
british;How to cook roast beef with Yorkshire puddings
british;Crabcakes with a tomato, crab and basil dressing
british;Liver and bacon with onions and gravy
british;Rolled roast loin of pork with homemade apple sauce
british;How to make Coronation chicken
british;Piccalilli
british;Beef stew with fluffy dumplings
british;Basic buttercream icing
british;Easy summer pudding
british;Chocolate sponge cake
british;Sloe gin
british;Shortbread
british;Easy cheese straws
british;Potted salmon
british;Super-rich chocolate ice cream
british;Healthy plum crumble
british;Baked Welsh cake cheesecake
british;Minced beef pinwheels
british;Pancake Day pancakes
british;Stilton puffs
british;Brandy (or rum) sauce
british;Bara brith
british;Homemade fish fingers
british;Mini Victoria sponge cakes
british;Mini beef Wellington tartlets
british;Baked apples
british;Fantastic fish fingers
british;Chicken and wild mushroom pie
british;Potato wedges with rosemary
british;Fish fingers with pitta bread
british;Chicken pie
british;Spiced oat cookies
british;Perfect Welsh rarebit
british;Beef Wellington with wild mushroom Madeira sauce
british;Wild Scottish venison with port, figs and potato wedges
british;Low-fat chicken and mushroom pie
british;Roast peppered beef with bourbon mustard and all the trimmings
british;Fresh sardines on toast with sweet pickled red onion
british;Rhubarb and custard tart
british;Mary Berry's royal icing
british;Iced fingers
british;Chelsea buns
british;Slow-roasted pork belly with boulangère potatoes
british;Scrambled eggs with smoked salmon and brioche
british;Roast pheasant and bread sauce
british;Easy bread sauce
british;Tomato chutney
british;Mango chutney
british;Lemon meringue pie
british;Bonfire toffee 
british;Beef and blue cheese puff pastry pizza 
british;Salmon and watercress tart
british;Toffee apple sponge pudding
british;Homemade jaffa cakes
british;Blackberry jelly
british;Rhubarb fool
british;Fresh plum chutney
british;Scouse pie
british;Deconstructed cream tea
british;Raised pork and egg pie
british;Cumberland rum Nicky
british;Pork, apple and cider pie
british;Chocolate orange pond pudding
british;Bacon and egg pie
british;Lardy cake crown
british;Heather honey sponge
british;Apple and Wensleydale pie
british;Steamed liquorice sponges
british;Lamb and kidney suet pudding with rosemary
british;My mother’s cheese and onion pie
british;Celery baked in vinaigrette with pancetta and shallots
british;Scotch broth
british;Fennel and mushroom tartlets
british;Sage and onion stuffing
british;Scotch eggs
british;Syrup sponge in the microwave
british;Millionaire's shortbread
british;Classic summer berry sorbet
british;West country gratin 
british;Lemon cheesecake
british;Cheese and tomato chutney turnovers
british;Kedgeree
british;Pork chops with celeriac mash and apple and ale gravy
british;Pork chops with apples and cider
british;Steak pasty
british;Rice pudding with rhubarb compôte
british;Fresh mackerel with roasted rhubarb
british;Hot cross bun bread and butter pudding
british;Apple sauce
british;Real mint sauce
british;Oxtail soup
british;Roasted Jerusalem artichokes
british;Lamb, red wine and rosemary casserole
british;Iced lemon curd layer cake
british;Brandy butter
british;Mincemeat
british;Yorkshire parkin
british;Toad in the hole
british;Bangers with herby mash and onion gravy
british;Tomato confit canapés
british;Grilled squid with lemon, garlic and cumin
british;Brandy snaps
british;Potato wafers with smoked salmon, watercress and horseradish cream
british;Smoked salmon pâté
british;Buttermilk pound cake with Pimms-soaked fruits
british;Raspberry ripple ice cream
british;Chocolate beetroot cakes
british;Roast belly of pork with root vegetables
british;Bannock
british;Medium-cut Seville orange marmalade
british;Pigeon breast with red wine gravy, roast leeks and wild mushrooms
british;Cream roasted swede soup
british;Banoffee cheesecake with chocolate sauce
british;Spiced teacakes
british;Fillet steaks stuffed with goats cheese
british;Egg and bacon pie
british;Gooseberry snow
caribbean;Salt fish fritters
caribbean;Sticky gingerbread cake
caribbean;Sticky jerk chicken wings
caribbean;Jerk chicken thighs
caribbean;Jerk chicken and flatbreads
caribbean;Caribbean goat curry 
caribbean;Saltfish and ackee with fried dumplings
caribbean;Jamaican rum truffles 
caribbean;Caribbean toastie cups with avocado, mango and mint
caribbean;Sunny vegetable patties
caribbean;Lamb, pepper and pineapple kebabs with lime, chilli and coriander mayonnaise
chinese;Salt and pepper chicken
chinese;Egg-fried rice
chinese;King prawn and scallop stir fry
chinese;Chinese plum chicken
chinese;Vegetarian egg fried rice
chinese;Healthy sweet and sour chicken
chinese;Chilli hoisin pork and vegetable stir-fry
chinese;Tofu with 'oyster' sauce
chinese;Chinese duck noodles
chinese;Sichuan fried chicken
chinese;Peking-style vegetable dumplings
chinese;Chicken egg-fried rice
chinese;Easy vegetable stir-fry
chinese;Stir-fried cabbage with garlic
chinese;Chicken and sweetcorn noodles 
chinese;Lighter stir-fried beef with broccoli and sweetcorn
chinese;Chicken with black bean sauce
chinese;Slow cooker Chinese-style beef
chinese;Lighter egg fried rice 
chinese;Whisky and chilli tiger prawns 
chinese;Chilli chicken
chinese;Black bean steamed scallops with noodles
chinese;Pickled cucumber
chinese;Sticky barbecue chicken wings and drumsticks
chinese;Special fried rice
chinese;Simple sweet and sour chicken
chinese;Sichuan-style sea bass with wok-fried vegetables
chinese;Chilli beef with sticky rice omelette
east_european;Blinis
east_european;Creamy paprika chicken
east_european;Braised red cabbage with apples
east_european;Beef stroganoff
east_european;Pierogi 
east_european;Sausage and chorizo goulash
east_european;Lemon and thyme pork schnitzel with potato salad
east_european;Beef goulash soup (Gulyas leves)
east_european;Shashlik kebabs with sour cream dip and plum sauce
east_european;Pork meatloaf with soured cream (Faschierter Rahmbraten)
east_european;Really good rye bread
east_european;Estonian lamb shanks
east_european;Simple layered salad
east_european;Sweet pierogi
east_european;Pork fillet stroganoff
east_european;Chicken paprika
east_european;Classic chicken Kiev with spring vegetables
east_european;Beef stroganoff with matchstick potatoes
french;Pancakes with Parma ham and asparagus
french;Cheese and ham pancakes
french;Spiced pear tarte tatin with soured ice cream
french;Individual lemon tartlets
french;Cappuccino crème brûlées
french;Pears poached in cardamom, cinnamon and chilli syrup with salted caramel sauce
french;Creamy mushroom pancakes
french;Chocolate and raspberry crème brûlée
french;Salted caramel and coffee éclairs
french;Mary Berry's celeriac remoulade
french;Mary Berry's bouillabaisse 
french;Croque monsieur
french;Baked camembert 
french;Vegan French toast with berries 
french;Best beef bourguignon
french;Quiche Lorraine
french;Traditional quiche Lorraine
french;Chicken chasseur
french;Tarte tatin
french;Jammy biscuits
french;Mint chocolate cookies
french;Ratatouille
french;Roast chicken with forty cloves of garlic
french;Ham and eggs with roasted pepper sauce
french;French apple tart
french;Floating islands with spun sugar
french;Tuiles with chocolate mousse
french;Brioches à tête
french;Religieuse
french;Raspberry millefeuille
french;Génoise sponge with blueberry compôte and vanilla cream
french;Salad verte with croûtons
french;Creamy mushroom sauce
french;Apple and passion fruit tartlets
french;French onion soup
french;Mussel stew with garlic 
french;Madeleines
french;Fish soup with rouille-topped crostini
french;Floating islands (Îles flottantes)
french;Vanilla and yoghurt panna cotta with pomegranate jelly
french;Pork chop “Maman Blanc” with sauté potatoes
french;Anchovy salade Niçoise
french;Rack of lamb with potato dauphinoise
french;Béchamel sauce
french;Traditional puff pastry
french;Kids' easy omelette
french;Cheese and ham omelette
french;Apple, rocket and feta buckwheat galettes
french;Roasted chump of lamb with rustic ratatouille
french;Courgette gratin
french;Apple tarte tatin
french;Leek and Stilton quiche
french;Cheese sauce
french;Olive sourdough fougasse
french;Butternut squash tarte tatin
french;Poulet sauté au vinaigre
french;French onion soup with cheese mustard croûtes
french;Pot roasted pheasant with cider and calvados
french;French toast with bananas and maple syrup
french;Light raspberry mousse
french;Pistou linguine 
french;Coq au Pouilly-Fumé
french;Chicken liver pâté
french;Chicken Parmentier
french;Boeuf en daube provençale
french;Tartiflette
french;Baked camembert with garlic bread
french;French toast with ham and cheddar
french;Parmesan French toast
french;Raspberry tartlets 
french;Confit duck leg with flageolet ragoût and celeriac mash
french;Boeuf bourguignon with baguette dumplings
french;Tarte tatin with calvados cream
french;Spring lamb stew
french;Eggs in pots (oeufs en cocotte)
french;Cheese and potato nests
french;Our special cassoulet
french;Chicken fricassée 
french;Scallops beurre blanc
french;Salade Niçoise
french;Langues de chat biscuits
french;Quick tartare sauce
french;Coq au vin with crème fraîche mash
french;Raymond Blanc's chocolate mousse
french;Goats' cheese and onion tarts
french;Grilled salmon Niçoise
french;Original crème brûlée
french;French onion soup with Gruyère toast
french;Hot chocolate soufflé
french;Blueberry and lemon millefeuille
french;Herby puff twists and pepper and goats’ cheese palmiers
french;Fresh herb fougasse 
french;Croque monsieur kites
french;Rib-eye steak with Stilton butter 
french;Nigella's steak tartare
french;Coq au vin
french;Classic lemon tart
french;Rosace à l’orange 
french;Clementine syllabub and crêpes Suzette
french;Sage and parmesan palmiers
french;Lavender crème caramel with lavender shortbread
french;Paul Hollywood's baguettes
french;Arlettes
french;Mary Berry's Charlotte royale
french;Moules marinière with cream, garlic and parsley
french;Apple tart 'Maman Blanc'
french;Red onion, fennel and chilli tarte tatin
french;How to make crème brûlée
french;How to make fish soup
french;Homemade buttery croissants
french;Vegetables with red pepper rouille 
french;Rum and honey babas
french;Chocolate éclairs
french;Lemon and raspberry éclairs
french;Cherry clafoutis
french;Pâte sucrée (sweet shortcrust pastry)
french;Coffee crème caramels
french;Apricot tarte tatin
french;James Martin's coq au vin
french;Rhubarb and vanilla clafoutis
french;Hollandaise sauce
french;Grilled lettuce with goats' cheese
french;Red onion tarte tatin
french;Homemade chocolate truffles
french;Orange caramel custard
french;Poached pears in Sauternes
french;Celeriac remoulade
french;Classic crêpes suzette
french;Béarnaise sauce
greek;Neck of lamb with lemon and thyme
greek;Vegetarian moussaka 
greek;Moussaka
greek;Greek-style moussaka
greek;Spinach and feta pie (Spanakopita)
greek;Greek-style pasta salad
greek;Easy Greek salad
greek;Greek salad
greek;Pork souvlaki with oregano
greek;Stuffed vegetables
greek;Grilled aubergines with garlic, parsley and feta
greek;Souvlakia
greek;Red lentil and aubergine moussaka
greek;Galaktoboureko with orange syrup
greek;Gigantes with tomatoes and greens
greek;Meatballs in tomato sauce with cinnamon and cumin (Soutzoukakia)
greek;Kozani chicken with prunes, saffron and paprika
greek;Souvlakia with tzatziki
greek;Mediterranean-style lamb chops
greek;Halloumi saganaki
greek;Mediterranean lamb chops
greek;Pan-fried chicken pie 
greek;Grilled lamb with feta and lemon
indian;Beef biryani
indian;Chana masala
indian;Lamb dhansak 
indian;Carrot and parsnip bhajis with coriander and chilli chutney
indian;Paneer with spinach
indian;Naan bread
indian;Quick fish curry
indian;Vegetable curry
indian;Mulligatawny soup
indian;Poha potatoes
indian;Black dal
indian;Vegan chickpea curry
indian;Lighter spinach and cherry tomato dal
indian;Aloo gobi and jeera rice
indian;Anardana chana (pomegranate and chickpea curry)
indian;Spinach, aubergine and chickpea curry
indian;Vegan potato cake with chickpea curry
indian;Potato and pea curry (aloo dum) 
indian;Spicy lentil soup (sambar)
indian;Spinach and paneer kati rolls 
indian;Oven-fried chilli chicken
indian;Indian fried chicken
indian;Vegetable samosas
indian;Okra curry
indian;Dal with quick naan breads
indian;Paneer jalfrezi
indian;Kidney bean curry (rajma) 
indian;Vegetable curry with quick naan breads
indian;Sweet potato and chickpea curry 
indian;Saag aloo with roasted gobi curry
indian;Masala sauce
indian;Curried cauliflower with spinach
indian;Lamb curry with khooba roti 
indian;Goan pulled pork 
indian;Chicken tikka and naan bread
indian;Baked chicken curry
indian;Cucumber and mint raita
indian;Spiced cod fish cakes
indian;Keema scrambled egg rolls
indian;King prawn coconut curry 
indian;Butter chicken   
indian;Tandoori chicken skewers
indian;Easy tandoori chicken
indian;Masala omelette with parathas
indian;Ajwain parathas 
indian;Punjabi chicken curry 
indian;Bangladeshi chicken korma 
indian;Tandoori chicken tikka 
indian;Fish curry
indian;Goat curry
indian;Spinach paneer
indian;Whole tandoori chicken with coriander chutney
indian;Samosa pie 
indian;Prawn saffron biryani
indian;Tandoori king prawns with butter sauce
indian;Easy chicken korma
indian;Keralan chicken curry
indian;Mango lassi
indian;Indian scrambled eggs
indian;Masala chicken with minted yoghurt sauce
indian;Easy chicken tikka masala
indian;Chicken tikka masala
indian;Goan lamb curry
indian;Masala dosa in a chapati
indian;Easy potato and pea samosas
indian;Bengali butternut squash with chickpeas
indian;Spinach and cheese samosas
indian;Shami kebabs 
indian;Tarka dal
indian;Rogan josh
indian;Quick chicken biryani
indian;Beef chilli flash-fry with yoghurt rice
indian;The Hairy Bikers' chicken korma
indian;Chicken with spinach
indian;Chicken jalfrezi
indian;Chickpea, spinach and egg curry
indian;Lamb madras with bombay potatoes
indian;Indian-spiced smoked mackerel
indian;The ultimate masala tea
indian;Lamb bhuna with garlic naan
indian;Tandoori cod burger
indian;Mango smoothie
indian;Chapatis
indian;Pea kachori
indian;Tandoori lamb wrap
indian;Simple chicken and potato curry
indian;Hot-smoked salmon kedgeree
indian;Bombay potatoes
indian;Tandoori chicken lollipop drumsticks with raita dip
indian;Lamb vindaloo
indian;Creamy lentils and rice
indian;Aromatic beef curry
indian;Spiced cauliflower
indian;Baked samosas
indian;Tarka dal with rice
indian;Low-fat chicken curry
indian;Lamb and lentil curry
indian;Indian-spiced lamb shoulder with Bombay potatoes
indian;How to make curry paste
indian;How to make lamb curry
indian;Indian deep-fried soft-shell crab with lime pickle
indian;Garam masala
indian;Tandoori-style chicken
indian;Paneer-stuffed peppers
indian;Spicy crab cakes
indian;Onion bhaji
indian;Spiced lamb burgers with herbed yoghurt
indian;Yoghurt-spiced chicken skewers
indian;Lamb kebabs
indian;Strawberry saffron dip (shrikhand)
irish;Soda bread
irish;Irish coffee
irish;The Ulster fry
irish;Irish beef stew
irish;Boxty with crisp streaky bacon and maple syrup
irish;Irish fish chowder with soda bread
irish;Irish stew
irish;Stout bread
irish;Colcannon
irish;Potato soup
irish;Rhubarb pie
irish;Irish soda bread
irish;Champ
italian;How to make spaghetti Bolognese
italian;New potato, spinach and goats’ cheese frittata
italian;Tagliatelle with mushrooms and pancetta
italian;One pan saltimbocca alla Romana
italian;Lemon sorbet
italian;Rhubarb panna cotta with roasted rhubarb
italian;Spaghetti carbonara
italian;Sardine and kale spaghetti
italian;Lamb cutlets with mint, chilli and golden potatoes
italian;Spaghetti puttanesca
italian;Easy spaghetti vongole
italian;Creamy chilli, bacon and tomato spaghetti
italian;Spaghetti alla carbonara
italian;Really easy mushroom risotto
italian;Chicken and pea risotto
italian;Salmon, fennel and pea risotto
italian;Easy panzanella
italian;Paul Hollywood's focaccia
italian;The best vegetable lasagne 
italian;Sardinian lamb with fennel
italian;Marinated beetroot
italian;Mushroom crostini
italian;Courgetti with vegan pesto 
italian;Easy spaghetti Bolognese
italian;Curly kale (or cavolo nero) with rosemary and chilli
italian;Pasta and bean soup (Pasta e fagioli)
italian;Spaghetti with garlic and chilli
italian;Italian lentil soup
italian;Kids’ minestrone soup 
italian;Quick minestrone
italian;Homemade minestrone
italian;Minestrone
italian;Healthy minestrone soup
italian;Sea bass fillet with rosemary and lemon
italian;Aubergine parmigiana
italian;Chicken in lemon butter sauce
italian;Bolognese sauce
italian;Hearty wholewheat pasta with Brussels sprouts, cheese and potato
italian;Turkey meatballs in tomato sauce
italian;Budget spaghetti carbonara
italian;Fennel sausages braised with lemony potatoes and bay leaves
italian;Torta pasquale
italian;Smoked salmon, pea and broccoli frittata with homemade chips
italian;Puy lentil bolognese with pasta
italian;Broccoli and anchovy pasta
italian;One pot chorizo and pepper spaghetti
italian;Nigella's turkey breast with Christmas stuffing
italian;Penne with roasted vegetable and tomato sauce
italian;Nigel Slater's spaghetti bolognese
italian;Ragù alla bolognese
italian;Mary Berry’s lasagne
italian;Gin and tonic granita
italian;Hunter's chicken
italian;Ragù
italian;Slow cooker Bolognese
italian;Spaghetti with roasted bolognese  
italian;How to make pizza
italian;Pizza dough
italian;Sausage ragù with tagliatelle
italian;Chicken Marsala
italian;Wild boar ragù with fresh pasta
italian;Perfect panzanella
italian;Griddled lamb chops with inzimino
italian;Shortcut sausage meatballs
italian;Mary's aubergine pasta bake
italian;Quick meatballs with cherry tomato sauce
italian;Chicken cacciatore with white bean mash
italian;Deep fried calamari with garlic and lemon mayonnaise
italian;Penne al'arrabiata (pasta with a spicy tomato sauce)
italian;Quick broccoli pasta
italian;Veggie pizza
italian;Vegetarian chard and cheese dumplings (strozzapreti)
italian;Chicken with cheese, prosciutto and roasted courgettes
italian;Easy spaghetti and meatballs
italian;Fresh pasta dough
italian;Express lasagne
italian;Baked meatballs with hidden veggies
italian;Easy chicken and pea risotto
italian;Lighter carbonara 
italian;Veggie puttanesca
italian;Mediterranean chicken with potatoes
italian;Red mullet with linguine tossed in chilli and garlic
italian;Panzanella
italian;Pasta with purple sprouting broccoli
italian;Risotto primavera
italian;Penne with peas and beans
italian;Courgette and lemon risotto
italian;Courgette pasta with spinach balls
italian;Sea bream with a courgette salad with fresh mint and rocket
italian;Penne with courgette flowers
italian;Courgette and mint frittata
italian;Creamy courgette pasta with peas
italian;Tuna pasta sauce 
italian;Fish stew
italian;Stromboli
italian;Piedmontese roast peppers
italian;Healthy pasta salad
italian;Panna cotta with pineapple and ginger salsa
italian;Spinach and ricotta ravioli with sage butter
italian;Quick pepperoni pizza
italian;Meatballs with tomato sauce
italian;Pappardelle and meatballs 
italian;Caramelised onion, goats' cheese and Parma ham pizza
italian;Prosciutto, mozzarella and fig pizza
italian;Bacon and mushroom frittata
italian;Roasted figs wrapped in Parma ham with blue cheese and rocket
italian;Chicken puttanesca with linguine
italian;Butternut squash ravioli with fried sage leaves and sun-dried tomatoes
italian;Oven-baked risotto carbonara
italian;Bolognese ragù with pappardelle 
italian;Linguine alla puttanesca
italian;Easy pizza with Parma ham and mozzarella
italian;Skinny beef lasagne
italian;Torta menjar blanc
italian;Calabrian pork ribs
italian;Stuffed aubergines
italian;One-layer lasagne
italian;Ricotta dumplings 
italian;Sicilian fish with sweet potato chips
italian;Porchetta
italian;La gran lasagna
italian;Pork loin with Parma ham and oregano
italian;Leftover turkey pasta with bacon, peas and cream
italian;Bresaola salad
italian;Gemelli with anchovies, tomatoes and mascarpone
italian;Rick Stein's tiramisu
italian;How to make lasagne
italian;Slow-cooked family stew with polenta
italian;Linguine with prawns and mussels
italian;Pasta with chilli, bacon and tomato sauce
italian;Lamb with fresh peas (Agnello con piselli freschi)
italian;Ricotta pesto 
italian;Fennel and lemon risotto, Parmesan crisps and fennel fritters
italian;Ciabatta
italian;Mushroom and spinach tagliatelle
italian;Easter lamb with peas 
italian;Sardinian couscous with clams
italian;Squid and prawns with chilli and marjoram
italian;Rib ragù
italian;Tiramisini
italian;Iced berries with limoncello white chocolate sauce
italian;Italian roast chicken with peppers and olives
italian;Meringue gelato cake with chocolate sauce
italian;Baby aubergines with oregano and red onions
italian;Spaghetti Bolognese with hidden veggies
italian;Spicy beans on toast
italian;Crab linguine
italian;Pepper, tomato and basil pasta
italian;Chicken cacciatore
italian;Cherry tomato and mozzarella salad 
italian;Pork fillet with honey and ginger
italian;Braised beef in red wine
italian;Pearl barley with spinach and pork mince
italian;Alpine pizza
italian;Sweet pepper frittata
italian;Spaghetti with chilli and garlic
italian;Pearl barley, butternut squash and sage risotto
italian;Lemon and ricotta tart
italian;Risotto alla Parmigiana
italian;Basic tomato and basil sauce for pasta
italian;Beef ragu with linguine
italian;Artichoke pasta
italian;Penne with anchovy, broccoli, chilli and garlic
italian;Tagliatelle with cavolo nero, chickpeas and pecorino
italian;Beef cheek and butternut broth in sourdough 
italian;Sausage, radicchio and lemon gnocchi
italian;Fillet of venison and wild mushroom sauce
italian;Grilled peach, burrata and basil salad with Dijon dressing
italian;Pork and parmesan ravioli 
italian;Chicken carbonara
italian;Veggie carbonara
italian;Penne with spicy tomato and mozzarella sauce
italian;Pumpkin risotto
italian;Bill's spicy sausage pasta
italian;Tomato ragù
italian;Tom Kerridge’s spaghetti Bolognese
italian;Seafood pasta with garlic bread
italian;Spaghetti with clams and chilli
italian;Parmesan shortbreads
italian;Christmas panna cotta
italian;Italian broccoli and egg salad
italian;Baked pasta shells filled with cheese
italian;Vanilla panna cotta
italian;Tomato, mozzarella and basil pizza
italian;Sun-dried tomato and olive bread
italian;Aubergine and mozzarella bake 
italian;Penne alla torrese
italian;Sausage and bean casserole
italian;Seafood risotto
italian;Goats' cheese cannelloni with cherry tomatoes
italian;Stuffed baby peppers
italian;Fettuccine Alfredo
italian;Pumpkin pasta with rosemary
italian;Gnocchi di spinaci e ricotta
italian;Bellini cocktail
italian;Sausage casserole with beans
italian;Artichokes alla Romana
italian;Barbecued veal chops with fresh herbs and salmoriglio
italian;How to make lasagne
japanese;Udon noodle soup
japanese;Teriyaki chicken with leek and pepper stir-fry
japanese;Furikake fries 
japanese;Asian-inspired cod with stir fry 
japanese;Miso ramen soup with buckwheat noodles
japanese;Sweet miso-marinated salmon with soba noodles
japanese;Quick and easy sushi maki (sushi rolls)
japanese;Tempura scallops and asparagus with ponzu dressing
japanese;Chashu pork ramen 
japanese;How to make chicken teriyaki
japanese;Grilled aubergines with miso
japanese;Spring miso soup
japanese;Prawn tempura
korean;Korean-inspired turkey bowl
mexican;Chilli con carne
mexican;Bean chilli with jackfruit
mexican;Easy chicken fajitas
mexican;Easy vegetarian quesadilla
mexican;Chicken and cheese quesadillas
mexican;Nachos
mexican;Chicken tacos
mexican;Chicken enchiladas
mexican;Smoky chicken quesadillas
mexican;Buñuelos with apple and raspberry purée
mexican;Spiced slow-cooked mutton with Mexican chillies, puréed squash and sautéed chard
mexican;Spicy Mexican bean soup
mexican;Beef and bean burrito
mexican;Breakfast burrito
mexican;Baked burrito
mexican;Mexican steak burrito
mexican;Bean and rice burrito
mexican;Turkey tortilla soup
mexican;Vegan chilli 
mexican;Pork taco
mexican;Easy veggie chilli 
mexican;Mexican tortilla baskets
mexican;Vegetarian chilli tacos
mexican;Vegetable chilli with tortilla chips
mexican;Vegetarian aubergine gorditas
mexican;Chipotle pork tacos
mexican;Homemade soft tacos with beef and black beans
mexican;Easy vegetarian tacos
mexican;Tortilla soup
mexican;Vegetarian fajitas 
mexican;Chicken burritos
mexican;Steak fajitas
mexican;Mexican fish with refried beans
mexican;Tortilla towers
mexican;Fried eggs and green salsa on tortilla chips (chilaquiles)
mexican;Mexican tortilla bake
mexican;Fish tacos
mexican;Sardines in tortillas with spicy tomato sauce and refried beans
mexican;Corn tortilla
mexican;Beef chilli with bitter chocolate 
mexican;Lighter chilli con carne with cauliflower 'rice' 
mexican;Carne con chile
mexican;Hot red chilli sauce
mexican;Deep-fried coconut prawns
mexican;Chilli chocolate truffles (Trufas de chocolate y chile pasilla)
mexican;Turkey enchiladas
mexican;Buñuelos with spiced guava syrup
mexican;Marinated ribs with tomatillo salsa, guacamole and tortilla chips
mexican;Quick beany enchiladas
mexican;Spicy black bean quesadilla
mexican;Lime and chipotle black bean tacos
mexican;Crisp sea bass tortillas with pink pickled onion
mexican;Real guacamole
mexican;Grilled vegetable wraps with salsa and guacamole
mexican;Spicy Mexican eggs (huevos rancheros)
mexican;Spicy chilli con carne with guacamole
mexican;Raw salsa
mexican;Hot chocolate
mexican;Chilli beef cornbread pies
nordic;Salted caramel and apple rolls
nordic;Icelandic breaded lamb chops with spiced red cabbage
nordic;Finnish split pea soup
nordic;Cinnamon buns
nordic;Kroppkakor (Swedish dumplings)
nordic;Norwegian tuna pasta bake
nordic;Cod gratin
nordic;Cod fish cakes ('frikadeller') with remoulade
nordic;Rye bread
nordic;Herring with dill and mustard potato salad
nordic;Jansson's frestelse (Jansson’s temptation)
nordic;Savoury pies with Jarlsberg cheese and ham (Norwegian pierogi)
nordic;Rye crispbread
nordic;St Lucia buns
nordic;Finnish pancakes
nordic;Swedish-style mini-meatballs
nordic;Swedish Lucia rolls
nordic;Codfish (klippfisk) soup
north_african;Moroccan grilled chicken
north_african;Slow-cooker lamb and sweet potato tagine
north_african;Moroccan-style chicken with couscous and yoghurt
north_african;Moroccan-style chicken casserole
north_african;Shakshuka traybake
north_african;Moroccan flatbread wraps with harissa
north_african;Lamb tagine with chickpeas
north_african;Shakshuka
north_african;Chicken and lemon tagine with herby tabbouleh
north_african;Lamb, shallot and date tagine
north_african;Moroccan lamb tagine with lemon and pomegranate couscous
north_african;Chicken tagine
north_african;Spiced North African-style eggs with homemade flatbreads
north_african;Spiced mutton stew with apricots
pakistani;Spicy naan bread
pakistani;Chana dal with tarka and tamarind 
pakistani;Lamb masala
pakistani;Saag gosht (lamb and spinach curry) with chapatis
pakistani;Seekh kebabs with mint sauce
pakistani;Mung dal saag
pakistani;Seekh kebabs and spicy chilli corn
pakistani;Pakistani chicken pulao
pakistani;Roti
pakistani;Chicken and spinach balti
pakistani;Vegetable pakoras
pakistani;Crunchy palak paneer
pakistani;Meatball curry
portuguese;Piri-piri roast chicken
portuguese;Pork and clams
portuguese;Easy piri-piri chicken
portuguese;Piri-piri prawns and harissa couscous
portuguese;Easy Portuguese custard tarts 
portuguese;Portuguese custard tarts
portuguese;Caldo verde (Portuguese cabbage soup)
south_american;Quinoa salad with mint and mango
south_american;Spiced beef empanadas
south_american;Chicken and chorizo empanadas
south_american;Feijoada 
south_american;Barbecued sirloin with chimichurri sauce
south_american;Salmon ceviche with fennel salad
spanish;Chicken and chorizo paella
spanish;Patatas bravas
spanish;Fried chicken wings with peas, serrano ham and eggs
spanish;Spanish omelette
spanish;Lunchbox chorizo frittata
spanish;Simple chorizo and bean stew
spanish;Basque chicken and chorizo pie
spanish;Chicken and chorizo casserole
spanish;Roast pork
spanish;Easy patatas bravas  
spanish;Gazpacho shots with pimenton and caraway seed twists
spanish;Pardina lentils with white wine, Serrano ham and pimentón
spanish;The Hairy Bikers' paella 
spanish;Chicken with rice (arroz con pollo)
spanish;Flamenco eggs
spanish;Vegetarian paella
spanish;Spanish garlic prawns
spanish;Chorizo tapas
spanish;Chicken stew with cider and chorizo
spanish;Spanish tortilla 
spanish;Easy Spanish chicken 
spanish;Gazpacho Hispaniola
spanish;Garlic mushrooms with sherry vinegar
spanish;Moorish meatballs
spanish;Tumbet
spanish;Chicken and chorizo rice
spanish;Lamb-stuffed aubergines with Moorish spices and Manchego cheese
spanish;Baked sea bream Rota-style
spanish;Rice with clams, prawns and aioli
spanish;Prawns with garlic butter
spanish;Nigel Slater's gazpacho 
spanish;Chicken with chorizo and potatoes
spanish;Arroz verde
spanish;Lettuce, anchovy and egg salad with a creamy vinaigrette
spanish;Spanish tomato bread
spanish;Hake with chorizo and potatoes (Merluza à la Gallega)
spanish;Spicy chorizo penne pasta
spanish;Scallops and chorizo
spanish;Rustic Spanish bread (Pan Rustico)
spanish;Baked Spanish risotto
spanish;Roasted sea bass with chorizo, red onion and cherry tomatoes
spanish;Spanish-style tortilla
spanish;Broad beans with jamon Ibérico
thai_and_south-east_asian;Jungle chicken curry with rice
thai_and_south-east_asian;Thai steamed salmon
thai_and_south-east_asian;Slow cooker chicken pho
thai_and_south-east_asian;Rainbow noodles
thai_and_south-east_asian;Panang chicken stir-fry
thai_and_south-east_asian;Chargrilled sea bass summer rolls with pineapple dipping sauce
thai_and_south-east_asian;Singapore noodles
thai_and_south-east_asian;Thai noodles with cinnamon and prawns
thai_and_south-east_asian;Asian-braised shin of beef with hot and sour shredded salad
thai_and_south-east_asian;Golden egg curry
thai_and_south-east_asian;Tom yum soup
thai_and_south-east_asian;South-East Asian vegetable and egg-fried rice
thai_and_south-east_asian;Thai-style fishcakes
thai_and_south-east_asian;Hot and spicy Thai squid salad (Yam pra-muek)
thai_and_south-east_asian;Thai lamb salad with spicy dressing
thai_and_south-east_asian;Steamed sea bass with a rice noodle salad
thai_and_south-east_asian;How to make Thai green curry paste
thai_and_south-east_asian;Thai roast chicken
turkish_and_middle_eastern;Healthy baked falafel
turkish_and_middle_eastern;Pomegranate and parsley tabbouleh
turkish_and_middle_eastern;Chunky halloumi chips 
turkish_and_middle_eastern;Fattoush with crisp olive flatbread
turkish_and_middle_eastern;Lokanta stew
turkish_and_middle_eastern;Vine-baked feta
turkish_and_middle_eastern;Homemade doner kebab
turkish_and_middle_eastern;Vegetarian chickpea burgers
turkish_and_middle_eastern;Simple baba ganoush
turkish_and_middle_eastern;Sticky chicken and vegetable kebabs with couscous
turkish_and_middle_eastern;Easy falafel 
turkish_and_middle_eastern;Turkish eggs
turkish_and_middle_eastern;Lemon hummus 
turkish_and_middle_eastern;Cumin and yoghurt chicken with cucumber and dill salad
turkish_and_middle_eastern;Lighter hummus with vegetable sticks
turkish_and_middle_eastern;Fattoush
turkish_and_middle_eastern;Oven-roasted chicken with sumac and pomegranate molasses
turkish_and_middle_eastern;Edamame falafel with roasted veg
turkish_and_middle_eastern;Sticky lamb buns with pickled cucumber relish
turkish_and_middle_eastern;Bulgur wheat balls
turkish_and_middle_eastern;Turkish spiced chicken with flatbreads and green relish
turkish_and_middle_eastern;Baba ganoush
turkish_and_middle_eastern;Maneesh
turkish_and_middle_eastern;Persian noodle soup
turkish_and_middle_eastern;Sucuk pide
turkish_and_middle_eastern;Mussel pilav
turkish_and_middle_eastern;Lamb doner
turkish_and_middle_eastern;Citrus spiced salmon
turkish_and_middle_eastern;Carrot and coriander falafel
turkish_and_middle_eastern;Mackerel kebabs
turkish_and_middle_eastern;Lebanese-spiced lamb flatbread
turkish_and_middle_eastern;Middle Eastern lentils
turkish_and_middle_eastern;Oven-cooked chicken shawarma
turkish_and_middle_eastern;Roasted red pepper hummus
turkish_and_middle_eastern;Parsley, tomato and bulgar wheat salad
turkish_and_middle_eastern;Tabbouleh
turkish_and_middle_eastern;Lemon and pomegranate couscous
turkish_and_middle_eastern;Spicy Middle Eastern kofte
turkish_and_middle_eastern;Turkish kofta kebabs with minted yoghurt and kohlrabi and carrot salad
