african;Jollof rice with chicken 
african;Jollof rice
african;Red-red stew with spiced plantain
african;Bunny chow
african;Jollof rice with fried plantains
american;Chicken and bacon ranch burger
american;Easy jambalaya
american;Banana pancakes with streaky bacon
american;Chocolate chip fluffy pancakes
american;Fluffy American pancakes
american;Vegan fluffy American pancakes 
american;Vegan fluffy pancake mix
american;Beef burgers with beetroot and carrot slaw
american;Chocolate muffins
american;Cheesecake brownies
american;Vegan brownies
american;Vegan chocolate chip cookies
american;Vegan vanilla cupcakes 
american;Macaroni cheese
american;How to make chilli con carne
american;Avocado salad
american;Eggs Benedict Florentine 
american;Reindeer Christmas cupcakes
american;Red velvet cake
american;Scrambled eggs with spinach and kale
american;Chocolate bark
american;Banana cake
american;Southern-fried buttermilk chicken with tomato salsa
american;Easy fried chicken
american;Southern "fried" chicken
american;Fried chicken
american;Southern-fried chicken and coleslaw
american;Peanut butter cookies
american;Sweetcorn fritters
american;Lemon drizzle cupcakes
american;Pumpkin pie
american;Chocolate cupcakes 
american;Griddle pan pumpkin waffles
american;Toffee apple muffins
american;Cream cheese frosting
american;Mac &amp; cheese
american;Berry crumble traybake
american;Blueberry and lemon traybake
american;Double chocolate brownies
american;Vanilla cupcake
american;Easy no-cook cheesecake
american;Macaroni cheese with leeks
american;Mary Berry's cranberry sauce
american;Oat, maple and nut granola 
american;The Biker burger
american;Apple and white chocolate rocky road 
american;Pumpkin muffins
american;Nigella's devil’s food cake
american;Reuben sandwich
american;Perfect apple pie
american;Pulled pork tacos
american;Slow-cooker apple-glazed ribs
american;Corn on the cob with burnt-onion ketchup
american;Smoked Texan chicken wings
american;Fish tacos 'Ensenada' 
american;Slow cooker pulled pork
american;Curry and lime spiced popcorn
american;Macaroni cauliflower cheese 
american;Healthy banana muffins
american;Soft chocolate chip cookies
american;Rocky road crunch bars
american;Blueberry muffins
american;Gluten-free American buttermilk pancakes
american;Mac and cheese 
american;Carrot cake traybake
american;Chocolate chip cookies
american;Double chocolate cherry brownies
american;Easy toffee apples
american;Banana muffins
american;Banana bread
american;New York chicken and apple salad
american;Doughnuts
american;Popcorn bars
american;Monkfish, mussel and prawn stew with sourdough (cioppino)
american;Turkey jambalaya
american;Clementine and almond cake
american;Waffles
american;Damson cobbler
american;Classic cheeseburgers
american;Buttermilk pancakes with maple bacon
american;Pot-roast turkey drumstick
american;Sweet potato gumbo with cornbread muffins
american;Chocolate fridge cake
american;Mississippi mud pie
american;Thick smoked-haddock chowder
american;Beef ribs with barbecue sauce, baked potato and chive soured cream
american;Breakfast muffins
american;BBQ chicken with coleslaw
american;Pulled chicken with barbecue sauce and baked potatoes
american;Momma's meat jambalaya
american;Blueberry butter
american;Cranberry sauce
american;Pumpkin cheesecake
american;Cherry pie
american;Popcorn espresso macchiato balls
american;Sweet sticky spicy ribs with red onion salad
american;New York cheesecake
american;Candied sweet potatoes
american;Crispy potato skins
american;Boston baked beans
american;Mom’s meatloaf
american;Cornbread
american;Barbecue ribs
american;BBQ sauce
british;Chocolate and orange scones
british;Pea and ham soup
british;Easy spinach soup with a poached egg
british;Mary Berry's fondant fancies
british;Traditional chicken pie
british;Pumpkin soup 
british;Pancakes
british;Cauliflower cheese soup
british;Carrot cake loaf
british;Gooseberry fool
british;Gremolata fish with tartare sauce
british;Sausage and mash
british;Mary Berry's perfect Victoria sandwich
british;Lucy’s strawberry slices
british;Orange butterfly cakes 
british;Mary's easy Bakewell tart
british;Pork, lentil and veg sausage rolls
british;Vegan fried breakfast
british;Light smoked haddock fish pie
british;Potato, leek and cheese pie
british;Mashed potato
british;Slow roast leg of lamb with herb rub
british;Grilled lamb steak with rosemary butter and chargrilled broccoli
british;Drop scones
british;Salted caramel millionaire’s shortbread
british;Yorkshire pudding 
british;Plum jam roly-poly
british;Healthy bara brith 
british;Mary Berry's banoffee pie
british;Vegan carrot cake
british;Vegan Victoria sponge
british;How to roast beef
british;Vegan lemon drizzle cake
british;Vegan nut loaf 
british;Vegan toad-in-the-hole with red onion gravy 
british;Vegan gravy
british;Vegan banana bread
british;Vegan Yorkshire puddings
british;Vegan Wellington 
british;Veggie toad-in-the-hole
british;James' sticky toffee pudding
british;Garlic mashed potato with olive oil
british;Winter lamb hotpot
british;Half-a-pear crumble 
british;Bangers and mash
british;Braised red cabbage
british;Cawl
british;Toad in the hole with onion gravy
british;Creamy parsnip and apple soup
british;Clootie pudding
british;Perfect roast potatoes
british;Roast pork shoulder
british;Tuscan beans on sourdough toast
british;Slow cooker vegetarian hotpot 
british;Vegetarian cottage pie
british;Deep-filled homity pie
british;Perfect Christmas turkey
british;James Martin's Yorkshire pudding
british;Rhubarb crumble and cream
british;Nigel Slater's apple crumble
british;Mary’s Victoria sandwich with buttercream
british;Apple crumble
british;Roast vegetable soup
british;Honey roast carrots
british;Watercress and pea soup
british;Roast butternut squash with cranberry relish and feta
british;Roast turkey crown
british;Iced mince pies
british;Sausage, pumpkin and sage casserole
british;Swede mash
british;Mini sausage rolls
british;Fudgy walnut cake
british;Mary Berry's Christmas stuffing
british;Gluten-free Christmas stuffing 
british;Sussex pond pudding with apples 
british;Nigel Slater's Lancashire hotpot 
british;Vanilla cake
british;Scones
british;Mary Berry's banana loaf
british;Mary Berry's coffee and walnut cake
british;Coffee and walnut cake with coffee cream
british;How to make Yorkshire puddings
british;Chocolate and ginger oat biscuits
british;Parsley sauce
british;How to roast potatoes
british;Leek soup
british;Leek and potato soup
british;Rock cakes
british;Chocolate self-saucing pudding
british;Tomato soup
british;Pumpkin, chilli and coconut soup
british;Curried parsnip soup
british;Mince pies
british;Easy mince pies
british;Roast ham
british;Boiled and baked ham
british;Slow cooked gammon with mustard sauce
british;Honey-glazed gammon
british;Christmas red cabbage
british;Easy roast potatoes
british;Pigs in blankets
british;Perfect cauliflower cheese with bacon
british;Roasted cauliflower cheese
british;Mary Berry's mince pies
british;Turkey pasta bake
british;Best roast potatoes
british;Brussels sprouts with pancetta
british;Brussels sprouts slaw
british;Fakeaway fish and chips with mushy peas
british;Sprouts with crispy bacon
british;Easy roast chicken with gravy
british;Roast chicken with apple spelt
british;Roast turkey roll
british;The best cottage pie 
british;Cauliflower cheese
british;Sausage roll wreath
british;Sage, onion and sausage stuffing balls
british;Chestnut stuffing
british;Vegan mince pies
british;Arctic roll
british;Paul Hollywood's Arctic roll
british;Proper baked beans with soda bread toast
british;English muffins
british;Tea loaf
british;Christmas carrots
british;Leftover turkey and potato pie
british;Hand-raised Boxing Day pie
british;Corned beef plate pie
british;Spiced apple chutney
british;Breakfast hash
british;Jam roly-poly
british;Traditional toad in the hole
british;Hearty chicken and chorizo soup
british;Braised steak with gravy
british;Cherry scones
british;Mary Berry’s bread and butter pudding
british;Mary Berry's fish pie
british;Ginger and pear upside-down cake
british;Panhaggerty
british;Microwave jacket potatoes with various toppings
british;Gluten-free lemon drizzle cake
british;Gluten-free Victoria sponge cake 
british;Broad bean and Little Gem salad
british;Sultana scones
british;Slow roasted lamb with minted Jersey Royals and mint sauce
british;Steamed syrup sponge pudding
british;Roast pork belly with apple bread sauce and rib gravy 
british;Sausage rolls with caramelised red onions
british;Gold millionaire's shortbread
british;Gingerbread biscuits
british;Paul Hollywood's Chelsea buns
british;Roast rib of beef and bone marrow gravy with roast potatoes 
british;Mustard, bacon and caramelised onion scones
british;Christmas bubble and squeak
british;Nigella's mince pies
british;Sausagemeat stuffing
british;Vegetarian stuffing
british;How to make chicken kievs
british;Christmas shortbread
british;Traditional shortbread 
british;Nigella's sticky toffee pudding
british;Best shepherd’s pie
british;Malt loaf
british;Paul Hollywood’s bloomer
british;Eggy bread
british;Buttermilk scones
british;Plain scones with jam and cream
british;Mary Berry's scones
british;Sponge cake
british;Fairy cakes
british;Flapjack cinnamon apple crumble
british;Meat and potato pie
british;Granola bars 
british;How to make steak and ale pie
british;Baked chicken goujons
british;Rich Yorkshire puddings
british;Make-ahead Yorkshire pudding
british;Easy sausage casserole
british;Stress-free full English breakfast
british;Mutton chops with potato and turnip gratin 
british;Smoky cheese and olive scones
british;Easy lemon drizzle cake
british;Cheap and cheerful chilli con carne
british;Sausage rolls
british;Sausage rolls with pickle
british;Puff pastry apple pies
british;Proper apple pie
british;Steak and kidney pie
british;Minced beef pie
british;Eton mess ice cream sundae
british;Low-fat beef and potato pies
british;Apple and blackberry crumble
british;Paul's apple and blackberry crumble
british;Chocolate flapjacks
british;Easy sticky toffee pudding with toffee sauce
british;Hidden vegetables shepherd’s pie
british;Quick shepherd’s pie
british;Kids’ fruit cobbler
british;Wholemeal cheese scones
british;Flapjacks
british;Homemade scones
british;How to make shortbread
british;Rice pudding with fresh strawberries
british;Paul’s mum’s jam tarts
british;Really good kedgeree
british;Fresh pea, broad bean and ham hock salad
british;Roast beetroot
british;Paul’s mum’s ginger biscuits
british;Mary's fish pie with soufflé topping
british;The Hairy Bikers' fish pie with cheese mash
british;Cottage pie
british;Lighter cottage pie 
british;Nigel Slater's shepherd's pie with spiced parsnip mash
british;Nigel Slater's all-in-one roast beef rib 
british;Pea and mint soup
british;Pea soup with pancetta
british;Mary Berry's easy chocolate cake
british;Apple charlotte
british;Gluten-free sticky toffee pudding
british;Treacle pudding
british;Roast lamb with Madeira gravy
british;Chocolate fairy cakes
british;Easiest-ever banoffee pie
british;Christmas rocky road
british;Ginger and walnut carrot cake
british;Potato salad
british;Cheese scones
british;Rhubarb crumble
british;Lemon and elderflower cake
british;Mary's sticky toffee pudding
british;Classic Welsh cakes
british;Hot cross buns
british;Mini Cornish pasties
british;Paul Hollywood's hot cross buns
british;Lardy cake
british;Manchester tart
british;Union Jack fondant fancies
british;Crumpets
british;Summer berry cheesecake
british;Victoria sponge
british;Lemon-and-herb stuffed shoulder of lamb
british;Smoked cheese and onion pasties
british;Summer pudding loaf 
british;Small pork pies with quails’ eggs
british;Victoria sponge with strawberry jam
british;Sticky toffee pudding with custard
british;Homemade Bakewell tart
british;Mary Berry's hot cross buns
british;How to make eccles cakes
british;Muesli
british;Free-form fruit pie
british;Earl Grey tea bread 
british;Ploughman's lunch salad
british;Raised chicken and ham pie
british;Lemon posset with lemon shortbread
british;Crab and leek tart
british;Sage and onion tear and share bread
british;Make-ahead sticky toffee pudding
british;Chocolate Christmas pudding cheesecake
british;Turkey, leek and ham pie
british;Turkey and ham pie
british;Traditional Yorkshire pudding
british;Summer berry shortbread cake
british;Fennel Welsh cakes with a blueberry coulis 
british;Apple crumble with cardamom custard
british;Mary Berry’s treacle tart with woven lattice top
british;Totally tropical Eton mess
british;Mini three-way biscuits
british;Greengrocers' hot pot 
british;Bakewell traybake
british;Lighter Eton mess
british;Diggers
british;Cheese scone
british;Mary Berry’s Easter biscuits
british;Definitive orange cake
british;Compost crumble
british;Traditional Welsh cakes
british;Chocolate olive oil cake
british;Strawberries and cream cupcakes  
british;Sausage and bacon rustic hotpot
british;Scouse eggs 
british;Scotch pies
british;Spiced-up Barnsley chops 
british;Poached chicken with carrots, kale and mushrooms
british;Treacle tart
british;Beef and horseradish sausage rolls 
british;Bacon rarebit with apple chutney
british;Jerusalem artichoke soup with white truffle oil
british;Veggie sausage rolls
british;Turkey gravy
british;Hot mustard pickle
british;Lemony pond pudding
british;Dundee cake
british;How to make Scotch broth
british;Glamorgan sausages with red onion and chilli relish
british;Autumn pudding
british;Pork pie with chicken and apricots
british;Bakewell tart
british;Jumble biscuits
british;Mary’s Bakewell tart 
british;Apple crumble with walnuts and sunflower seeds 
british;Frozen elderflower posset 
british;Root vegetable gratin
british;Mary Berry’s jaffa cakes
british;Football pies
british;Sticky toffee pudding
british;Rice pudding
british;Sautéed caramelised fennel
british;Ginger-glazed carrots
british;Crabcakes with a tomato, crab and basil dressing
british;Piccalilli
british;Basic buttercream icing
british;Easy summer pudding
british;Chocolate sponge cake
british;Shortbread
british;Easy cheese straws
british;Simnel cake cupcakes
british;Healthy plum crumble
british;Baked Welsh cake cheesecake
british;Minced beef pinwheels
british;Pancake Day pancakes
british;Battenberg cake
british;Mary’s frosted walnut layer cake
british;Tear and share Christmas Chelsea buns
british;Strawberry and almond crumble
british;Swiss roll with homemade raspberry jam
british;Bara brith
british;Homemade fish fingers
british;Mini Victoria sponge cakes
british;Fantastic fish fingers
british;Potato wedges with rosemary
british;Chicken pie
british;Spiced oat cookies
british;Low-fat chicken and mushroom pie
british;How to cook venison
british;Iced fingers
british;Chelsea buns
british;Slow-roasted pork belly with boulangère potatoes
british;Winter crumble tart
british;Easy bread sauce
british;Tomato chutney
british;Mango chutney
british;Bonfire toffee 
british;Homemade jaffa cakes
british;Blackberry jelly
british;Fresh plum chutney
british;Scouse pie
british;Raised pork and egg pie
british;Chocolate orange pond pudding
british;Bacon and egg pie
british;Lardy cake crown
british;Heather honey sponge
british;Apple and Wensleydale pie
british;Steamed liquorice sponges
british;Veggie crumble
british;My mother’s cheese and onion pie
british;Celery baked in vinaigrette with pancetta and shallots
british;Corned beef and onion pie
british;Scotch broth
british;Fennel and mushroom tartlets
british;Scotch eggs
british;Syrup sponge in the microwave
british;Roast chestnuts
british;Nutty toffee apples
british;Millionaire's shortbread
british;West country gratin 
british;Lemon cheesecake
british;Cheese and tomato chutney turnovers
british;Kedgeree
british;Veggie kedgeree
british;Steak pasty
british;Quick apricot, apple and pecan loaf cake
british;Rice pudding with rhubarb compôte
british;Apple sauce
british;Real mint sauce
british;Roasted Jerusalem artichokes
british;Apple and rhubarb muffins
british;Yorkshire parkin
british;Toad in the hole
british;Bangers with herby mash and onion gravy
british;Tomato confit canapés
british;Grilled squid with lemon, garlic and cumin
british;Brandy snaps
british;Chocolate beetroot cakes
british;Roast belly of pork with root vegetables
british;Bannock
british;Vegetarian haggis stuffed mushrooms
british;Medium-cut Seville orange marmalade
british;Cream roasted swede soup
british;Banoffee cheesecake with chocolate sauce
british;Spiced teacakes
british;Egg and bacon pie
british;Honey flapjacks
british;Christmas mini-muffins
caribbean;Rice and peas
caribbean;Salt fish fritters
caribbean;Sticky gingerbread cake
caribbean;Sticky jerk chicken wings
caribbean;Jerk chicken thighs
caribbean;Jerk chicken
caribbean;Caribbean goat curry 
caribbean;Jerk pork with sweet potato mash
caribbean;Homestyle jerk chicken wings
caribbean;Saltfish and ackee with fried dumplings
caribbean;Caribbean chicken and pumpkin curry
caribbean;Caribbean toastie cups with avocado, mango and mint
caribbean;Sunny vegetable patties
chinese;Egg-fried rice
chinese;Chilli-fried tofu with egg-fried rice
chinese;Spicy Sichuan (dan dan) noodles 
chinese;Asian-style sticky chicken
chinese;Chicken and cashew noodle stir-fry
chinese;General Tso’s chicken with garlic chive and mushroom noodles
chinese;Healthy sweet and sour king prawn stir-fry
chinese;Sweet and sour chicken
chinese;Easy chicken chow mein
chinese;Vegetarian egg fried rice
chinese;Healthy sweet and sour chicken
chinese;Spicy tofu and edamame beans
chinese;Chinese dumplings with mushrooms and butternut squash
chinese;Crispy chicken with braised aubergine
chinese;Tofu with 'oyster' sauce
chinese;Chinese duck noodles
chinese;Chinese lemon chicken
chinese;Peking-style vegetable dumplings
chinese;Chicken egg-fried rice
chinese;Easy vegetable stir-fry
chinese;Chilli crab with egg noodles
chinese;Stir-fried cabbage with garlic
chinese;Chicken and sweetcorn noodles 
chinese;Hoisin salmon with broccoli and noodles 
chinese;Easy chow mein for kids
chinese;Lighter stir-fried beef with broccoli and sweetcorn
chinese;Chicken with black bean sauce
chinese;Slow cooker Chinese-style beef
chinese;Short rib bao burger and spicy cucumber salad
chinese;Radish and sesame soy noodle salad
chinese;Lighter egg fried rice 
chinese;Chicken and cashew nut stir-fry
chinese;Chilli chicken
chinese;Singapore-style noodles
chinese;Pickled cucumber
chinese;Oriental chicken salad
chinese;Sticky barbecue chicken wings and drumsticks
chinese;Special fried rice
chinese;Duck pancakes with hoisin sauce
chinese;Steamed ginger fish served with egg-fried rice
chinese;Steamed Cantonese-style fish
chinese;Steamed chilli soy tofu
chinese;Sichuan-style sea bass with wok-fried vegetables
chinese;Stir-fried chilli chicken
chinese;Egg fried rice with tomatoes
chinese;Roast crispy pork belly with egg fried rice
chinese;Chilli beef with sticky rice omelette
chinese;Beef in oyster sauce
chinese;Spicy pork, rice and greens
chinese;Chinese pork potsticker dumplings
chinese;Chicken stir-fried with pak choi
chinese;Stir-fried vegetable wraps
chinese;Chicken and vegetable spring rolls
east_european;Dobos torte
east_european;Blinis
east_european;Creamy paprika chicken
east_european;Braised red cabbage with apples
east_european;Beef stroganoff
east_european;Bigos stew
east_european;Pierogi 
east_european;Sausage and chorizo goulash
east_european;Lemon and thyme pork schnitzel with potato salad
east_european;Aubergine and walnut caviar
east_european;Beef goulash soup (Gulyas leves)
east_european;Shashlik kebabs with sour cream dip and plum sauce
east_european;Pork meatloaf with soured cream (Faschierter Rahmbraten)
east_european;Latvian salad
east_european;Estonian lamb shanks
east_european;Simple layered salad
east_european;Albanian baked lamb with rice (Tavë kosi)
east_european;Pork fillet stroganoff
east_european;Chicken paprika
east_european;Classic chicken Kiev with spring vegetables
east_european;Povitica 
east_european;Beef stroganoff with matchstick potatoes
french;Spiced pear tarte tatin with soured ice cream
french;Individual lemon tartlets
french;Cappuccino crème brûlées
french;Creamy mushroom pancakes
french;Salted caramel and coffee éclairs
french;Croque monsieur
french;Vegan French toast with berries 
french;Quiche Lorraine
french;Galette
french;Tarte tatin
french;Jammy biscuits
french;Mint chocolate cookies
french;Ratatouille
french;Coconut macaroons
french;Brioches à tête
french;Raspberry millefeuille
french;Génoise sponge with blueberry compôte and vanilla cream
french;Salad verte with croûtons
french;Madeleines
french;Profiteroles
french;Vanilla and yoghurt panna cotta with pomegranate jelly
french;Pork chop “Maman Blanc” with sauté potatoes
french;Rack of lamb with potato dauphinoise
french;Béchamel sauce
french;Traditional puff pastry
french;Apple, rocket and feta buckwheat galettes
french;Roasted chump of lamb with rustic ratatouille
french;Courgette gratin
french;Apple tarte tatin
french;Leek and Stilton quiche
french;Cheese sauce
french;Olive sourdough fougasse
french;Salmon and Puy lentils with parsley
french;French toast with bananas and maple syrup
french;Pistou linguine 
french;French toast with ham and cheddar
french;Parmesan French toast
french;Confit duck leg with flageolet ragoût and celeriac mash
french;Spring lamb stew
french;Mincemeat and marzipan couronne
french;Langues de chat biscuits
french;Quick tartare sauce
french;Plum and marzipan tarte tatin 
french;Chocolate truffles
french;Blueberry and lemon millefeuille
french;Herby puff twists and pepper and goats’ cheese palmiers
french;Fresh herb fougasse 
french;Croque monsieur kites
french;Paul Hollywood's baguettes
french;Arlettes
french;Red onion, fennel and chilli tarte tatin
french;Homemade buttery croissants
french;Lemon and raspberry éclairs
french;Cherry clafoutis
french;Pâte sucrée (sweet shortcrust pastry)
french;Pear and apricot frangipane tart
french;Apricot tarte tatin
french;Red onion tarte tatin
french;Homemade chocolate truffles
french;Celeriac remoulade
greek;Spinach and feta pie (Spanakopita)
greek;Flaounes
greek;Greek-style pasta salad
greek;Easy Greek salad
greek;Pork souvlaki with oregano
greek;Stuffed vegetables
greek;Red lentil and aubergine moussaka
greek;Galaktoboureko with orange syrup
greek;Gigantes with tomatoes and greens
greek;Kozani chicken with prunes, saffron and paprika
greek;Souvlakia with tzatziki
greek;Old rag pie
greek;Halloumi saganaki
greek;Mediterranean lamb chops
greek;Spinach, feta and pine nut salad
greek;Pan-fried chicken pie 
greek;Grilled lamb with feta and lemon
greek;Cherry tomato, marinated feta and basil skewers
greek;Greek apricots
indian;Beef biryani
indian;Chana masala
indian;Carrot and parsnip bhajis with coriander and chilli chutney
indian;Paneer with spinach
indian;Naan bread
indian;Vegetable curry
indian;Cabbage with mustard seeds
indian;Mulligatawny soup
indian;Poha potatoes
indian;Baked aloo gobi with flatbreads
indian;Black dal
indian;Dry curry of cabbage, carrot and coconut (Thoran) 
indian;Butternut and sweet potato curry
indian;Vegan chickpea curry
indian;Lighter spinach and cherry tomato dal
indian;Aloo gobi and jeera rice
indian;Anardana chana (pomegranate and chickpea curry)
indian;Spinach, aubergine and chickpea curry
indian;Vegan potato cake with chickpea curry
indian;Potato and pea curry (aloo dum) 
indian;Vegan blackeye bean curry
indian;Spicy lentil soup (sambar)
indian;Easy chicken curry
indian;Spinach and paneer kati rolls 
indian;Oven-fried chilli chicken
indian;Southern Indian fried chicken
indian;Indian fried chicken
indian;Vegetable samosas
indian;Tandoori chicken skewers
indian;Okra curry
indian;Dal with quick naan breads
indian;Whole eggs in coconut masala (egg molee)
indian;Paneer jalfrezi
indian;Kidney bean curry (rajma) 
indian;Vegetable curry with quick naan breads
indian;Sweet potato and chickpea curry 
indian;Saag aloo with roasted gobi curry
indian;Masala sauce
indian;Easy vegetable curry
indian;Curried cauliflower with spinach
indian;Lamb curry with khooba roti 
indian;Chicken korma
indian;Indian potato raised pie
indian;Creamy chicken korma
indian;Goan pulled pork 
indian;Chicken tikka and naan bread
indian;Low-fat chicken tikka masala
indian;Baked chicken curry
indian;Cucumber and mint raita
indian;Spiced cod fish cakes
indian;Roast chicken masala and potatoes
indian;King prawn coconut curry 
indian;Butter chicken   
indian;Butter chicken curry and chapati
indian;Easy tandoori chicken
indian;Masala omelette with parathas
indian;Ajwain parathas 
indian;Punjabi chicken curry 
indian;Bangladeshi chicken korma 
indian;Tandoori chicken tikka 
indian;Goat curry
indian;Spinach paneer
indian;Chicken dhansak
indian;Spinach and paneer wrap with mushrooms
indian;Whole tandoori chicken with coriander chutney
indian;Samosa pie 
indian;Prawn saffron biryani
indian;Tandoori king prawns with butter sauce
indian;Easy chicken korma
indian;Keralan chicken curry
indian;Mango lassi
indian;Indian scrambled eggs
indian;Southern Indian mixed vegetable curry (Avial)
indian;Bengal coconut dal
indian;Masala chicken with minted yoghurt sauce
indian;Indian chicken stew
indian;Easy chicken tikka masala
indian;Chicken tikka masala
indian;Vegetable pilau rice
indian;Simple chicken curry
indian;Goan lamb curry
indian;Masala dosa in a chapati
indian;Lemon rice
indian;Easy potato and pea samosas
indian;Bengali butternut squash with chickpeas
indian;Spinach and cheese samosas
indian;Shami kebabs 
indian;Tarka dal
indian;Paneer and vegetable skewers
indian;Rogan josh
indian;Kashmiri biryani 
indian;Quick veggie korma
indian;Quick chicken biryani
indian;Beef chilli flash-fry with yoghurt rice
indian;Madhur Jaffrey's chicken korma with almonds
indian;The Hairy Bikers' chicken korma
indian;Chicken with spinach
indian;Chicken jalfrezi
indian;Kheer
indian;Chickpea, spinach and egg curry
indian;Lamb madras with bombay potatoes
indian;Prawns with coconut, chillies and mustard seeds 
indian;Indian-spiced smoked mackerel
indian;The ultimate masala tea
indian;Quick chicken Madras
indian;Lamb bhuna with garlic naan
indian;Tandoori cod burger
indian;Mango smoothie
indian;Pilau rice
indian;Fragrant pilau rice
indian;Chapatis
indian;Lamb and fenugreek dumpling stew
indian;Vegetable pakoras and coconut dal
indian;Pea kachori
indian;Chicken and rosewater biryani
indian;Gobi 65
indian;Tandoori lamb wrap
indian;Simple chicken and potato curry
indian;Hot-smoked salmon kedgeree
indian;Bombay potatoes
indian;Tandoori chicken lollipop drumsticks with raita dip
indian;Pumpkin halwa
indian;Green chutney
indian;British beef Raj curry
indian;Chicken and apricot curry with potato straws (sali murghi)
indian;Fennel seed drop-biscuits
indian;Creamy lentils and rice
indian;Kerala king prawn and coconut curry
indian;Aromatic beef curry
indian;Spiced cauliflower
indian;Gulab jamun
indian;Baked samosas
indian;Tarka dal with rice
indian;Low-fat chicken curry
indian;South Indian chicken curry
indian;Lamb and lentil curry
indian;Indian-spiced lamb shoulder with Bombay potatoes
indian;How to make lamb curry
indian;Indian deep-fried soft-shell crab with lime pickle
indian;Chicken curry with basmati rice
indian;Garam masala
indian;Vegetable biryani 
indian;Tandoori-style chicken
indian;Pork vindaloo
indian;Paneer-stuffed peppers
indian;Ghoogra
indian;Spicy crab cakes
indian;Onion bhaji
indian;Spiced lamb burgers with herbed yoghurt
indian;Yoghurt-spiced chicken skewers
indian;Lamb kebabs
indian;Strawberry saffron dip (shrikhand)
indian;Lamb curry with basmati rice
irish;Paul Hollywood's soda bread
irish;Soda bread
irish;Irish beef stew
irish;Boxty with crisp streaky bacon and maple syrup
irish;Irish fish chowder with soda bread
irish;Potato soup
irish;Rhubarb pie
irish;Irish soda bread
irish;Champ
italian;How to make spaghetti Bolognese
italian;Lemon sorbet
italian;Rhubarb panna cotta with roasted rhubarb
italian;Gluten-free almond biscuits
italian;Prosciutto and pesto chicken thighs
italian;Spring minestrone soup with pesto
italian;Pasta primavera
italian;Spicy sausage pasta
italian;Lamb cutlets with mint, chilli and golden potatoes
italian;Spaghetti puttanesca
italian;Chocolate pasta with caramel and pecans
italian;Creamy chilli, bacon and tomato spaghetti
italian;Easy panzanella
italian;Paul Hollywood's focaccia
italian;Vegan lasagne 
italian;The best vegetable lasagne 
italian;Marinated beetroot
italian;Mushroom crostini
italian;Courgetti with vegan pesto 
italian;Easy spaghetti Bolognese
italian;Curly kale (or cavolo nero) with rosemary and chilli
italian;Pasta and bean soup (Pasta e fagioli)
italian;Tuscan bacon and bean soup with wild garlic pesto
italian;Spaghetti with garlic and chilli
italian;Easy panettone
italian;Italian lentil soup
italian;Gluten-free minestrone
italian;Kids’ minestrone soup 
italian;Quick minestrone
italian;Homemade minestrone
italian;Minestrone
italian;Healthy minestrone soup
italian;Sea bass fillet with rosemary and lemon
italian;Aubergine parmigiana
italian;Hearty wholewheat pasta with Brussels sprouts, cheese and potato
italian;Turkey meatballs in tomato sauce
italian;Fennel sausages braised with lemony potatoes and bay leaves
italian;Christmas Genoa cake
italian;Puy lentil bolognese with pasta
italian;Broccoli and anchovy pasta
italian;Penne with roasted vegetable and tomato sauce
italian;Pumpkin lasagne
italian;San Marzano tomato pizza
italian;Mary Berry’s lasagne
italian;Spaghetti and meatballs
italian;Spaghetti with roasted bolognese  
italian;How to make pizza
italian;Pizza dough
italian;Panettone
italian;Perfect panzanella
italian;Griddled lamb chops with inzimino
italian;Mary's aubergine pasta bake
italian;Quick meatballs with cherry tomato sauce
italian;Kids' spaghetti and meatballs
italian;Spiced biscotti with an orange syllabub dip
italian;Deep fried calamari with garlic and lemon mayonnaise
italian;Penne al'arrabiata (pasta with a spicy tomato sauce)
italian;Quick broccoli pasta
italian;Easy spaghetti and meatballs
italian;Fresh pasta dough
italian;Pesto lemon chicken
italian;Baked meatballs with hidden veggies
italian;Lighter carbonara 
italian;Mediterranean chicken with potatoes
italian;Panzanella
italian;Chargrilled broccoli pasta with chilli and garlic
italian;Penne with peas and beans
italian;Courgette pasta with spinach balls
italian;Sea bream with a courgette salad with fresh mint and rocket
italian;Italian-style courgette and parmesan soup
italian;Gluten-free chocolate cake
italian;Piedmontese roast peppers
italian;Healthy pasta salad
italian;Panna cotta with pineapple and ginger salsa
italian;Spinach and ricotta ravioli with sage butter
italian;Quick pepperoni pizza
italian;Meatballs with tomato sauce
italian;Biscotti with hot mocha dipping sauce
italian;Sicilian lemon and orange sweet bread
italian;Prosciutto, mozzarella and fig pizza
italian;Bacon and mushroom frittata
italian;Butternut squash ravioli with fried sage leaves and sun-dried tomatoes
italian;Amaretti biscuits
italian;Meatballs with fennel and ricotta
italian;Italian strawberry and chocolate chunk cake
italian;Linguine alla puttanesca
italian;Easy pizza with Parma ham and mozzarella
italian;Calabrian pork ribs
italian;Stuffed aubergines
italian;One-layer lasagne
italian;Ricotta dumplings 
italian;La gran lasagna
italian;Leftover turkey pasta with bacon, peas and cream
italian;Ricotta pesto 
italian;Ciabatta
italian;Mushroom and spinach tagliatelle
italian;Sicilian pasta with tomatoes, garlic and almonds
italian;Ceps tortellini with roasted nuts and sage butter
italian;Silk handkerchief pasta with pesto
italian;Rib ragù
italian;Ruby-red plum and amaretti crumble
italian;Italian roast chicken with peppers and olives
italian;Baby aubergines with oregano and red onions
italian;Meatzza
italian;Tuscan fries
italian;Spaghetti Bolognese with hidden veggies
italian;Spicy beans on toast
italian;Spaghetti with kale, anchovies and chilli
italian;Pasta with almond, basil and pecorino pesto (pesto alla Trapanese)
italian;Pepper, tomato and basil pasta
italian;Honey and chestnut cake
italian;Cherry tomato and mozzarella salad 
italian;Alpine pizza
italian;Sweet pepper frittata
italian;Spaghetti with chilli and garlic
italian;Pearl barley, butternut squash and sage risotto
italian;Warm chocolate and amaretto pudding 
italian;Risotto alla Parmigiana
italian;Basic tomato and basil sauce for pasta
italian;Smoky tomato sauce for pasta
italian;Artichoke pasta
italian;Penne with anchovy, broccoli, chilli and garlic
italian;Tagliatelle with cavolo nero, chickpeas and pecorino
italian;Beef cheek and butternut broth in sourdough 
italian;Basic tortellini with ricotta and pine nuts
italian;Hazelnut and orange biscotti
italian;Sausage, radicchio and lemon gnocchi
italian;Pork and parmesan ravioli 
italian;Pumpkin risotto
italian;Bill's spicy sausage pasta
italian;Tomato ragù
italian;Tom Kerridge’s spaghetti Bolognese
italian;Cherry and ginger florentines
italian;How to make pesto
italian;Parmesan shortbreads
italian;Healthy mini pizzas
italian;Baked pasta shells filled with cheese
italian;Tomato, mozzarella and basil pizza
italian;Sun-dried tomato and olive bread
italian;Aubergine and mozzarella bake 
italian;Penne alla torrese
italian;Sausage and bean casserole
italian;Stuffed baby peppers
italian;Tortellini with spinach and ricotta
italian;Fettuccine Alfredo
italian;Gnocchi di spinaci e ricotta
italian;Quick tomato and basil tart
italian;Sausage casserole with beans
italian;Barbecued veal chops with fresh herbs and salmoriglio
japanese;Tofu sushi bowl
japanese;Cod in a pistachio and matcha crumb
japanese;Teriyaki chicken with leek and pepper stir-fry
japanese;Furikake fries 
japanese;Asian-inspired cod with stir fry 
japanese;Miso ramen soup with buckwheat noodles
japanese;Miso chicken with walnuts and grapes
japanese;Simple miso, tofu and mushroom ramen
japanese;Tonkatsu pork
japanese;Chashu pork ramen 
japanese;How to make chicken teriyaki
japanese;Grilled aubergines with miso
korean;Korean-inspired turkey bowl
korean;Korean bulgogi chicken stir-fry
mexican;Bean chilli with jackfruit
mexican;Easy chicken fajitas
mexican;Easy vegetarian quesadilla
mexican;Chicken and cheese quesadillas
mexican;Nachos
mexican;Chicken tacos
mexican;Chicken enchiladas
mexican;Smoky chicken quesadillas
mexican;Vegan nachos
mexican;Spicy Mexican bean soup
mexican;Sweet potato and black bean burritos
mexican;Vegetarian burritos
mexican;Beef and bean burrito
mexican;Baked burrito
mexican;Mexican steak burrito
mexican;Bean and rice burrito
mexican;Turkey tortilla soup
mexican;Vegan chilli 
mexican;Pork taco
mexican;Easy veggie chilli 
mexican;Mexican tortilla baskets
mexican;Vegetable chilli with tortilla chips
mexican;Vegetarian aubergine gorditas
mexican;Homemade soft tacos with beef and black beans
mexican;Easy vegetarian tacos
mexican;Tortilla soup
mexican;Vegetarian fajitas 
mexican;Chicken fajitas
mexican;Chicken burritos
mexican;Steak fajitas
mexican;Mexican fish with refried beans
mexican;Tortilla towers
mexican;Fish tacos
mexican;Sardines in tortillas with spicy tomato sauce and refried beans
mexican;Corn tortilla
mexican;Beef chilli with bitter chocolate 
mexican;Lighter chilli con carne with cauliflower 'rice' 
mexican;Carne con chile
mexican;Hot red chilli sauce
mexican;Deep-fried coconut prawns
mexican;Chilli chocolate truffles (Trufas de chocolate y chile pasilla)
mexican;Chicken mole poblano
mexican;Turkey enchiladas
mexican;Buñuelos with spiced guava syrup
mexican;Marinated ribs with tomatillo salsa, guacamole and tortilla chips
mexican;Quick beany enchiladas
mexican;Spicy black bean quesadilla
mexican;Tropical churros
mexican;Lime and chipotle black bean tacos
mexican;Crisp sea bass tortillas with pink pickled onion
mexican;Real guacamole
mexican;Grilled vegetable wraps with salsa and guacamole
mexican;One pot chilli con carne 
mexican;Spicy chilli con carne with guacamole
mexican;Raw salsa
mexican;Hot chocolate
mexican;Chilli beef cornbread pies
nordic;Salted caramel and apple rolls
nordic;Vegan cinnamon buns
nordic;Icelandic breaded lamb chops with spiced red cabbage
nordic;Finnish split pea soup
nordic;Cinnamon buns
nordic;Kroppkakor (Swedish dumplings)
nordic;Cod fish cakes ('frikadeller') with remoulade
nordic;Rye bread
nordic;Cardamom and lemon cookies
nordic;Jansson's frestelse (Jansson’s temptation)
nordic;The Hairy Bikers' trout almondine
nordic;Savoury pies with Jarlsberg cheese and ham (Norwegian pierogi)
nordic;Rye crispbread
nordic;St Lucia buns
nordic;Finnish pancakes
nordic;Almond rice pudding and cherry compôte
nordic;Speculaas biscuits (traditional continental Christmas biscuits)
nordic;Swedish-style mini-meatballs
nordic;Swedish Lucia rolls
north_african;Moroccan fish stew
north_african;Moroccan grilled chicken
north_african;Slow-cooker lamb and sweet potato tagine
north_african;Moroccan vegetables with couscous
north_african;Moroccan-style chicken with couscous and yoghurt
north_african;Butternut squash tagine with couscous
north_african;Moroccan-style chicken casserole
north_african;Shakshuka traybake
north_african;Spiced vegetable tagine
north_african;Lamb tagine with chickpeas
north_african;Easy chicken tagine
north_african;Marinated minty lamb kebabs
north_african;Chicken leg tagine with prunes, apricots and roasted almonds
north_african;Baklava bites
north_african;Chicken and lemon tagine with herby tabbouleh
north_african;Dukkah lamb cutlets with quinoa salad
north_african;Slow cooker chickpea tagine
north_african;Lamb, shallot and date tagine
north_african;Moroccan lamb tagine with lemon and pomegranate couscous
north_african;Slow cooker chicken with lemon and olives
north_african;Chicken tagine
pakistani;Spicy naan bread
pakistani;Chana dal with tarka and tamarind 
pakistani;Lamb masala
pakistani;Seekh kebabs with mint sauce
pakistani;Mung dal saag
pakistani;Seekh kebabs and spicy chilli corn
pakistani;Pakistani chicken pulao
pakistani;Roti
pakistani;Chicken and spinach balti
pakistani;Vegetable pakoras
pakistani;Instant Punjabi-style pickle
pakistani;Crunchy palak paneer
pakistani;Meatball curry
pakistani;Extra special beef biryani 
portuguese;Easy piri-piri chicken
portuguese;Piri-piri prawns and harissa couscous
portuguese;Almond tart
portuguese;Caldo verde (Portuguese cabbage soup)
south_american;Quinoa salad with mint and mango
south_american;Spiced beef empanadas
south_american;Chicken and chorizo empanadas
south_american;Feijoada 
south_american;Barbecued sirloin with chimichurri sauce
spanish;Patatas bravas
spanish;Lunchbox chorizo frittata
spanish;Simple chorizo and bean stew
spanish;Easy patatas bravas  
spanish;Gazpacho shots with pimenton and caraway seed twists
spanish;The Hairy Bikers' paella 
spanish;Flamenco eggs
spanish;Vegetarian paella
spanish;Spanish tortilla 
spanish;Gazpacho Hispaniola
spanish;Garlic mushrooms with sherry vinegar
spanish;Moorish meatballs
spanish;Tumbet
spanish;Chicken and chorizo rice
spanish;Lamb-stuffed aubergines with Moorish spices and Manchego cheese
spanish;Rice with clams, prawns and aioli
spanish;Prawns with garlic butter
spanish;Nigel Slater's gazpacho 
spanish;Arroz verde
spanish;Spanish tomato bread
spanish;Rustic Spanish bread (Pan Rustico)
spanish;Baked Spanish risotto
spanish;Roasted sea bass with chorizo, red onion and cherry tomatoes
spanish;Broad beans with jamon Ibérico
thai_and_south-east_asian;Salmon traybake
thai_and_south-east_asian;Chicken satay noodles
thai_and_south-east_asian;Thai chicken curry
thai_and_south-east_asian;Jungle chicken curry with rice
thai_and_south-east_asian;Vegetable Thai red curry
thai_and_south-east_asian;Bang bang turkey
thai_and_south-east_asian;Tofu mee goreng noodles 
thai_and_south-east_asian;Thai fish curry 
thai_and_south-east_asian;Beef rendang with herby rice 
thai_and_south-east_asian;Vegan Thai red curry
thai_and_south-east_asian;Easy pad Thai
thai_and_south-east_asian;Slow cooker chicken pho
thai_and_south-east_asian;Tofu Thai green curry
thai_and_south-east_asian;Vegetable Thai curry
thai_and_south-east_asian;Malaysian-spiced noodles with tofu
thai_and_south-east_asian;Coconut and chocolate balls
thai_and_south-east_asian;Apple momos
thai_and_south-east_asian;Simple Thai noodle soup
thai_and_south-east_asian;Paris-Brest wheels
thai_and_south-east_asian;Rainbow noodles
thai_and_south-east_asian;Veggie Thai aubergine curry
thai_and_south-east_asian;Thai green curry
thai_and_south-east_asian;Khao soi noodles 
thai_and_south-east_asian;Thai green chicken curry
thai_and_south-east_asian;Panang chicken stir-fry
thai_and_south-east_asian;Stir fry lime and coconut chicken
thai_and_south-east_asian;Chargrilled sea bass summer rolls with pineapple dipping sauce
thai_and_south-east_asian;Slow cooker chicken curry
thai_and_south-east_asian;Thai fish cakes
thai_and_south-east_asian;Ox cheek massaman curry
thai_and_south-east_asian;Coconut chilli chicken
thai_and_south-east_asian;Thai coconut-chilli prawns
thai_and_south-east_asian;Nasi goreng with lime and sugar barbecued chicken
thai_and_south-east_asian;Stir-fried chilli pork
thai_and_south-east_asian;Turkey salad with Chinese cabbage, beansprouts and Vietnamese mint
thai_and_south-east_asian;Soy and honey chicken with coconut brown rice
thai_and_south-east_asian;Chilli beef rendang
thai_and_south-east_asian;Coconut fish curry
thai_and_south-east_asian;Chilli and lemongrass chicken
thai_and_south-east_asian;Lemon and lime chicken with coriander-fried rice
thai_and_south-east_asian;Tom yum soup
thai_and_south-east_asian;South-East Asian vegetable and egg-fried rice
thai_and_south-east_asian;Thai pork kebabs
thai_and_south-east_asian;Chicken Thai red curry
thai_and_south-east_asian;Nigel Slater's Thai green curry
thai_and_south-east_asian;Thai lamb salad with spicy dressing
thai_and_south-east_asian;Steamed sea bass with a rice noodle salad
thai_and_south-east_asian;Chilli pork with pineapple rice
thai_and_south-east_asian;Super satay chicken
thai_and_south-east_asian;Thai green prawn curry
thai_and_south-east_asian;Thai roast chicken
thai_and_south-east_asian;Thai fishcakes served with Thai cucumber salad
turkish_and_middle_eastern;Ras-el-hanout chicken wraps with a yoghurt sauce
turkish_and_middle_eastern;Healthy baked falafel
turkish_and_middle_eastern;Pomegranate and parsley tabbouleh
turkish_and_middle_eastern;Chunky halloumi chips 
turkish_and_middle_eastern;Fattoush with crisp olive flatbread
turkish_and_middle_eastern;Lokanta stew
turkish_and_middle_eastern;Greens with giant couscous and tahini
turkish_and_middle_eastern;Vine-baked feta
turkish_and_middle_eastern;Homemade doner kebab
turkish_and_middle_eastern;Vegetarian chickpea burgers
turkish_and_middle_eastern;Falafel burger 
turkish_and_middle_eastern;Simple baba ganoush
turkish_and_middle_eastern;Muhammara (red pepper dip)
turkish_and_middle_eastern;Sticky chicken and vegetable kebabs with couscous
turkish_and_middle_eastern;Easy falafel 
turkish_and_middle_eastern;Baked potatoes with Middle Eastern beans and greens
turkish_and_middle_eastern;Lemon hummus 
turkish_and_middle_eastern;Cumin and yoghurt chicken with cucumber and dill salad
turkish_and_middle_eastern;Lighter hummus with vegetable sticks
turkish_and_middle_eastern;Fattoush
turkish_and_middle_eastern;Oven-roasted chicken with sumac and pomegranate molasses
turkish_and_middle_eastern;Edamame falafel with roasted veg
turkish_and_middle_eastern;Sticky lamb buns with pickled cucumber relish
turkish_and_middle_eastern;Bulgur wheat balls
turkish_and_middle_eastern;Baba ganoush
turkish_and_middle_eastern;Maneesh
turkish_and_middle_eastern;Stuffed aubergine with feta and pomegranate
turkish_and_middle_eastern;Persian noodle soup
turkish_and_middle_eastern;Lebanese rice pudding
turkish_and_middle_eastern;Sucuk pide
turkish_and_middle_eastern;Mussel pilav
turkish_and_middle_eastern;Lamb doner
turkish_and_middle_eastern;Beef and aubergine fatteh 
turkish_and_middle_eastern;Butternut squash with Persian pistachio pesto, feta and pomegranate seeds
turkish_and_middle_eastern;Kotlets with herb salad
turkish_and_middle_eastern;Syrian-inspired brunch
turkish_and_middle_eastern;Carrot and coriander falafel
turkish_and_middle_eastern;Spinach, feta and pine nut parcels
turkish_and_middle_eastern;Lebanese-spiced lamb flatbread
turkish_and_middle_eastern;Fesenjoon 
turkish_and_middle_eastern;Baklava
turkish_and_middle_eastern;Suriani home-style chicken curry (‘ishtu’)
turkish_and_middle_eastern;Middle Eastern lentils
turkish_and_middle_eastern;Apricot almond cake with rosewater and cardamom
turkish_and_middle_eastern;Za’atar cod with relish 
turkish_and_middle_eastern;Oven-cooked chicken shawarma
turkish_and_middle_eastern;Roasted red pepper hummus
turkish_and_middle_eastern;Muhallabi (almond milk pudding)
turkish_and_middle_eastern;Moroccan lamb tagine
turkish_and_middle_eastern;Maple and balsamic glazed lamb chops with couscous
turkish_and_middle_eastern;Parsley, tomato and bulgar wheat salad
turkish_and_middle_eastern;Warm, spiced oranges with labneh
turkish_and_middle_eastern;Tabbouleh
turkish_and_middle_eastern;Spicy Middle Eastern kofte
turkish_and_middle_eastern;Turkish kofta kebabs with minted yoghurt and kohlrabi and carrot salad
turkish_and_middle_eastern;Rose and pistachio Turkish delight
