african;Red-red stew with spiced plantain
american;Vegan fluffy American pancakes 
american;Vegan fluffy pancake mix
american;Vegan brownies
american;Vegan chocolate chip cookies
american;Vegan vanilla cupcakes 
american;Avocado salad
american;Mary Berry's cranberry sauce
american;Curry and lime spiced popcorn
american;Blueberry butter
american;Crispy potato skins
american;BBQ sauce
british;Vegan fried breakfast
british;Vegan shepherd’s pie 
british;Vegan carrot cake
british;Vegan Victoria sponge
british;Vegan lemon drizzle cake
british;Vegan nut loaf 
british;Vegan toad-in-the-hole with red onion gravy 
british;Vegan gravy
british;Vegan banana bread
british;Vegan Yorkshire puddings
british;Mushroom and ale pie
british;Vegan Wellington 
british;Braised red cabbage
british;Tuscan beans on sourdough toast
british;Slow cooker vegetarian hotpot 
british;Roast vegetable soup
british;Leek soup
british;Tomato soup
british;Pumpkin, chilli and coconut soup
british;Mary Berry's mulled wine
british;Christmas red cabbage
british;Easy roast potatoes
british;Brussels sprouts slaw
british;Vegan mince pies
british;Spiced apple chutney
british;Sloe gin fizz
british;Winter salad
british;Piccalilli
british;Easy summer pudding
british;Sloe gin
british;Potato wedges with rosemary
british;Spiced oat cookies
british;Tomato chutney
british;Mango chutney
british;Blackberry jelly
british;Fresh plum chutney
british;Real mint sauce
british;Medium-cut Seville orange marmalade
caribbean;Rice and peas
chinese;Spicy tofu and edamame beans
chinese;Tofu with 'oyster' sauce
chinese;Peking-style vegetable dumplings
chinese;Stir-fried cabbage with garlic
chinese;Radish and sesame soy noodle salad
chinese;Pickled cucumber
french;Vegan French toast with berries 
french;Ratatouille
french;Salad verte with croûtons
french;Baguettes
french;Olive sourdough fougasse
french;Fresh herb fougasse 
french;Paul Hollywood's baguettes
french;Vegetables with red pepper rouille 
french;Caponata ratatouille
greek;Gigantes with tomatoes and greens
indian;Chana masala
indian;Vegetable curry
indian;Cabbage with mustard seeds
indian;Poha potatoes
indian;Baked aloo gobi with flatbreads
indian;Black dal
indian;Dry curry of cabbage, carrot and coconut (Thoran) 
indian;Butternut and sweet potato curry
indian;Lighter spinach and cherry tomato dal
indian;Aloo gobi and jeera rice
indian;Anardana chana (pomegranate and chickpea curry)
indian;Spinach, aubergine and chickpea curry
indian;Vegan potato cake with chickpea curry
indian;Potato and pea curry (aloo dum) 
indian;Vegan blackeye bean curry
indian;Spicy lentil soup (sambar)
indian;Okra curry
indian;Sweet potato and chickpea curry 
indian;Masala sauce
indian;Stuffed paratha for kids
indian;Ajwain parathas 
indian;Vegetable pilau rice
indian;Lemon rice
indian;Bengali butternut squash with chickpeas
indian;Tarka dal
indian;Chapatis
indian;Pea kachori
indian;Bombay potatoes
indian;Green chutney
indian;Slow cooker dal
indian;Garam masala
italian;Lemon sorbet
italian;Paul Hollywood's focaccia
italian;Vegan lasagne 
italian;Marinated beetroot
italian;Mushroom crostini
italian;Courgetti with vegan pesto 
italian;Curly kale (or cavolo nero) with rosemary and chilli
italian;Minestrone
italian;Panzanella
italian;Chargrilled broccoli pasta with chilli and garlic
italian;Baby aubergines with oregano and red onions
italian;Tuscan fries
italian;Spicy beans on toast
italian;Pepper, tomato and basil pasta
italian;Spaghetti with chilli and garlic
italian;Smoky tomato sauce for pasta
italian;Tomato ragù
italian;Sun-dried tomato and olive bread
italian;Bellini cocktail
italian;Artichokes alla Romana
japanese;Tofu sushi bowl
japanese;Miso aubergine with noodles
japanese;Grilled aubergines with miso
mexican;Bean chilli with jackfruit
mexican;Vegan nachos
mexican;Spicy Mexican bean soup
mexican;Sweet potato and black bean burritos
mexican;Vegetarian aubergine gorditas
mexican;Corn tortilla
mexican;Hot red chilli sauce
mexican;Real guacamole
mexican;Grilled vegetable wraps with salsa and guacamole
mexican;Raw salsa
nordic;Vegan cinnamon buns
pakistani;Mung dal saag
pakistani;Roti
pakistani;Vegetable pakoras
pakistani;Instant Punjabi-style pickle
south_american;Quinoa salad with mint and mango
spanish;Patatas bravas
spanish;Easy patatas bravas  
spanish;Vegetarian paella
spanish;Garlic mushrooms with sherry vinegar
spanish;Tumbet
spanish;Nigel Slater's gazpacho 
spanish;Spanish tomato bread
thai_and_south-east_asian;Tofu mee goreng noodles 
thai_and_south-east_asian;Vegan Thai red curry
thai_and_south-east_asian;Tofu Thai green curry
thai_and_south-east_asian;Oriental vegetable kebabs with peanut dressing
thai_and_south-east_asian;Vegetable Thai curry
thai_and_south-east_asian;Malaysian-spiced noodles with tofu
thai_and_south-east_asian;Coconut and chocolate balls
thai_and_south-east_asian;Veggie Thai aubergine curry
turkish_and_middle_eastern;Fattoush with crisp olive flatbread
turkish_and_middle_eastern;Lokanta stew
turkish_and_middle_eastern;Greens with giant couscous and tahini
turkish_and_middle_eastern;Falafel burger 
turkish_and_middle_eastern;Simple baba ganoush
turkish_and_middle_eastern;Muhammara (red pepper dip)
turkish_and_middle_eastern;Fattoush
turkish_and_middle_eastern;Quick hummus
turkish_and_middle_eastern;Roasted red pepper hummus
turkish_and_middle_eastern;Muhallabi (almond milk pudding)
turkish_and_middle_eastern;Parsley, tomato and bulgar wheat salad
turkish_and_middle_eastern;Tabbouleh
