african;Red-red stew with spiced plantain
african;Jollof rice with fried plantains
american;Chocolate chip fluffy pancakes
american;Fluffy American pancakes
american;Pancakes with poached egg, ham and easy hollandaise
american;Vegan fluffy American pancakes 
american;Vegan fluffy pancake mix
american;Chocolate muffins
american;Cheesecake brownies
american;Vegan brownies
american;Vegan chocolate chip cookies
american;Vegan vanilla cupcakes 
american;Macaroni cheese
american;Avocado salad
american;Reindeer Christmas cupcakes
american;Red velvet cake
american;Scrambled eggs with spinach and kale
american;Chocolate bark
american;Banana cake
american;Peanut butter cookies
american;Sweetcorn fritters
american;Lemon drizzle cupcakes
american;Pecan pie
american;Pumpkin pie
american;Chocolate cupcakes 
american;Angel food cake with lemon curd
american;Griddle pan pumpkin waffles
american;Toffee apple muffins
american;Cream cheese frosting
american;Berry crumble traybake
american;Blueberry and lemon traybake
american;Double chocolate brownies
american;Vanilla cupcake
american;Easy no-cook cheesecake
american;Mary Berry's cranberry sauce
american;Oat, maple and nut granola 
american;Pumpkin muffins
american;Nigella's devil’s food cake
american;Perfect apple pie
american;Curry and lime spiced popcorn
american;Macaroni cauliflower cheese 
american;Healthy banana muffins
american;Soft chocolate chip cookies
american;Blueberry muffins
american;Carrot cake traybake
american;Chocolate chip cookies
american;Chocolate brownies
american;Double chocolate cherry brownies
american;Easy toffee apples
american;Chocolate ripple cheesecake
american;Baked white chocolate cheesecake
american;Lemon poppy seed cake
american;Banana muffins
american;Banana bread
american;Vanilla baked cheesecake with blackberries
american;Doughnuts
american;Chocolate hazelnut spread brownies
american;Clementine and almond cake
american;Waffles
american;Damson cobbler
american;Maple, pecan and cranberry granola
american;Halloween ghost cupcakes
american;Sweet potato gumbo with cornbread muffins
american;Chocolate fridge cake
american;Valentine cupcakes
american;Mississippi mud pie
american;Chocolate chip cookie dough pots
american;Breakfast muffins
american;Key lime pie
american;Blueberry butter
american;Cranberry sauce
american;Pumpkin cheesecake
american;Cherry pie
american;New York cheesecake
american;Key lime and elderflower pie
american;American baked cheesecake
american;Individual strawberry shortcakes
american;Crispy potato skins
american;Cornbread
american;BBQ sauce
british;Chocolate and orange scones
british;Easy spinach soup with a poached egg
british;Strawberry jam tarts
british;Mary Berry's fondant fancies
british;Lemon drizzle traybake
british;Pumpkin soup 
british;Pancakes
british;Cauliflower cheese soup
british;Scottish cranachan 
british;Carrot cake loaf
british;Strawberry meringue roulade
british;Gooseberry and elderflower custard
british;Gooseberry fool
british;Mary Berry's perfect Victoria sandwich
british;Orange butterfly cakes 
british;Peach posset
british;Mary's easy Bakewell tart
british;Vegan fried breakfast
british;Real proper custard
british;Potato, leek and cheese pie
british;Mashed potato
british;Drop scones
british;Salted caramel millionaire’s shortbread
british;Yorkshire pudding 
british;Black Forest cranachan
british;Plum jam roly-poly
british;Individual queen of puddings
british;Nigella's queen of puddings 
british;Healthy bara brith 
british;Mary Berry's banoffee pie
british;Vegan shepherd’s pie 
british;Vegan carrot cake
british;Vegan Victoria sponge
british;Vegan lemon drizzle cake
british;Vegan nut loaf 
british;Vegan toad-in-the-hole with red onion gravy 
british;Vegan gravy
british;Vegan banana bread
british;Vegan Yorkshire puddings
british;Mushroom and ale pie
british;Vegan Wellington 
british;Veggie toad-in-the-hole
british;James' sticky toffee pudding
british;Garlic mashed potato with olive oil
british;Half-a-pear crumble 
british;James Martin's apple charlotte
british;Braised red cabbage
british;Bubble and squeak
british;Creamy parsnip and apple soup
british;Mushroom and parsnip rösti pie
british;Tuscan beans on sourdough toast
british;Slow cooker vegetarian hotpot 
british;Vegetarian cottage pie
british;Deep-filled homity pie
british;Classic cranachan
british;Lighter cranachan
british;Rhubarb crumble and cream
british;Nigel Slater's apple crumble
british;Mary’s Victoria sandwich with buttercream
british;Apple crumble
british;Roast vegetable soup
british;Broccoli and Stilton soup 
british;Curried cauliflower soup
british;Honey roast carrots
british;Watercress and pea soup
british;Mary Berry's classic Christmas cake
british;Mary Berry's classic fruit cake
british;Roast butternut squash with cranberry relish and feta
british;Swede mash
british;Fudgy walnut cake
british;Vanilla cake
british;Scones
british;Mary Berry's banana loaf
british;Coffee and walnut cake with coffee cream
british;Chocolate and ginger oat biscuits
british;Parsley sauce
british;Leek soup
british;Leek and potato soup
british;Rock cakes
british;Chocolate self-saucing pudding
british;Tomato soup
british;Pumpkin, chilli and coconut soup
british;Curried parsnip soup
british;Christmas mince pies
british;Mary Berry's mulled wine
british;Homemade mince pies
british;Mince pies
british;Spiced Christmas cake
british;Apricot and brandy Christmas cake
british;Christmas cake
british;Christmas red cabbage
british;Easy roast potatoes
british;Creamy cauliflower cheese
british;Roasted cauliflower cheese
british;Mary Berry's mince pies
british;Creamy mustard sprouts
british;Roast parsnips
british;Brussels sprouts slaw
british;Nut roast
british;Nut roast with mushroom gravy
british;Cauliflower cheese
british;Christmas pudding cake 
british;Chestnut stuffing
british;Vegan mince pies
british;Arctic roll
british;Paul Hollywood's Arctic roll
british;English muffins
british;Mary Berry’s tipsy trifle
british;Egg custard tarts
british;Tea loaf
british;Christmas carrots
british;Eccles cakes
british;Spiced apple chutney
british;Traditional toad in the hole
british;Cherry scones
british;Mary Berry’s bread and butter pudding
british;Scottish cranachan with a wee twist
british;Cherry trifle
british;Ginger and pear upside-down cake
british;Custard
british;Gluten-free lemon drizzle cake
british;Gluten-free Victoria sponge cake 
british;Broad bean and Little Gem salad
british;Sultana scones
british;Steamed syrup sponge pudding
british;Plum crumble
british;Homemade cranberry sauce
british;Easy Christmas pudding
british;Mary Berry's Christmas pudding
british;Gold millionaire's shortbread
british;Gingerbread biscuits
british;Parkin with cider and golden syrup sauce
british;Chocolate and stout cake
british;Easy mulled wine
british;Vegetarian stuffing
british;Easy sage and onion stuffing
british;Christmas shortbread
british;Traditional shortbread 
british;Sloe gin fizz
british;Nigella's sticky toffee pudding
british;Christmas red cabbage
british;Malt loaf
british;Paul Hollywood’s bloomer
british;Blackberry and apple pies
british;Eggy bread
british;Buttermilk scones
british;Plain scones with jam and cream
british;Mary Berry's scones
british;Sponge cake
british;Classic bread and butter pudding
british;Fairy cakes
british;Flapjack cinnamon apple crumble
british;Granola bars 
british;Smoky cheese and olive scones
british;Easy lemon drizzle cake
british;Puff pastry apple pies
british;Proper apple pie
british;Eton mess ice cream sundae
british;Apple and blackberry crumble
british;Paul's apple and blackberry crumble
british;Chocolate flapjacks
british;Easy sticky toffee pudding with toffee sauce
british;Traditional simnel cake
british;Strawberries and cream meringues
british;Kids’ fruit cobbler
british;Red Nose Day shortbread
british;Wholemeal cheese scones
british;Flapjacks
british;Homemade scones
british;How to make shortbread
british;Rice pudding with fresh strawberries
british;Paul’s mum’s jam tarts
british;Roast beetroot
british;Paul’s mum’s ginger biscuits
british;Easy Eton mess
british;Eton mess
british;Mary Berry's easy chocolate cake
british;Apple charlotte
british;Gluten-free sticky toffee pudding
british;Treacle pudding
british;Luscious lemon Swiss roll cake
british;Chocolate fairy cakes
british;Easiest-ever banoffee pie
british;Ginger and walnut carrot cake
british;Potato salad
british;Cheese scones
british;Rhubarb crumble
british;Lemon and elderflower cake
british;Mary's sticky toffee pudding
british;Classic Welsh cakes
british;Hot cross buns
british;Bread and butter pudding
british;Paul Hollywood's hot cross buns
british;Manchester tart
british;Union Jack fondant fancies
british;Crumpets
british;Victoria sponge
british;Custard slice
british;Smoked cheese and onion pasties
british;Victoria sponge with strawberry jam
british;Sticky toffee pudding with custard
british;Homemade Bakewell tart
british;Mary Berry's hot cross buns
british;How to make eccles cakes
british;Muesli
british;Christmas trifle
british;Free-form fruit pie
british;Earl Grey tea bread 
british;Ploughman's lunch salad
british;Cricket cake with strawberries and lemon curd 
british;Lemon posset with lemon shortbread
british;Christmas pudding trifle
british;Eggnog
british;Sage and onion tear and share bread
british;Make-ahead sticky toffee pudding
british;Chocolate Christmas pudding cheesecake
british;Last minute Christmas pudding
british;Summer berry shortbread cake
british;Fennel Welsh cakes with a blueberry coulis 
british;Winter salad
british;Apple crumble with cardamom custard
british;Mary Berry’s treacle tart with woven lattice top
british;Totally tropical Eton mess
british;Mini three-way biscuits
british;Strawberry pavlova
british;Greengrocers' hot pot 
british;Baked plums with mascarpone
british;Bakewell traybake
british;Lighter Eton mess
british;Real vanilla ice cream
british;Diggers
british;Cheese scone
british;Mary Berry’s Easter biscuits
british;Compost crumble
british;Traditional Welsh cakes
british;Chocolate olive oil cake
british;Strawberries and cream cupcakes  
british;Scouse eggs 
british;Fast rhubarb tart with mascarpone cream
british;Rhubarb fool with lemongrass
british;Treacle tart
british;Whisky shortbread ding dangs
british;Veggie sausage rolls
british;Hot mustard pickle
british;Dundee cake
british;Glamorgan sausages with red onion and chilli relish
british;Autumn pudding
british;Bakewell tart
british;Jumble biscuits
british;Mary’s Bakewell tart 
british;Apple crumble with walnuts and sunflower seeds 
british;Frozen elderflower posset 
british;Eggs Florentine
british;Custard tart
british;Root vegetable gratin
british;Sticky toffee pudding
british;Rice pudding
british;Sautéed caramelised fennel
british;Ginger-glazed carrots
british;Piccalilli
british;Easy summer pudding
british;Chocolate sponge cake
british;Sloe gin
british;Shortbread
british;Easy cheese straws
british;Simnel cake cupcakes
british;Super-rich chocolate ice cream
british;White chocolate and ginger cheesecake
british;Healthy plum crumble
british;Pancake Day pancakes
british;Battenberg cake
british;Mary’s frosted walnut layer cake
british;Strawberry and almond crumble
british;Brandy (or rum) sauce
british;Swiss roll with homemade raspberry jam
british;Mincemeat trifle
british;Bara brith
british;Mini Victoria sponge cakes
british;Baked apples
british;Potato wedges with rosemary
british;Crisp winter slaw
british;Spiced oat cookies
british;Rhubarb and custard tart
british;Mary Berry's royal icing
british;Raspberry and pistachio cake trifle
british;Christmas pudding
british;Iced fingers
british;Chelsea buns
british;Winter crumble tart
british;Easy bread sauce
british;Tomato chutney
british;Mango chutney
british;Lemon meringue pie
british;Bonfire toffee 
british;Toffee apple sponge pudding
british;Blackberry jelly
british;Rhubarb fool
british;Fresh plum chutney
british;Deconstructed cream tea
british;Cumberland rum Nicky
british;Heather honey sponge
british;Apple and Wensleydale pie
british;Steamed liquorice sponges
british;Veggie crumble
british;Sherry trifle
british;Fennel and mushroom tartlets
british;Stilton and toasted walnut balls
british;Sage and onion stuffing
british;Syrup sponge in the microwave
british;Roast chestnuts
british;Nutty toffee apples
british;Millionaire's shortbread
british;Classic summer berry sorbet
british;Lemon cheesecake
british;Cheese and tomato chutney turnovers
british;Veggie kedgeree
british;Quick apricot, apple and pecan loaf cake
british;Rice pudding with rhubarb compôte
british;Hot cross bun bread and butter pudding
british;Apple sauce
british;Real mint sauce
british;Roasted Jerusalem artichokes
british;Apple and rhubarb muffins
british;Iced lemon curd layer cake
british;Brandy butter
british;Mincemeat
british;Yorkshire parkin
british;Tomato confit canapés
british;Raspberry and cherries jubilee trifle
british;Brandy snaps
british;Buttermilk pound cake with Pimms-soaked fruits
british;Raspberry ripple ice cream
british;Chocolate beetroot cakes
british;Bannock
british;Vegetarian haggis stuffed mushrooms
british;Medium-cut Seville orange marmalade
british;Cream roasted swede soup
british;Banoffee cheesecake with chocolate sauce
british;Spiced teacakes
british;Honey flapjacks
british;Christmas mini-muffins
british;Gooseberry snow
caribbean;Rice and peas
caribbean;Sticky gingerbread cake
caribbean;Jamaican rum truffles 
caribbean;Ginger, pecan and rum chocolate brownies
caribbean;Caribbean toastie cups with avocado, mango and mint
caribbean;Sunny vegetable patties
caribbean;Creole aubergines
caribbean;Hot hot roots with fresh mango and coconut relish
chinese;Egg-fried rice
chinese;Chilli-fried tofu with egg-fried rice
chinese;Vegetarian egg fried rice
chinese;Spicy tofu and edamame beans
chinese;Chinese dumplings with mushrooms and butternut squash
chinese;Tofu with 'oyster' sauce
chinese;Peking-style vegetable dumplings
chinese;Easy vegetable stir-fry
chinese;Stir-fried cabbage with garlic
chinese;Vegetarian spring rolls
chinese;Easy chow mein for kids
chinese;Radish and sesame soy noodle salad
chinese;Pickled cucumber
chinese;Steamed chilli soy tofu
chinese;Egg fried rice with tomatoes
chinese;Stir-fried vegetable wraps
east_european;Dobos torte
east_european;Blinis
east_european;Braised red cabbage with apples
east_european;Vodka strawberry cheesecake
east_european;Pierogi 
east_european;Aubergine and walnut caviar
east_european;Really good rye bread
east_european;Latvian salad
east_european;Sweet pierogi
east_european;Povitica 
french;Cheese and ham pancakes
french;Spiced pear tarte tatin with soured ice cream
french;Individual lemon tartlets
french;Cappuccino crème brûlées
french;Pears poached in cardamom, cinnamon and chilli syrup with salted caramel sauce
french;Caramel and coffee choux buns
french;Classic crème caramel
french;Creamy mushroom pancakes
french;Chocolate and raspberry crème brûlée
french;Salted caramel and coffee éclairs
french;Mary Berry's celeriac remoulade
french;Baked camembert 
french;Vegan French toast with berries 
french;Cheese, pistachio and prune cake 
french;Galette
french;Tarte tatin
french;Jammy biscuits
french;Mint chocolate cookies
french;Ratatouille
french;Coconut macaroons
french;French apple tart
french;Floating islands with spun sugar
french;Tuiles with chocolate mousse
french;Brioches à tête
french;Religieuse
french;Opera cake
french;Raspberry millefeuille
french;Génoise sponge with blueberry compôte and vanilla cream
french;Salad verte with croûtons
french;Creamy mushroom sauce
french;Apple and passion fruit tartlets
french;Floating islands
french;Madeleines
french;Fruit tarts
french;Profiteroles
french;Profiteroles with cheat’s custard 
french;Floating islands (Îles flottantes)
french;Béchamel sauce
french;Apple, rocket and feta buckwheat galettes
french;Apple tarte tatin
french;Leek and Stilton quiche
french;Cheese sauce
french;Baguettes
french;Olive sourdough fougasse
french;Butternut squash tarte tatin
french;Fabulous fruit tarts
french;French toast with bananas and maple syrup
french;Pistou linguine 
french;Bras de gitan
french;Baked camembert with garlic bread
french;Raspberry tartlets 
french;Tarte tatin with calvados cream
french;Mincemeat and marzipan couronne
french;Fraisier cake
french;Langues de chat biscuits
french;Quick tartare sauce
french;Raymond Blanc's chocolate mousse
french;Original crème brûlée
french;Hot chocolate soufflé
french;Plum and marzipan tarte tatin 
french;Chocolate truffles
french;Blueberry and lemon millefeuille
french;Herby puff twists and pepper and goats’ cheese palmiers
french;Marjolaine
french;Fresh herb fougasse 
french;Macaroons
french;Classic lemon tart
french;Rosace à l’orange 
french;Clementine syllabub and crêpes Suzette
french;Lavender crème caramel with lavender shortbread
french;Raspberry and pistachio éclairs
french;Paul Hollywood's baguettes
french;Arlettes
french;Chocolate macaroons
french;Red onion, fennel and chilli tarte tatin
french;How to make crème brûlée
french;Homemade buttery croissants
french;Vegetables with red pepper rouille 
french;Caponata ratatouille
french;Rum and honey babas
french;Chocolate éclairs
french;Lemon and raspberry éclairs
french;Cherry clafoutis
french;Pâte sucrée (sweet shortcrust pastry)
french;Coffee crème caramels
french;Pear and apricot frangipane tart
french;Apricot tarte tatin
french;Plum clafoutis
french;Rhubarb and vanilla clafoutis
french;Hollandaise sauce
french;Grilled lettuce with goats' cheese
french;Red onion tarte tatin
french;Orange caramel custard
french;Poached pears in Sauternes
french;Celeriac remoulade
french;Classic crêpes suzette
french;Béarnaise sauce
greek;Feta and greens filo triangles
greek;Vegetarian moussaka 
greek;Flaounes
greek;Greek-style pasta salad
greek;Easy Greek salad
greek;Greek salad
greek;Stuffed vegetables
greek;Grilled aubergines with garlic, parsley and feta
greek;Red lentil and aubergine moussaka
greek;Galaktoboureko with orange syrup
greek;Gigantes with tomatoes and greens
greek;Old rag pie
greek;Halloumi saganaki
greek;Spinach, feta and pine nut salad
greek;Cherry tomato, marinated feta and basil skewers
greek;Greek apricots
indian;Chana masala
indian;Carrot and parsnip bhajis with coriander and chilli chutney
indian;Naan bread
indian;Vegetable curry
indian;Cabbage with mustard seeds
indian;Mulligatawny soup
indian;Poha potatoes
indian;Baked aloo gobi with flatbreads
indian;Black dal
indian;Dry curry of cabbage, carrot and coconut (Thoran) 
indian;Butternut and sweet potato curry
indian;Vegan chickpea curry
indian;Lighter spinach and cherry tomato dal
indian;Aloo gobi and jeera rice
indian;Anardana chana (pomegranate and chickpea curry)
indian;Spinach, aubergine and chickpea curry
indian;Vegan potato cake with chickpea curry
indian;Potato and pea curry (aloo dum) 
indian;Vegan blackeye bean curry
indian;Nimki
indian;Spicy lentil soup (sambar)
indian;Spinach and paneer kati rolls 
indian;Vegetable samosas
indian;Okra curry
indian;Dal with quick naan breads
indian;Whole eggs in coconut masala (egg molee)
indian;Paneer jalfrezi
indian;Kidney bean curry (rajma) 
indian;Vegetable curry with quick naan breads
indian;Sweet potato and chickpea curry 
indian;Saag aloo with roasted gobi curry
indian;Masala sauce
indian;Easy vegetable curry
indian;Curried cauliflower with spinach
indian;Indian potato raised pie
indian;Cucumber and mint raita
indian;Masala omelette with parathas
indian;Stuffed paratha for kids
indian;Ajwain parathas 
indian;Spinach paneer
indian;Spinach and paneer wrap with mushrooms
indian;Mango lassi
indian;Indian scrambled eggs
indian;Southern Indian mixed vegetable curry (Avial)
indian;Bengal coconut dal
indian;Vegetable pilau rice
indian;Masala dosa in a chapati
indian;Lemon rice
indian;Easy potato and pea samosas
indian;Bengali butternut squash with chickpeas
indian;Spinach and cheese samosas
indian;Tarka dal
indian;Paneer and vegetable skewers
indian;Quick veggie korma
indian;Kheer
indian;Chickpea, spinach and egg curry
indian;The ultimate masala tea
indian;Mango smoothie
indian;Pilau rice
indian;Fragrant pilau rice
indian;Chapatis
indian;Vegetable pakoras and coconut dal
indian;Pea kachori
indian;Gobi 65
indian;Bombay potatoes
indian;Pumpkin halwa
indian;Green chutney
indian;Fennel seed drop-biscuits
indian;Creamy lentils and rice
indian;Spiced cauliflower
indian;Gulab jamun
indian;Baked samosas
indian;Tarka dal with rice
indian;Slow cooker dal
indian;How to make curry paste
indian;Garam masala
indian;Vegetable biryani 
indian;Paneer-stuffed peppers
indian;Ghoogra
indian;Onion bhaji
indian;Strawberry saffron dip (shrikhand)
irish;Paul Hollywood's soda bread
irish;Soda bread
irish;Irish coffee
irish;Irish rarebit
irish;Potato soup
irish;Rhubarb pie
irish;Irish soda bread
irish;Homemade Irish cream
irish;Champ
italian;New potato, spinach and goats’ cheese frittata
italian;Lemon sorbet
italian;Gluten-free almond biscuits
italian;Spring minestrone soup with pesto
italian;Pasta primavera
italian;Chocolate pasta with caramel and pecans
italian;Really easy mushroom risotto
italian;One-step no-churn coffee ice cream
italian;Paul Hollywood's focaccia
italian;Vegan lasagne 
italian;The best vegetable lasagne 
italian;Marinated beetroot
italian;Mushroom crostini
italian;Christmas tiramisu
italian;Courgetti with vegan pesto 
italian;Curly kale (or cavolo nero) with rosemary and chilli
italian;Pasta and bean soup (Pasta e fagioli)
italian;Spaghetti with garlic and chilli
italian;Easy panettone
italian;Italian lentil soup
italian;Gluten-free minestrone
italian;Quick minestrone
italian;Minestrone
italian;Aubergine parmigiana
italian;Hearty wholewheat pasta with Brussels sprouts, cheese and potato
italian;Gluten-free cheesecake
italian;Christmas Genoa cake
italian;Torta pasquale
italian;Puy lentil bolognese with pasta
italian;Penne with roasted vegetable and tomato sauce
italian;Pumpkin lasagne
italian;San Marzano tomato pizza
italian;Gin and tonic granita
italian;How to make pizza
italian;Pizza dough
italian;Panettone
italian;Chocolate hazelnut cake 
italian;Perfect panzanella
italian;Mary's aubergine pasta bake
italian;Tiramisu
italian;Spiced biscotti with an orange syllabub dip
italian;Penne al'arrabiata (pasta with a spicy tomato sauce)
italian;Quick broccoli pasta
italian;Creamy mushroom pasta
italian;Veggie pizza
italian;Vegetarian chard and cheese dumplings (strozzapreti)
italian;Fresh pasta dough
italian;Veggie puttanesca
italian;Panzanella
italian;Fresh farfalle with spinach, gorgonzola and walnuts
italian;Chargrilled broccoli pasta with chilli and garlic
italian;Risotto primavera
italian;Penne with peas and beans
italian;Courgette and lemon risotto
italian;Courgette pasta with spinach balls
italian;Courgette and mint frittata
italian;Creamy courgette pasta with peas
italian;Gluten-free chocolate cake
italian;Healthy pasta salad
italian;Sicilian lemon and orange sweet bread
italian;Butternut squash ravioli with fried sage leaves and sun-dried tomatoes
italian;Amaretti biscuits
italian;Italian strawberry and chocolate chunk cake
italian;Torta menjar blanc
italian;Stuffed aubergines
italian;Ricotta dumplings 
italian;Italian Christmas pudding cake
italian;Rick Stein's tiramisu
italian;Torta nera (chocolate walnut tart)
italian;Ricotta pesto 
italian;Ciabatta
italian;Mushroom and spinach tagliatelle
italian;Ceps tortellini with roasted nuts and sage butter
italian;Silk handkerchief pasta with pesto
italian;Ruby-red plum and amaretti crumble
italian;Tiramisini
italian;Iced berries with limoncello white chocolate sauce
italian;Sambuca kisses
italian;Meringue gelato cake with chocolate sauce
italian;Baby aubergines with oregano and red onions
italian;Tuscan fries
italian;Spicy beans on toast
italian;Pasta with almond, basil and pecorino pesto (pesto alla Trapanese)
italian;Soft chocolate nougat (torrone molle)
italian;Pepper, tomato and basil pasta
italian;Honey and chestnut cake
italian;Cherry tomato and mozzarella salad 
italian;Orange rice cake
italian;Sweet pepper frittata
italian;Spaghetti with chilli and garlic
italian;Pearl barley, butternut squash and sage risotto
italian;Warm chocolate and amaretto pudding 
italian;Lemon and ricotta tart
italian;Basic tomato and basil sauce for pasta
italian;Tom Kerridge’s butternut squash and sage risotto
italian;Gluten-free Venetian carrot cake
italian;Smoky tomato sauce for pasta
italian;Artichoke pasta
italian;Tagliatelle with cavolo nero, chickpeas and pecorino
italian;Basic tortellini with ricotta and pine nuts
italian;Hazelnut and orange biscotti
italian;Grilled peach, burrata and basil salad with Dijon dressing
italian;Veggie carbonara
italian;Penne with spicy tomato and mozzarella sauce
italian;Pumpkin risotto
italian;Tomato ragù
italian;Poached peaches with zabaglione
italian;Cherry and ginger florentines
italian;Chocolate salame
italian;How to make pesto
italian;Parmesan shortbreads
italian;Italian broccoli and egg salad
italian;Healthy mini pizzas
italian;Tomato, mozzarella and basil pizza
italian;Sun-dried tomato and olive bread
italian;Aubergine and mozzarella bake 
italian;Goats' cheese cannelloni with cherry tomatoes
italian;Stuffed baby peppers
italian;Tortellini with spinach and ricotta
italian;Pumpkin pasta with rosemary
italian;Gnocchi di spinaci e ricotta
italian;Bellini cocktail
italian;Semifreddo al torroncino (homemade nougat ice cream)
italian;Quick tomato and basil tart
italian;Artichokes alla Romana
japanese;Tofu sushi bowl
japanese;Miso aubergine with noodles
japanese;Simple miso, tofu and mushroom ramen
japanese;Grilled aubergines with miso
mexican;Bean chilli with jackfruit
mexican;Easy vegetarian quesadilla
mexican;Nachos
mexican;Buñuelos with apple and raspberry purée
mexican;Vegan nachos
mexican;Spicy Mexican bean soup
mexican;Sweet potato and black bean burritos
mexican;Vegetarian burritos
mexican;Bean and rice burrito
mexican;Vegan chilli 
mexican;Easy veggie chilli 
mexican;Mexican tortilla baskets
mexican;Vegetarian chilli tacos
mexican;Vegetable chilli with tortilla chips
mexican;Vegetarian aubergine gorditas
mexican;Easy vegetarian tacos
mexican;Vegetarian fajitas 
mexican;Fried eggs and green salsa on tortilla chips (chilaquiles)
mexican;Corn tortilla
mexican;Hot red chilli sauce
mexican;Chilli chocolate truffles (Trufas de chocolate y chile pasilla)
mexican;Buñuelos with spiced guava syrup
mexican;Quick beany enchiladas
mexican;Spicy black bean quesadilla
mexican;Lime and chipotle black bean tacos
mexican;Real guacamole
mexican;Grilled vegetable wraps with salsa and guacamole
mexican;Spicy Mexican eggs (huevos rancheros)
mexican;Raw salsa
mexican;Hot chocolate
nordic;Prinsesstårta
nordic;Salted caramel and apple rolls
nordic;Vegan cinnamon buns
nordic;Cinnamon buns
nordic;Kroppkakor (Swedish dumplings)
nordic;Rye bread
nordic;Cardamom and lemon cookies
nordic;Rye crispbread
nordic;St Lucia buns
nordic;Finnish pancakes
nordic;Almond rice pudding and cherry compôte
nordic;Speculaas biscuits (traditional continental Christmas biscuits)
nordic;Swedish Lucia rolls
north_african;Moroccan vegetables with couscous
north_african;Butternut squash tagine with couscous
north_african;Shakshuka traybake
north_african;Spiced vegetable tagine
north_african;Shakshuka
north_african;Moroccan baked eggs
north_african;Baklava bites
north_african;Pistachio and rose ice cream
north_african;Slow cooker chickpea tagine
north_african;Spiced North African-style eggs with homemade flatbreads
pakistani;Spicy naan bread
pakistani;Chana dal with tarka and tamarind 
pakistani;Mung dal saag
pakistani;Roti
pakistani;Vegetable pakoras
pakistani;Instant Punjabi-style pickle
pakistani;Crunchy palak paneer
portuguese;Almond tart
portuguese;Easy Portuguese custard tarts 
portuguese;Portuguese custard tarts
south_american;Quinoa salad with mint and mango
spanish;Patatas bravas
spanish;Spanish omelette
spanish;Easy patatas bravas  
spanish;Gazpacho shots with pimenton and caraway seed twists
spanish;Vegetarian paella
spanish;Spanish tortilla 
spanish;Gazpacho Hispaniola
spanish;Garlic mushrooms with sherry vinegar
spanish;Tumbet
spanish;Nigel Slater's gazpacho 
spanish;Spanish tomato bread
spanish;Rustic Spanish bread (Pan Rustico)
spanish;Spanish-style tortilla
thai_and_south-east_asian;Tofu mee goreng noodles 
thai_and_south-east_asian;Vegan Thai red curry
thai_and_south-east_asian;Tofu Thai green curry
thai_and_south-east_asian;Oriental vegetable kebabs with peanut dressing
thai_and_south-east_asian;Vegetable Thai curry
thai_and_south-east_asian;Malaysian-spiced noodles with tofu
thai_and_south-east_asian;Coconut and chocolate balls
thai_and_south-east_asian;Apple momos
thai_and_south-east_asian;Paris-Brest wheels
thai_and_south-east_asian;Rainbow noodles
thai_and_south-east_asian;Veggie Thai aubergine curry
thai_and_south-east_asian;Golden egg curry
thai_and_south-east_asian;South-East Asian vegetable and egg-fried rice
turkish_and_middle_eastern;Healthy baked falafel
turkish_and_middle_eastern;Pomegranate and parsley tabbouleh
turkish_and_middle_eastern;Chunky halloumi chips 
turkish_and_middle_eastern;Fattoush with crisp olive flatbread
turkish_and_middle_eastern;Lokanta stew
turkish_and_middle_eastern;Greens with giant couscous and tahini
turkish_and_middle_eastern;Vine-baked feta
turkish_and_middle_eastern;Vegetarian chickpea burgers
turkish_and_middle_eastern;Falafel burger 
turkish_and_middle_eastern;Simple baba ganoush
turkish_and_middle_eastern;Muhammara (red pepper dip)
turkish_and_middle_eastern;Easy falafel 
turkish_and_middle_eastern;Baked potatoes with Middle Eastern beans and greens
turkish_and_middle_eastern;Turkish eggs
turkish_and_middle_eastern;Lemon hummus 
turkish_and_middle_eastern;Lighter hummus with vegetable sticks
turkish_and_middle_eastern;Fattoush
turkish_and_middle_eastern;Edamame falafel with roasted veg
turkish_and_middle_eastern;Bulgur wheat balls
turkish_and_middle_eastern;Quick hummus
turkish_and_middle_eastern;Baba ganoush
turkish_and_middle_eastern;Maneesh
turkish_and_middle_eastern;Stuffed aubergine with feta and pomegranate
turkish_and_middle_eastern;Persian noodle soup
turkish_and_middle_eastern;Lebanese rice pudding
turkish_and_middle_eastern;Butternut squash with Persian pistachio pesto, feta and pomegranate seeds
turkish_and_middle_eastern;Carrot and coriander falafel
turkish_and_middle_eastern;Spinach, feta and pine nut parcels
turkish_and_middle_eastern;Baklava
turkish_and_middle_eastern;Middle Eastern lentils
turkish_and_middle_eastern;Apricot almond cake with rosewater and cardamom
turkish_and_middle_eastern;Roasted red pepper hummus
turkish_and_middle_eastern;Smoked aubergines with garlic (mirza ghasemi)
turkish_and_middle_eastern;Muhallabi (almond milk pudding)
turkish_and_middle_eastern;Parsley, tomato and bulgar wheat salad
turkish_and_middle_eastern;Warm, spiced oranges with labneh
turkish_and_middle_eastern;Tabbouleh
turkish_and_middle_eastern;Lemon and pomegranate couscous
