{"rapeseed oil": 0, "shallots": 1, "ginger": 2, "garlic": 3, "brown sugar": 4, "chilli paste": 5, "pepper": 6, "soy sauce": 7, "leftover turkey": 8, "spring onions": 9, "parsley": 10, "rice": 11, "lime": 12, "spinach": 13, "cucumber": 14, "carrots": 15, "sesame seeds": 16, "caster sugar": 17, "sea salt": 18, "plain flour": 19, "cornflour": 20, "baking powder": 21, "salt": 22, "vodka": 23, "mirin": 24, "rice wine": 25, "cloves": 26, "sesame oil": 27, "honey": 28, "chicken": 29, "water": 30, "hot sauce": 31, "oil": 32, "pear": 33, "onion": 34, "black pepper": 35, "beef ribs": 36, "chicken breasts": 37, "brown rice": 38, "nut": 39, "eggs": 40, "kimchi": 41, "olive oil": 42, "bacon": 43, "beef mince": 44, "celery": 45, "herbs": 46, "red wine": 47, "chopped tomatoes": 48, "spaghetti": 49, "Parmesan": 50, "new potatoes": 51, "red onion": 52, "single cream": 53, "nutmeg": 54, "mint": 55, "goats' cheese": 56, "sage": 57, "porcini": 58, "pancetta": 59, "chilli": 60, "tagliatelle": 61, "beef tomato": 62, "wild mushrooms": 63, "butter": 64, "pork fillet": 65, "prosciutto": 66, "cherry tomatoes": 67, "French beans": 68, "white wine": 69, "lemons": 70, "rhubarb": 71, "apple juice": 72, "double cream": 73, "gelatine": 74, "buttermilk": 75, "milk": 76, "egg whites": 77, "almond essence": 78, "icing sugar": 79, "ground almonds": 80, "flaked almonds": 81, "chicken thighs": 82, "pesto": 83, "onions": 84, "leek": 85, "potatoes": 86, "savoy cabbage": 87, "vegetable stock": 88, "asparagus": 89, "peas": 90, "soya beans": 91, "lemon": 92, "hazelnuts": 93, "parmesan": 94, "sardines": 95, "curly kale": 96, "sausages": 97, "chestnut mushrooms": 98, "pine nuts": 99, "pecorino": 100, "dried chilli": 101, "rocket": 102, "lamb cutlets": 103, "ciabatta": 104, "capers": 105, "olives": 106, "anchovy fillets": 107, "pecans": 108, "chocolate": 109, "clams": 110, "anchovy paste": 111, "tomato pur\u00e9e": 112, "oregano": 113, "arborio rice": 114, "risotto rice": 115, "basil": 116, "sunflower oil": 117, "fennel": 118, "salmon": 119, "cr\u00e8me fra\u00eeche": 120, "tarragon": 121, "pea shoots": 122, "petits pois": 123, "condensed milk": 124, "liqueur": 125, "coffee": 126, "red wine vinegar": 127, "tomatoes": 128, "salad leaves": 129, " pepper": 130, "flour": 131, "yeast": 132, "aubergine": 133, "courgette": 134, "lentils": 135, "sugar": 136, "lasagne sheets": 137, "almond milk": 138, "bay leaf": 139, "yeast flakes": 140, "peppers": 141, "sweet potato": 142, "cheddar": 143, "mozzarella": 144, "lamb": 145, "fennel seeds": 146, "saffron": 147, "orange": 148, "lamb stock": 149, "bouquet garni": 150, "lemon juice": 151, "carrot": 152, "minced": 153, "passata": 154, "beef stock": 155, "bay leaves": 156, "thyme": 157, "pappardelle": 158, "tomato": 159, "beetroot": 160, "mushrooms": 161, "marjoram": 162, "bread": 163, "panettone": 164, "mascarpone": 165, "vanilla pod": 166, "dark chocolate": 167, "cocoa power": 168, "butter beans": 169, "courgettes": 170, "avocados": 171, "red chilli": 172, "stock": 173, "rosemary": 174, "cavolo nero": 175, "vegetables": 176, "penne": 177, "chicken stock": 178, "beans": 179, "sherry vinegar": 180, "red onions": 181, "waxy potatoes": 182, "pasta": 183, "cannellini beans": 184, "purple sprouting broccoli": 185, "wild garlic": 186, "chives": 187, "chilli flakes": 188, "Marsala wine": 189, "vanilla extract": 190, "strong white flour": 191, "raisins": 192, "orange juice": 193, "candied peel": 194, "egg": 195, "green lentils": 196, "ghee": 197, "butternut squash": 198, "chickpeas": 199, "lardons": 200, "spring greens": 201, "green beans": 202, "cabbage": 203, "kale": 204, "haricot beans": 205, "white bread": 206, "green cabbage": 207, "sea bass": 208, "aubergines": 209, "ricotta": 210, "Dijon mustard": 211, "Italian leaves": 212, "chicken breast": 213, "Brussels sprouts": 214, "potato": 215, "Gruy\u00e8re": 216, "turkey mince": 217, "breadcrumbs": 218, "Worcestershire sauce": 219, "garlic oil": 220, "egg yolks": 221, "amaretti": 222, "luganega sausages": 223, "glac\u00e9 cherries": 224, "pineapple juice": 225, "dried apricots": 226, "almonds": 227, "sultanas": 228, "self-raising flour": 229, "walnut": 230, "apricot jam": 231, "dandelion": 232, "cheese": 233, "puff pastry": 234, "broad beans": 235, "floury potatoes": 236, "smoked salmon": 237, "broccoli": 238, "Puy lentils": 239, "balsamic vinegar": 240, "salad": 241, "anchovies": 242, "chorizo": 243, "cranberries": 244, "allspice": 245, "turkey": 246, "goose fat": 247, "Marsala": 248, "chipotle": 249, "onion powder": 250, "pumpkin": 251, "paprika": 252, "semolina": 253, "peanut oil": 254, "mince": 255, "redcurrant jelly": 256, "lasagne": 257, "Cheddar": 258, "gin": 259, "tonic": 260, "Bramley apples": 261, "apples": 262, "vegetable oil": 263, "steak": 264, "pork mince": 265, "beef": 266, "cranberry sauce": 267, "gorgonzola": 268, "tomato sauce": 269, "": 270, "00 flour": 271, "sausage": 272, "egg wash": 273, "dried cherries": 274, "currants": 275, "boar": 276, "Swiss chard": 277, "vermouth": 278, "crackers": 279, "cocoa powder": 280, "Savoiardi": 281, "chicken legs": 282, "dried chillies": 283, "mixed spice": 284, "cashews": 285, "whipping cream": 286, "oranges": 287, "cayenne pepper": 288, "smoked paprika": 289, "squid": 290, "mayonnaise": 291, "hot chillies": 292, "cream cheese": 293, "mushroom": 294, "feta": 295, "Stilton": 296, "gruy\u00e8re": 297, "fontina cheese": 298, "egg yolk": 299, "red mullet": 300, "stale sourdough": 301, "dolcelatte": 302, "walnuts": 303, "fusilli": 304, "flour ": 305, "dill": 306, "rigatoni": 307, "sea bream": 308, "white pepper": 309, "Wensleydale": 310, "linguine": 311, "tinned tuna": 312, "mussels": 313, "pineapple": 314, "stem ginger": 315, "pepperoni": 316, "pistachios": 317, "dates": 318, "vanilla essence": 319, "marshmallows": 320, "ham": 321, "goats\u2019 cheese": 322, "figs": 323, "nduja": 324, "wholegrain mustard": 325, "sourdough bread": 326, "cooking spray": 327, "balsamic glaze": 328, "Italian seasoning": 329, "liquor": 330, "black peppercorns": 331, "salami": 332, "coconut oil": 333, "spelt flour": 334, "bicarbonate of soda": 335, "strawberries": 336, "basil leaves": 337, "tortillas": 338, "leeks": 339, "cinnamon": 340, "egg white": 341, "chillies": 342, "pork": 343, "polenta": 344, "caraway seeds": 345, "beef tomatoes": 346, "sweet potatoes": 347, "cod": 348, "wine": 349, "pork loin": 350, "Parma ham": 351, "pomegranate": 352, "marrons glac\u00e9s": 353, "white wine vinegar": 354, "little gem lettuce": 355, "radishes": 356, "bresaola": 357, "coffee liqueur": 358, "juniper berries": 359, "prawns": 360, "guanciale": 361, "lamb shoulder": 362, "soda": 363, "shallot": 364, "fregola": 365, "pine kernels": 366, "plums": 367, "biscuits": 368, "white chocolate": 369, "mixed berries": 370, "corn oil": 371, "meringue": 372, "raspberries": 373, "Butter": 374, "kidney beans": 375, "black peppermill": 376, "digestive biscuits": 377, "sugared almonds": 378, "crab": 379, "crabmeat": 380, "chestnuts": 381, "cream": 382, "parsnips": 383, "topside": 384, "pearl barley": 385, "orange liqueur": 386, "rum": 387, "artichokes": 388, "sourdough loaf": 389, "rock salt": 390, "pork sausages": 391, "radicchio": 392, "venison": 393, "morels": 394, "dry sherry": 395, "truffle": 396, "peaches": 397, "smoked cheddar": 398, "Tabasco": 399, "arborio arborio": 400, "demerara sugar": 401, "peel": 402, "cherries": 403, "ground ginger": 404, "redcurrants": 405, "artichoke": 406, "macaroni": 407, "borlotti beans": 408, "monkfish": 409, "fettuccine": 410, "champagne": 411, "nougat": 412, "plum": 413, "globe artichokes": 414, "coriander seeds": 415, "peppercorns": 416, "veal": 417, "cumin": 418, "coriander": 419, "chilli powder": 420, "jackfruit": 421, "ketchup": 422, "black-eyed beans": 423, "flour tortillas": 424, "avocado": 425, "lettuce": 426, "fresh coriander": 427, "salsa": 428, "soured cream": 429, "mango": 430, "guacamole": 431, "black beans": 432, "lime juice": 433, "limes": 434, "chilli sauce": 435, "chicken thigh": 436, "Little Gem lettuces": 437, "vinegar": 438, "sweetcorn": 439, "pickled": 440, "jalape\u00f1os": 441, "anise": 442, "apple": 443, "cashew": 444, "wraps": 445, "star anise": 446, "mutton": 447, "chard": 448, "yoghurt": 449, "iceberg lettuce": 450, "Italian herb mix": 451, "wholemeal flour": 452, "sirloin": 453, "lard": 454, "cornmeal": 455, "jalape\u00f1o chilli": 456, "turkey breast": 457, "seasoning": 458, "rump": 459, "Little Gem lettuce": 460, "quinoa": 461, "pitta breads": 462, "soya mince": 463, "red lentils": 464, "portobello mushrooms": 465, "taco shells": 466, "manchego": 467, "tacos": 468, "chipotles": 469, "pinto beans": 470, "tomatillos": 471, "mango chutney": 472, "white fish": 473, "masa harina": 474, "beef steak": 475, "cauliflower": 476, "braising steak": 477, "Lancashire cheese": 478, "desiccated coconut": 479, "papaya": 480, "clotted cream": 481, "plantain": 482, "guavas": 483, "corn on the cobs": 484, "pumpkin seeds": 485, "passion fruits": 486, "coconut": 487, "vanilla paste": 488, "chilli seasoning": 489, "mild chillies": 490, "shin": 491, "garam masala": 492, "turmeric": 493, "mustard seeds": 494, "curry leaves": 495, "tamarind": 496, "chana daal": 497, "chaat masala": 498, "black cardamom": 499, "cardamom": 500, "cassia bark": 501, "curry masala": 502, "jeera masala": 503, "chapatis": 504, "leg of lamb": 505, "fenugreek": 506, "lamb mince": 507, "chillis": 508, "mung dal": 509, "garam masla": 510, "corn on the cob": 511, "basmati rice": 512, "raita": 513, "black peppercorn": 514, "tandoori masala": 515, "turnips": 516, "clarified butter": 517, "paneer": 518, "massa de piment\u00e3o": 519, "seeds": 520, "couscous": 521, "harissa": 522, "baharat spice mix": 523, "scrag": 524, "filo pastry": 525, "halloumi": 526, "mastic powder": 527, "ground mahlepi": 528, "cos lettuce": 529, "pork shoulder": 530, "long-grain rice": 531, "pork belly": 532, "prunes": 533, "lamb chops": 534, "black sesame seeds": 535, "skewers": 536, "apricots": 537, "mustard": 538, "wild rice": 539, "red cabbage": 540, "vanilla bean paste": 541, "curd cheese": 542, "strawberry jam": 543, "beef consomm\u00e9": 544, "steaks": 545, "gherkins": 546, "chervil": 547, "sauerkraut": 548, "white cabbage": 549, "cottage cheese": 550, "brandy": 551, "beef sausages": 552, "watercress": 553, "cr\u00e8me fraiche ": 554, "blinis": 555, "sour cream": 556, "beer": 557, "rye flour": 558, "treacle": 559, "barley": 560, "lamb shanks": 561, "gnocchi": 562, "horseradish": 563, "cornichons": 564, "blueberries": 565, "pork chops": 566, "mashed potato": 567, "runner beans": 568, "five-spice powder": 569, "rice vinegar": 570, "pork spareribs": 571, "groundnut oil": 572, "tofu": 573, "Sichuan peppercorns": 574, "rice noodles": 575, "water chestnuts": 576, "curry paste": 577, "coconut milk": 578, "peanut butter": 579, "chilli oil": 580, "noodles": 581, "oyster sauce": 582, "pak choi": 583, "zest": 584, "scallops": 585, "spring onion": 586, "mangetout": 587, "choi sum": 588, "peanuts": 589, "Chinese mushrooms": 590, "beansprouts": 591, "bean sauce": 592, "Sichuan chillies ": 593, "bok choi": 594, "jasmine rice": 595, "bean sprouts": 596, "edamame": 597, "hoisin sauce": 598, "Chinese leaf": 599, "fish sauce": 600, "pickled ginger ": 601, "Sichuan peppercorn": 602, "chilli bean sauce": 603, "steamed rice": 604, "shiitake mushrooms": 605, "duck": 606, "bamboo shoots": 607, "chicken drumsticks": 608, "red chillies": 609, "Chinese cabbage": 610, "roast chicken": 611, "goji berries": 612, "wonton wrappers": 613, "spring roll wrappers": 614, "blackbean sauce": 615, "pink peppercorns": 616, "watermelon": 617, "cucumbers": 618, "red radishes": 619, "Sichuan pepper": 620, "whisky": 621, "bean curd": 622, "bird\u2019s-eye chillies": 623, "fillet of beef": 624, "curry powder": 625, "chicken wings": 626, "marmalade": 627, "Chinese five spice": 628, "Chinese-style pancakes": 629, "lobster": 630, "fish": 631, "brisket": 632, "miso": 633, "muscovado sugar": 634, "chilli-bean paste": 635, "black bean": 636, "lemongrass": 637, "lime leaves": 638, "oyster mushrooms": 639, "pancakes": 640, "Chinese pancakes": 641, "fillet steak": 642, "langoustines": 643, "samphire": 644, "Serrano ham": 645, "sherry": 646, "\u00f1ora peppers": 647, "Calasparra rice": 648, "chicken leg": 649, "lager": 650, "serrano ham": 651, "cider": 652, "celeriac": 653, "quails' eggs": 654, "cro\u00fbtons": 655, "Manchego": 656, "lemon sole": 657, "almond extract": 658, "food colouring": 659, "red chillis": 660, "hake": 661, "Pink Fir Apple": 662, "rainbow trout": 663, "jamon Ib\u00e9rico": 664, "salt cod": 665, "Scotch bonnet chilli": 666, "mace": 667, "golden syrup": 668, "Scotch bonnet chillies": 669, "goat": 670, "jerk seasoning": 671, "ackee": 672, "suet": 673, "hot pepper sauce": 674, "milk chocolate": 675, "corn": 676, "English mustard": 677, "pecan": 678, "Double Gloucester": 679, "molasses": 680, "lamb neck": 681, "bananas": 682, "flatbreads": 683, "mangoes": 684, "satsumas": 685, "shortcrust pastry": 686, "Plain flour": 687, "rosewater": 688, "Clotted cream": 689, "Strawberries": 690, "marzipan": 691, "fondant icing": 692, "flavouring": 693, "lemon verbena ": 694, "vegetable shortening": 695, "floury potato": 696, "oats": 697, "gooseberries": 698, "elderflower": 699, "arrowroot": 700, "elderflowers": 701, "peeled": 702, "plaice": 703, "anchovy": 704, "raspberry jam": 705, "baking spread": 706, "borage": 707, "muscovado sugar ": 708, "sausagemeat": 709, "brown lentils": 710, "margarine": 711, "Portobello mushrooms": 712, "vital wheat gluten": 713, "vegan Worcester sauce": 714, "smoked haddock": 715, "golden syrup ": 716, "swede": 717, "fat": 718, "gravy": 719, "jam": 720, "raspberry": 721, "brioche": 722, "dried mixed fruit": 723, "tea": 724, "yeast extract": 725, "almond": 726, "flakes": 727, "flaxseed": 728, "soya milk": 729, "maple syrup": 730, "vegan cream cheese ": 731, "beef dripping": 732, "mixed nuts": 733, "xanthan gum": 734, "ale": 735, "poppy seeds": 736, "soy milk": 737, "King Edward": 738, "vegetarian sausages": 739, "ice cream": 740, "gravy browning": 741, "horseradish sauce": 742, "pears": 743, "granola": 744, "custard": 745, "Savoy cabbage": 746, "port": 747, "cr\u00e8me de cassis": 748, "oysters": 749, "marrow bone": 750, "game": 751, "milk ": 752, "duck fat": 753, "vegetarian mince": 754, "roast potatoes": 755, "mincemeat": 756, "tangerines": 757, "dripping": 758, "Guernsey cream": 759, "French bread": 760, "pickled walnut": 761, "crumbled": 762, "cr\u00eapes": 763, "Madeira": 764, "beef fillet": 765, "fudge": 766, "banana": 767, "coffee essence": 768, "coffee granules": 769, "dried fruit": 770, "bread sauce": 771, "breadfruit": 772, "parsnip": 773, "turnip": 774, "brandy butter": 775, "clementines": 776, "Bramley apple": 777, "citrus leaves": 778, "rose petals": 779, "gold dust": 780, "dried fruits": 781, "apricot": 782, "liquid glycerine": 783, "gammon": 784, "cherry": 785, "whiskey": 786, "ginger beer": 787, "cocktail sticks": 788, "morel": 789, "rabbit": 790, "pasta sauce": 791, "tahini": 792, "cornflakes": 793, "mixed herbs": 794, "chickens": 795, "goose": 796, "giblets": 797, "brown sauce": 798, "pork scratchings": 799, "spelt": 800, "baked beans": 801, "nuts": 802, "fondant": 803, "holly leaves ": 804, "ratafia biscuits": 805, "Christmas pudding": 806, "glycerine": 807, "stuffing": 808, "corned beef": 809, "kidneys": 810, "mackerel": 811, "soda bread": 812, "flageolet beans": 813, "rye bread": 814, "braising steaks": 815, "haddock": 816, "oatmeal": 817, "cherry brandy": 818, "Madeira cakes": 819, "bramley apples": 820, "black pudding": 821, "clotted cream ": 822, "oxtail": 823, "Jersey Royal potatoes": 824, "blackberries": 825, "sloe": 826, "balsalmic vinegar": 827, "quinces": 828, "sixpences or coins": 829, "strawberry": 830, "white fondant": 831, "oat flakes": 832, "rabbits": 833, "rib of beef": 834, "onion marmalade": 835, "stout": 836, "liver": 837, "teabags": 838, "rice flour": 839, "cream soda": 840, "blackberry": 841, "ice": 842, "walnut oil": 843, "roast lamb": 844, "Calvados": 845, "quince": 846, "flouring": 847, "malt extract": 848, "cream of tartar": 849, "decorations": 850, "beef extract": 851, "gravy granules ": 852, "umami paste": 853, "mustard powder": 854, "pickle": 855, "lamb kidney": 856, "glucose": 857, "packets pizza base mix": 858, "muesli": 859, "seaweed": 860, "sunflower seeds": 861, "candy eyes": 862, "pudding rice": 863, "beetroots": 864, "King Edwards": 865, "baking potato": 866, "meringues": 867, "calvados": 868, "rice milk": 869, "dairy-free butter": 870, "coconut palm sugar": 871, "date syrup": 872, "lemon curd": 873, "ginger biscuits": 874, "dulce de leche": 875, "Brazil nuts": 876, "edible glitter": 877, "crystallised ginger": 878, "fresh flowers": 879, "fresh fruit": 880, "stewing steak": 881, "gingernut biscuits": 882, "berries": 883, "collar": 884, "lettuces": 885, "gazpacho": 886, "lamb bones": 887, "smoked cheese": 888, "Madeira cake": 889, "berry": 890, "trifle sponges": 891, "Barnsley chops": 892, "redcurrant": 893, "pheasants": 894, "racks of lamb": 895, "cheeses": 896, "nectarines": 897, "ling": 898, "baguette": 899, "smoked mackerel": 900, "pork fillets": 901, "mashed potatoes": 902, "meringue powder": 903, "Jerusalem artichokes": 904, "truffle oil": 905, "pheasant": 906, "pigeon": 907, "hare": 908, "livers": 909, "wholemeal bread": 910, "roast turkey": 911, "Caerphilly": 912, "parfait": 913, "cognac": 914, "creamed potatoes": 915, "aniseed": 916, "kippers": 917, " haddock": 918, "English muffins": 919, "haggis": 920, "Emmental": 921, "jelly": 922, "steak mince": 923, "salted butter": 924, "demerara sugar ": 925, "molasses sugar": 926, "molasses sugar ": 927, "brown bread": 928, "king edward": 929, "pan-roasting juices": 930, "just": 931, "silverside": 932, "blackcurrants": 933, "blackcurrant": 934, "icing": 935, "sloes": 936, "gold balls": 937, "pistachio": 938, "vanilla pods": 939, "Cape gooseberries": 940, "exotic fruit": 941, "Cos lettuce": 942, "p\u00e2t\u00e9": 943, "bourbon": 944, "gherkin": 945, "kirsch": 946, "Dolcelatte": 947, "mash": 948, "greens": 949, "liquorice": 950, "squash": 951, "sweet sherry": 952, "lolly sticks": 953, "syrup": 954, "summer fruits": 955, "fruit": 956, "brie": 957, "tomato chutney": 958, "Arborio rice": 959, "hot cross buns": 960, "bran": 961, "greasing": 962, "madeira": 963, "pastry": 964, "kiwi fruit": 965, "Pimms": 966, "Seville oranges": 967, "pectin": 968, "wood pigeon": 969, "plantains": 970, "nigella seeds": 971, "suya spice": 972, "water ": 973, "beef fillet steaks": 974, "suyannaise": 975, "scotch bonnet chilli": 976, "kelewele": 977, "coriander cress ": 978, "nasturtium flowers": 979, "coriander cress": 980, "green leaf salad": 981, "pork ribs": 982, "grapefruit juice": 983, "galangal": 984, "shrimp paste": 985, "kecap manis": 986, "ketjap manis": 987, "bird's-eye chillies": 988, "palm sugar": 989, "shrimps": 990, "kebab skewers": 991, "root vegetables": 992, "creamed coconut": 993, "Thai basil": 994, "halibut": 995, "birds\u2019-eye chillies": 996, "white peppercorns": 997, "blachan": 998, "Chinese five spice powder": 999, "coconut cream": 1000, "lime pickle": 1001, "crayfish": 1002, "hot red chillies": 1003, "green chillies": 1004, "sugarsnap peas": 1005, "coley": 1006, "ras-el-hanout": 1007, "sumac": 1008, "sweetener": 1009, "za\u2019atar ": 1010, "pitta bread": 1011, "pomegranate molasses": 1012, "vine leaves": 1013, "Aleppo pepper": 1014, "brown pittas": 1015, "wholemeal pittas": 1016, "hummus": 1017, "buns": 1018, "sourdough toast": 1019, "bread rolls": 1020, "bulgur wheat": 1021, "leaves": 1022, "lamb fillet": 1023, "sucuk sausage": 1024, "orzo": 1025, "pickles": 1026, "ground baharat spice mix": 1027, "preserved lemons": 1028, "Za\u2019atar": 1029, "flatbread": 1030, "argan oil": 1031, "tomato juice": 1032, "pomegranates": 1033, "kohlrabi": 1034, "rose syrup ": 1035, "caster sugar ": 1036, "apple butter": 1037, "split peas": 1038, "lingonberries": 1039, "Seville orange": 1040, "herring": 1041, "tinned sprat fillets": 1042, "trout": 1043, "quark": 1044, "comp\u00f4te": 1045, "emmental": 1046, "Quark": 1047, "pollock": 1048, "champ": 1049, "stewing beef": 1050, "sugar-snap peas": 1051, "dashi powder": 1052, "sushi rice": 1053, "green tea": 1054, "wasabi": 1055, "nori": 1056, "sugar snap peas": 1057, "sake": 1058, "buckwheat": 1059, "tamari": 1060, "grapes": 1061, "soba noodles": 1062, "sashimi": 1063, "tuna ": 1064, "dashi": 1065, "glug olive": 1066, "lamb leg": 1067, "mint sauce": 1068, "olive": 1069, "ras el hanout": 1070, "yogurt ": 1071, "hunza apricots": 1072, "chutney": 1073, "burger": 1074, "Sriracha": 1075, "fresh parsley": 1076, "vegan pancake mix": 1077, " black pepper": 1078, "little gem": 1079, "hollandaise sauce": 1080, "chocolates": 1081, "mini pretzels": 1082, "light single cream": 1083, "cajun spice mix": 1084, "candy canes": 1085, "edible rose petals ": 1086, "salted pretzels": 1087, "celery salt": 1088, "evaporated milk": 1089, "barbecue sauce": 1090, "french fries": 1091, "cornichon pickles": 1092, "coleslaw": 1093, "onion salt": 1094, "passion fruit": 1095, "toffee": 1096, " cheese": 1097, "milk balls": 1098, "melon": 1099, "golden linseed": 1100, "hemp seeds": 1101, "bone marrow": 1102, "burger buns": 1103, "salt beef": 1104, "hot sauce ": 1105, "tortillas ": 1106, "cola": 1107, "apple sauce": 1108, "acidulated water": 1109, "whiskey ": 1110, "tapioca": 1111, "ice-cold lager": 1112, "popping corn": 1113, "toffees": 1114, "wooden lolly sticks": 1115, "soft cheese": 1116, "vanilla esence ": 1117, "floury": 1118, "limoncello": 1119, "white bread rolls": 1120, "popcorn": 1121, "rice cereal ": 1122, "hazelnut": 1123, "chocolate hazelnut": 1124, "taleggio": 1125, "damsons": 1126, "mixed seeds": 1127, "minced beef": 1128, "okra": 1129, "creamed corn": 1130, "birds'-eye chillies": 1131, "hundreds and thousands": 1132, "smoked-haddock fillets ": 1133, "mild chilli relish": 1134, "crunchy granola ": 1135, "corn-on-the-cobs": 1136, "spices": 1137, "clementine": 1138, "coffee beans": 1139, "pork spare ribs": 1140, "sponge": 1141, "cocoa": 1142, "strawberries ": 1143, "chinese five spice powder": 1144, "gram flour": 1145, "asafoetida": 1146, "urid dal": 1147, "mung beans": 1148, "poppadoms": 1149, "chana dal": 1150, "cardamoms": 1151, "amchur": 1152, "black eyed beans": 1153, "pigeon peas": 1154, "tortilla": 1155, "ground turneric": 1156, "curry blend": 1157, "yogurt": 1158, "garlic paste": 1159, "tikka spice powder": 1160, "soft rolls": 1161, "shellfish stock": 1162, "black salt": 1163, "ajwain": 1164, "chickpea flour": 1165, "parathas": 1166, "lime ": 1167, "Indian five-spice": 1168, "bird\u2019s-eye chilli": 1169, "cress": 1170, "naan bread": 1171, "tandoori paste ": 1172, "amchoor": 1173, "naan breads": 1174, "panch phoran": 1175, "coriander                 ": 1176, "capsicum": 1177, "gold leaf": 1178, "black tea bag": 1179, "Indian Alphonso mangoes": 1180, "chapati flour": 1181, "apple chutney": 1182, "jaggery": 1183, "crabs": 1184, "caramel": 1185, "camembert": 1186, "goat\u2019s cheese": 1187, "candy cane": 1188, "four": 1189, "Olive oil": 1190, "a\u00efoli": 1191, "prawn": 1192, "fish bones": 1193, "violets": 1194, "pomegranate juice": 1195, "buckwheat flour": 1196, "chumps": 1197, "semolina flour": 1198, "whitecurrants": 1199, "Pouilly-Fum\u00e9": 1200, "chicken livers": 1201, "Charlotte potatoes": 1202, "fish roe": 1203, "fresh tuna": 1204, "cassis": 1205, "goats\u2019 cheese|\u00ec": 1206, " milk": 1207, "pumpernickel bread": 1208, " sponge flan ": 1209, "Grand Marnier": 1210, "lavender tip": 1211, "Armagnac": 1212, "garnish": 1213, "pastry cream": 1214, "white fondant icing": 1215, "forced rhubarb": 1216, "hot toast": 1217}