Jollof rice with chicken ;basmati rice;vegetable oil;chicken thighs;onion;garlic;ginger;chilli;paprika;tomato;passata;chicken stock;peppers;fresh coriander;black pepper;
Jollof rice;passata;tomato purée;Scotch bonnet chillies;onions;peppers;garlic;rosemary;thyme;coriander;smoked paprika;olive oil;cherry tomatoes;chicken stock;bay leaves;long-grain rice;sunflower oil;plantains;coriander;black pepper;salad;
Suya fillet burger with sweet potato cubes and watermelon salad;smoked paprika;cayenne pepper;ginger;garlic;black pepper;onion;turmeric;chilli powder;pepper;egg yolk;lemon juice;rapeseed oil;watermelon;cucumber;cheese;parsley;nigella seeds;sweet potato;sweet potato;vegetable oil;red onion;olive oil;caster sugar;black pepper;ciabatta;beef tomato;Little Gem lettuce;cheddar;suya spice;water ;beef fillet steaks;suyannaise;suya spice;
Red-red stew with spiced plantain;ground ginger;cinnamon;nutmeg;cayenne pepper;cloves;vegetable oil;red onions;ginger;dried chilli;scotch bonnet chilli;curry powder;chilli powder;chopped tomatoes;tomatoes;tomato purée;sea salt;black pepper;ling;red onion;ginger;sea salt;vegetable oil;plantains;peanuts;black-eyed beans;kelewele;coriander cress ;red chilli;nasturtium flowers;
Bunny chow;vegetable oil;cumin;fennel seeds;cinnamon;cardamom;star anise;bay leaf;onion;curry powder;tomatoes;leg of lamb;ginger;garlic;curry leaves;potatoes;salt;coriander;lime juice;white bread;coriander cress;
Jollof rice with fried plantains;vegetable oil;onions;tomatoes;pepper;tomato purée;cayenne pepper;curry powder;bay leaf;thyme;stock;rice;black pepper;plantains;green leaf salad;
