Chicken and bacon ranch burger;chicken breasts;garlic;olive oil;bacon;burger;Little Gem lettuces;tomatoes;avocado;black pepper;mayonnaise;soured cream;garlic;dill;chives;Worcestershire sauce;cayenne pepper;Sriracha;white wine vinegar;mustard;
Easy jambalaya;olive oil;chicken thighs;sausage;celery;garlic;pepper;chopped tomatoes;cayenne pepper;basmati rice;chicken stock;black pepper;onion;fresh parsley;
Banana pancakes with streaky bacon;butter;baking powder;eggs;brown sugar;milk;banana;sunflower oil;bacon;golden syrup;flour ;
Chocolate chip fluffy pancakes;eggs;milk;self-raising flour;caster sugar;salt;dark chocolate;sunflower oil;ice cream;maple syrup;
American-style blueberry pancakes;flour;baking powder;cinnamon;salt;butter;buttermilk;eggs;vanilla extract;blueberries;butter;cinnamon;maple syrup;
Fluffy American pancakes;plain flour;baking powder;salt;caster sugar;milk;egg;butter;maple syrup;butter;
Pancakes with poached egg, ham and easy hollandaise;self-raising flour;baking powder;eggs;sea salt;milk;yoghurt;parsley;sunflower oil;chives;black pepper;white wine vinegar;Dijon mustard;egg yolks;butter;eggs;ham;
Vegan fluffy American pancakes ;self-raising flour;caster sugar;baking powder;sea salt;almond milk;vanilla extract;sunflower oil;
Vegan fluffy pancake mix;self-raising flour;baking powder;bicarbonate of soda;sugar;soya milk;rapeseed oil;vinegar;maple syrup;salt;vegan pancake mix;
Beef burgers with beetroot and carrot slaw;mince;breadcrumbs;Dijon mustard;tomato;onion;marjoram;parsley;egg yolk;oil;black pepper;mayonnaise;sugar;horseradish sauce;carrot;beetroot;celery;spring onions;parsley;Dijon mustard;brioche;tomatoes;gherkins;lemon;salt; black pepper;little gem;
Chocolate muffins;dark chocolate;butter;plain flour;cocoa powder;bicarbonate of soda;brown sugar;caster sugar;eggs;buttermilk;sunflower oil;vanilla extract;white chocolate;salt;
Cheesecake brownies;dark chocolate;butter;eggs;caster sugar;coffee;flour;cream cheese;caster sugar;egg;orange;
Vegan brownies;flaxseed;dark chocolate;margarine;caster sugar;sugar;maple syrup;vanilla extract;plain flour;baking powder;soya milk;chocolate;salt;
Vegan chocolate chip cookies;margarine;brown sugar;caster sugar;vanilla extract;plain flour;baking powder;bicarbonate of soda;dark chocolate;soya milk;salt;
Vegan vanilla cupcakes ;self-raising flour;baking powder;caster sugar;sunflower oil;soya milk;vanilla extract;icing sugar;margarine;vanilla extract;
Slow cooker chilli con carne ;onion;pepper;fresh coriander;sunflower oil;brisket;black pepper;garlic;cumin;coriander;chilli powder;oregano;tomato purée;chopped tomatoes;beef stock;kidney beans;dark chocolate;
Macaroni cheese;macaroni;butter;plain flour;milk;cheddar;Parmesan;
How to make chilli con carne;red onion;olive oil;carrot;garlic;chilli powder;paprika;oregano;beef mince;tomato purée;kidney beans;pepper;chopped tomatoes;beef stock;black pepper;dark chocolate;coriander;rice;fresh coriander;soured cream;
Avocado salad;red onion;cannellini beans;avocado;cherry tomatoes;basil;lemon;olive oil;pepper;
Lobster thermidor;lobster;parmesan;butter;shallot;stock;white wine;double cream;English mustard;parsley;lemon;pepper;floury potatoes;vegetable oil;
American style pancakes with sausage;sausagemeat;self-raising flour;baking powder;salt;buttermilk;eggs;butter;maple syrup;
Cheat's eggs Benedict;hollandaise sauce;eggs;pancetta;English muffins;butter;
Eggs Benedict;eggs;white wine vinegar;English muffins;butter;smoked salmon;chives;butter;white wine vinegar;shallot;shallot;black peppercorns;bay leaf;egg yolks;sea salt;caster sugar;
Eggs Benedict Florentine ;bacon;vinegar;eggs;English muffins;butter;spinach;egg yolks;white wine vinegar;butter;pepper;
Reindeer Christmas cupcakes;butter;caster sugar;eggs;flour;cocoa powder;milk;chocolate;cream;dark chocolate;double cream;chocolate;icing;marshmallows;chocolates;mini pretzels;
Red velvet cake;butter;caster sugar;vanilla extract;eggs;yoghurt;food colouring;self-raising flour;cocoa powder;milk;butter;cream cheese;icing sugar;lemon juice;
Scrambled eggs with spinach and kale;eggs;sunflower oil;red onion;pepper;kale;spinach;black pepper;light single cream;cajun spice mix;
Chocolate bark;dark chocolate;raspberries;pistachios;flaked almonds;sea salt;marshmallows;candy canes;edible glitter;edible rose petals ;salted pretzels;
Banana cake;butter;plain flour;bananas;maple syrup;milk;caster sugar;eggs;baking powder;pecan;double cream;
Southern-fried buttermilk chicken with tomato salsa;buttermilk;salt;chicken;plain flour;lemon;smoked paprika;English mustard;thyme;oregano;black peppercorns;vegetable oil;caster sugar;tomatoes;chillies;sweetcorn;red wine vinegar;lime;parsley;black pepper;celery salt;
Easy fried chicken;chicken;chicken legs;chicken thighs;sunflower oil;oregano;thyme;rosemary;cayenne pepper;white pepper;salt;evaporated milk;eggs;barbecue sauce;flour;french fries;
Southern "fried" chicken;chicken thighs;sunflower oil;plain flour;garlic;smoked paprika;thyme;sea salt;black pepper;buttermilk;Worcestershire sauce;black pepper;sea salt;onion;thyme;oregano;sage;white pepper;new potatoes;yoghurt;mayonnaise;Dijon mustard;white wine vinegar;chives;black pepper;cornichon pickles;
Fried chicken;chicken;buttermilk;plain flour;cornflour;oregano;chilli powder;sage;basil;marjoram;white pepper;salt;paprika;smoked paprika;garlic;oil;coleslaw;onion salt;
Southern-fried chicken and coleslaw;buttermilk;coriander;garlic;shallots;dried chilli;salt;chicken thighs;plain flour;celery;cayenne pepper;black pepper;paprika;vegetable oil;red cabbage;white cabbage;carrots;spring onions;caraway seeds;chilli sauce;mayonnaise;black pepper;
Peanut butter cookies;plain flour;caster sugar;peanut butter;egg yolk;butter;icing sugar;
Sweetcorn fritters;sweetcorn;spring onions;eggs;milk;plain flour;cayenne pepper;vegetable oil;black pepper;
Lemon drizzle cupcakes;eggs;caster sugar;milk;vegetable oil;plain flour;baking powder;salt;lemons;icing sugar;lemon;lemon;
Pecan pie;butter;golden syrup;vanilla extract;brown sugar;eggs;shortcrust pastry;pecan;
Pumpkin pie;pastry;pastry;pumpkin;eggs;brown sugar;cinnamon;nutmeg;allspice;cloves;ground ginger;double cream;
Chocolate cupcakes ;plain flour;cocoa powder;baking powder;bicarbonate of soda;caster sugar;salt;sunflower oil;eggs;milk;butter;icing sugar;cocoa powder;chocolate;water;
Smoky mutton Sloppy Joe with crispy lamb’s breast;sea salt;sugar;thyme;black peppercorns;star anise;lamb;duck fat;vegetable oil;plain flour;sea salt;mutton;onions;garlic;chipotle;harissa;rosemary;bay leaves;tomato purée;ketchup;Worcestershire sauce;soy sauce;brioche;fresh coriander;
Angel food cake with lemon curd;plain flour;caster sugar;egg whites;lemons;lemon juice;cream of tartar;salt;egg yolks;caster sugar;lemons;lemons;butter;passion fruit;whipping cream;vanilla extract;
Griddle pan pumpkin waffles;pumpkin;milk;lemon;eggs;self-raising flour;baking powder;vegetable oil;yoghurt;cinnamon;maple syrup;
Toffee apple muffins;eggs;caster sugar;milk;butter;plain flour;baking powder;salt;cinnamon;apples;toffee;
Cream cheese frosting;butter;caster sugar;cream cheese;
Mac &amp; cheese;butter;plain flour;Dijon mustard;milk;double cream;bay leaf;cheddar;nutmeg;macaroni;bacon;breadcrumbs;Parmesan;black pepper;
Berry crumble traybake;blackberries;caster sugar;cornflour;plain flour;butter;caster sugar;plain flour;baking powder;cinnamon;ground almonds;caster sugar;butter;eggs;yoghurt;
Blueberry and lemon traybake;butter;caster sugar;eggs;soured cream;lemon;self-raising flour;baking powder;blueberries;butter;icing sugar;cream cheese;lemon juice;blueberries;
Double chocolate brownies;butter;dark chocolate;eggs;caster sugar;vanilla extract;plain flour;salt;white chocolate;icing sugar;
Vanilla cupcake;butter;brown sugar;sunflower oil;arrowroot;vanilla extract;eggs;milk;double cream;plain flour;baking powder;icing sugar;glucose;condensed milk;vanilla extract;butter;margarine;icing sugar;double cream;food colouring;sugar;
Easy no-cook cheesecake;digestive biscuits;butter;cream cheese;mascarpone;icing sugar;vanilla extract;milk balls;
Macaroni cheese with leeks;macaroni;leeks;butter;flour;milk;mustard;Worcestershire sauce;cheddar;breadcrumbs;peas;black pepper;
Mary Berry's cranberry sauce;cranberries;caster sugar;orange;mixed spice;nutmeg;
Oat, maple and nut granola ;oats;bran;maple syrup;almonds;walnuts;dates;goji berries;cinnamon;yoghurt;grapes;melon;mint;golden linseed;hemp seeds;
The Biker burger;steak;bone marrow;black pepper;mayonnaise;ketchup;lemon juice;gherkin;garlic;chipotle;burger buns;
Apple and white chocolate rocky road ;white chocolate;golden syrup;butter;salt;cinnamon;biscuits;marshmallows;marshmallows;apples;raisins;icing sugar;
Pumpkin muffins;vegetable oil;self-raising flour;wholemeal flour;baking powder;bicarbonate of soda;salt;rosemary;eggs;yoghurt;milk;honey;pumpkin;pumpkin seeds;
Nigella's devil’s food cake;cocoa powder;sugar;butter;caster sugar;plain flour;baking powder;bicarbonate of soda;vanilla extract;eggs;sugar;butter;dark chocolate;water ;water;
Reuben sandwich;mayonnaise;ketchup;horseradish;Worcestershire sauce;shallot;pickle;paprika;rye bread;butter;salt beef;emmental;sauerkraut;black pepper;pickles;hot sauce ;
Perfect apple pie;caster sugar;cinnamon;cornflour;apples;plain flour;caster sugar;lemon;butter;egg;egg;
Pulled pork tacos;chipotle;tomato purée;vinegar;oranges;garlic;oregano;salt;nutmeg;allspice;smoked paprika;cumin;pork shoulder;red onions;sea salt;oregano;cumin;vinegar;lime;sunflower oil;iceberg lettuce;tomatoes;coriander;tortillas ;
Pulled beef brisket in a milk bun ;coriander seeds;cumin;mustard seeds;black peppercorns;brown sugar;smoked paprika;cayenne pepper;brisket;beef stock;vinegar;brown sugar;whisky;cola;ketchup;Worcestershire sauce;gravy;plain flour;yeast;yeast;salt;caster sugar;milk;butter;vegetable oil;egg;sesame seeds;sea salt;
Slow-cooker apple-glazed ribs;apple sauce;honey;Worcestershire sauce;smoked paprika;five-spice powder;black pepper;pork ribs;
Corn on the cob with burnt-onion ketchup;vegetable oil;onions;bay leaves;white wine vinegar;Worcestershire sauce;garlic;sugar;anchovies;butter;smoked paprika;sage;dried chilli;black peppercorns;salt;garlic;sweetcorn;
Barbecue baby back ribs with celeriac slaw;celery;onion;chillies;garlic;apple juice;ketchup;sugar;Worcestershire sauce;smoked paprika;smoked paprika;white wine vinegar;egg yolks;Dijon mustard;vinegar;rapeseed oil;acidulated water;parsley;black pepper;pork ribs;whiskey ;
Smoked Texan chicken wings;chicken wings;sugar;ketchup;smoked paprika;garlic;chilli;Worcestershire sauce;olive oil;black pepper;
Chicken nuggets with smoked paprika and anchovy mayo;egg yolks;white wine vinegar;Dijon mustard;lemon;smoked paprika;vegetable oil;sunflower oil;semolina;tapioca;bicarbonate of soda;chicken breasts;cayenne pepper;sea salt;anchovy fillets;water;
Key lime pie with ginger pastry;plain flour;icing sugar;ground ginger;salt;butter;olive oil;condensed milk;lime juice;lime;limes;eggs;sugar;stem ginger;lime;chocolate;mint;icing sugar;eggs;water ;
Fish tacos 'Ensenada' ;chipotles;mayonnaise;soured cream;lime;pepper;tomatoes;onion;coriander;chilli;lime;vegetable oil;plain flour;baking powder;cod;white cabbage;avocado;chilli sauce;ice-cold lager;tortillas;
Slow cooker pulled pork;pork shoulder;chipotle;tomatoes;red onion;lime juice;fresh coriander;garlic;olive oil;avocados;garlic;lime juice;pepper;flour tortillas;
Curry and lime spiced popcorn;cumin;olive oil;curry powder;cinnamon;lime;sea salt;popping corn;
Macaroni cauliflower cheese ;cauliflower;macaroni;butter;plain flour;milk;cheddar;black pepper;
Healthy banana muffins;wholemeal flour;sugar;baking powder;egg;yoghurt;rapeseed oil;bananas;
Soft chocolate chip cookies;butter;brown sugar;sugar;eggs;vanilla extract;plain flour;baking powder;milk chocolate;sea salt;
Rocky road crunch bars;butter;dark chocolate;golden syrup;biscuits;marshmallows;icing sugar;
Blueberry muffins;plain flour;butter;caster sugar;eggs;baking powder;blueberries;blueberries;nutmeg;double cream;
Beer-marinated rack of pork with Swiss-chard gratin;sea salt;brown sugar;black peppercorns;garlic;bay leaves;mustard seeds;thyme;parsley;beer;butter;brioche;English mustard;mustard seeds;Swiss chard;potatoes;onion;butter;plain flour;milk;chicken stock;Gruyère;black pepper;pork ribs;
Hardcore coleslaw;fennel;celeriac;red cabbage;white cabbage;beetroot;onion;carrots;fennel seeds;sea salt;lemon;dill;chervil;parsley;garlic;egg yolks;white wine vinegar;English mustard;lemon;anchovies;caster sugar;vegetable oil;salt;cayenne pepper;
Gluten-free American buttermilk pancakes;buttermilk;egg;butter;tapioca;salt;bicarbonate of soda;clarified butter;butter;bacon;maple syrup;cornmeal;
Mac and cheese ;macaroni;pancetta;thyme;spring onions;breadcrumbs;parsley;butter;plain flour;nutmeg;English mustard;milk;double cream;dolcelatte;parmesan;black pepper;
Carrot cake traybake;sunflower oil;brown sugar;eggs;golden syrup;self-raising flour;cinnamon;allspice;ground ginger;bicarbonate of soda;carrots;sultanas;coconut;marmalade;cream cheese;coconut cream;icing sugar;cinnamon;
Chocolate chip cookies;flour;bicarbonate of soda;salt;butter;caster sugar;brown sugar;vanilla extract;eggs;dark chocolate;
Chocolate brownies;dark chocolate;butter;eggs;caster sugar;plain flour;cocoa powder;
Double chocolate cherry brownies;dark chocolate;butter;eggs;brown sugar;plain flour;baking powder;cherries;white chocolate;cocoa powder;
Easy toffee apples;apples;toffees;sea salt;wooden lolly sticks;coconut;
Chocolate ripple cheesecake;digestive biscuits;butter;caster sugar;eggs;chocolate;soft cheese;vanilla esence ;
Baked white chocolate cheesecake;cream cheese;eggs;vanilla pod;white chocolate;crème fraîche;butter;chocolate;
Pulled pork ;pork shoulder;floury;onion;garlic;Tabasco;coriander seeds;English mustard;paprika;ketchup;Worcestershire sauce;brown sugar;sea salt;sweet potatoes;vegetable oil;seasoning;thyme;buttermilk;mayonnaise;vinegar;garlic;carrots;white cabbage;red cabbage;spring onions;black pepper;treacle;
Lemon poppy seed cake;vegetable oil;self-raising flour;baking powder;butter;caster sugar;ground almonds;eggs;lemons;poppy seeds;lemon juice;caster sugar;lemon;caster sugar;flaked almonds;poppy seeds;icing sugar;lemon;water;limoncello;limoncello;
Gingerbread pancakes;self-raising flour;brown sugar;baking powder;cinnamon;ground ginger;salt;lemon;vanilla pod;milk;egg;sunflower oil;maple syrup;crème fraîche;bacon;
Pulled pork with spicy coleslaw;oil;pork shoulder;chilli;mustard;white wine vinegar;cider;onions;garlic;black pepper;white cabbage;carrots;onions;chilli;mayonnaise;lime;soy sauce;barbecue sauce;white bread rolls;
Banana muffins;butter;self-raising flour;baking powder;bicarbonate of soda;salt;cinnamon;nutmeg;caster sugar;vanilla extract;bananas;eggs;milk;walnut;bananas;walnut;yoghurt;honey;
Banana bread;plain flour;bicarbonate of soda;salt;butter;caster sugar;eggs;bananas;buttermilk;vanilla extract;
New York chicken and apple salad;apples;lemon;honey;grapes;celery;spring onions;chicken breasts;walnuts;dill;yoghurt;garlic;vinegar;wholegrain mustard;dill;little gem;salt; black pepper;
Vanilla baked cheesecake with blackberries;digestive biscuits;butter;blackberries;caster sugar;vanilla pod;cream cheese;eggs;lemon;double cream;plain flour;caster sugar;honey;glucose;caster sugar;bicarbonate of soda;black pepper;
Doughnuts;yeast;caster sugar;milk;plain flour;salt;butter;egg;vegetable oil;jam;
Buffalo wings;chicken wings;oil;celery;black pepper;butter;cloves;vinegar;sugar;cheese;onion;buttermilk;vinegar;hot sauce ;crème fraîche;
Popcorn bars;dark chocolate;popcorn;cranberries;marshmallows;rice cereal ;
Monkfish, mussel and prawn stew with sourdough (cioppino);stock;prawns;red wine vinegar;sugar;olive oil;butter;garlic;onion;celery;pepper;white wine;salt;black peppermill;chilli;chopped tomatoes;mussels;monkfish;oregano;sourdough bread;garlic;olive oil;parsley;
Turkey jambalaya;prawns;olive oil;leftover turkey;chorizo;onions;peppers;celery;garlic;bay leaves;chopped tomatoes;rice;stock;black pepper;lemon;parsley;celery;celery;hot sauce;
Chocolate hazelnut spread brownies;plain flour;cocoa powder;baking powder;salt;dark chocolate;butter;sugar;eggs;hazelnuts;hazelnut;chocolate hazelnut;
Clementine and almond cake;clementines;eggs;lemon;caster sugar;olive oil;ground almonds;baking powder;caster sugar;lemon;caster sugar;cream;oranges;
Waffles;milk;eggs;vegetable oil;vanilla extract;plain flour;baking powder;caster sugar;sea salt;maple syrup;
Chopped salad;chickpeas;iceberg lettuce;lettuce;salami;mozzarella;tomatoes;cucumber;basil;salt;olive oil;red wine vinegar;mustard powder;sugar;
Cheesesteak sandwich with grilled onions;sirloin;olive oil;black pepper;onion;mushrooms;pepper;taleggio;baguette;
Damson cobbler;damsons;caster sugar;self-raising flour;baking powder;butter;caster sugar;salt;egg;buttermilk;flaked almonds;
Maple, pecan and cranberry granola;maple syrup;caster sugar;sunflower oil;vanilla extract;oats;pecans;almonds;flaked almonds;desiccated coconut;salt;cinnamon;cranberries;mixed seeds;
Spicy beef burger;beef mince;garlic;ketchup;mustard;egg;chilli;onion;spring onions;basil;olive oil;
Classic cheeseburgers;coriander;onion;Dijon mustard;egg yolk;olive oil;black pepper;Cheddar;mayonnaise;iceberg lettuce;ciabatta;red onion;beef tomato;minced beef;
Buttermilk pancakes with maple bacon;self-raising flour;bicarbonate of soda;salt;caster sugar;buttermilk;milk;eggs;butter;bacon;maple syrup;
Low-fat Caesar salad;sourdough bread;olive oil;garlic;Cos lettuce;parmesan;egg yolk;anchovies;garlic;lemon;Dijon mustard;Parmesan;olive oil;black pepper;
Caesar salad;egg;garlic;lime juice;Worcestershire sauce;olive oil;black pepper;white bread;cos lettuce;parmesan;anchovy fillets;
Pot-roast turkey drumstick;turkey;sunflower oil;carrots;celery;onion;herbs;bay leaf;chicken stock;chicken stock;tomato purée;redcurrant jelly;new potatoes;cornflour;black pepper;water;
Halloween ghost cupcakes;butter;caster sugar;eggs;vanilla extract;plain flour;self-raising flour;bicarbonate of soda;cocoa powder;buttermilk;sugar;golden syrup;eggs;chocolate;
Sweet potato gumbo with cornbread muffins;polenta;baking powder;bicarbonate of soda;plain flour;milk;eggs;vegetable oil;red onion;celery;chillies;garlic;salt;thyme;cayenne pepper;oregano;white pepper;bay leaf;vegetable stock;chopped tomatoes;okra;sweet potato;cabbage;butter;creamed corn;birds'-eye chillies;
Chocolate fridge cake;digestive biscuits;milk chocolate;dark chocolate;butter;golden syrup;dried apricots;raisins;pecans;
Valentine cupcakes;butter;caster sugar;eggs;self-raising flour;raspberries;passion fruit;milk;icing sugar;butter;vanilla pod;food colouring;milk;hundreds and thousands;
Mississippi mud pie;biscuits;butter;dark chocolate;butter;eggs;sugar;double cream;dark chocolate;double cream;golden syrup;icing sugar;
Chocolate chip cookie dough pots;plain flour;sea salt;bicarbonate of soda;butter;brown sugar;egg;dark chocolate;ice cream;vanilla paste;
Thick smoked-haddock chowder;butter;sunflower oil;onion;onion;plain flour;milk;potatoes;salt;black pepper;sweetcorn;leeks;leek;eggs;parsley;water ;smoked-haddock fillets ;
Beef ribs with barbecue sauce, baked potato and chive soured cream;beef ribs;onion;garlic;fennel seeds;star anise;potatoes;oil;black pepper;double cream;lemon;chives;butter;onion;garlic;chillies;fennel seeds;star anise;sugar;ketchup;chipotle;soy sauce;
Ultimate burger in a brioche bun;egg yolks;Dijon mustard;rapeseed oil;wholegrain mustard;lemon;vegetable oil;brioche;lettuce;tomatoes;cheese;gherkins;red onion;black pepper;beef steak;mild chilli relish;
Breakfast muffins;self-raising flour;baking powder;salt;cinnamon;brown sugar;milk;eggs;butter;hazelnuts;dried cherries;cranberries;crunchy granola ;
BBQ chicken with coleslaw;vinegar;brown sugar;paprika;Dijon mustard;soy sauce;black pepper;chicken thighs;red cabbage;carrots;red onion;radishes;spring onions;limes;onion;sunflower seeds;pumpkin seeds;fresh coriander;mint;
Gruyère and pancetta brioche sandwich;pancetta;maple syrup;brioche;Gruyère;eggs;caster sugar;milk;butter;black pepper;
Pulled chicken with barbecue sauce and baked potatoes;paprika;black pepper;salt;chicken legs;floury potatoes;ketchup;honey;Worcestershire sauce;butter;black pepper;parsley;crème fraîche;corn-on-the-cobs;
Momma's meat jambalaya;olive oil;onion;peppers;garlic;chorizo;chicken;chilli;rice;chilli powder;turmeric;spices;chicken stock;carrots;crayfish;black pepper;
Key lime pie;digestive biscuits;butter;caster sugar;eggs;zest;lime juice;condensed milk;caster sugar;vanilla extract;salt;cream of tartar;cream;blueberries;
Blueberry butter;apples;blueberries;apple juice;orange;sugar;
Cranberry sauce;brown sugar;orange juice;cranberries;clementine;
Pumpkin cheesecake;digestive biscuits;butter;lemon;pumpkin;caster sugar;cream cheese;cinnamon;nutmeg;eggs;double cream;yoghurt;
Cherry pie;cherry;arrowroot;cherries;plain flour;butter;caster sugar;egg;water;water;
Popcorn espresso macchiato balls;oil;popcorn;marshmallows;butter;white chocolate;coffee beans;
Sweet sticky spicy ribs with red onion salad;pork spare ribs;onion;garlic;peppercorns;olive oil;onions;garlic;dried chilli;fennel seeds;brown sugar;ketchup;soy sauce;red onions;parsley;olive oil;red wine vinegar;water;red chillies;tomatoes;
New York cheesecake;digestive biscuits;butter;cream cheese;caster sugar;soured cream;plain flour;egg yolk;vanilla extract;
Key lime and elderflower pie;digestive biscuits;butter;caster sugar;condensed milk;lime juice;lime;elderflower;egg yolks;double cream;icing sugar;mint;
American baked cheesecake;caster sugar;lemons;cornflour;sultanas;cream cheese;eggs;vanilla essence;vanilla pod;single cream;bananas;butter;sugar;maple syrup;basil;sponge;whiskey;
Candied sweet potatoes;sweet potatoes;sweet potatoes;brown sugar;butter;cinnamon;vanilla essence;orange;marshmallows;
Marshmallow brownies;butter;dark chocolate;plain flour;caster sugar;eggs;cocoa;marshmallows;
Individual strawberry shortcakes;plain flour;caster sugar;butter;semolina;demerara sugar;strawberries;port;caster sugar;double cream;yoghurt;egg whites;strawberries ;
Crispy potato skins;potatoes;olive oil;rosemary;salt;black pepper;
Boston baked beans;haricot beans;pork belly;brown sugar;treacle;English mustard;cloves;onions;onions;black pepper;salt;
Mom’s meatloaf;white bread;beef mince;red onion;ketchup;egg;brown sauce;Worcestershire sauce;parmesan;oregano;parsley;milk;salt; pepper;
Cornbread;plain flour;salt;baking powder;sugar;milk;eggs;butter;sweetcorn;sweetcorn;cornmeal;
Barbecue ribs;pork spare ribs;olive oil;onion;chopped tomatoes;garlic;sugar;vinegar;Worcestershire sauce;tomato purée;cumin;black pepper;chinese five spice powder;
BBQ sauce;onion;garlic;olive oil;chilli;fennel seeds;brown sugar;soy sauce;ketchup;pepper;
