Chocolate and orange scones;self-raising flour;butter;caster sugar;oranges;orange;chocolate;milk;clotted cream;satsumas;
Pea and ham soup;vegetable oil;onion;potato;peas;vegetable stock;milk;ham;mint;black pepper;
Easy spinach soup with a poached egg;olive oil;spinach;vegetable stock;eggs;double cream;black pepper;garlic;
Strawberry jam tarts;Butter;orange;caster sugar;shortcrust pastry;Plain flour;caster sugar;vanilla pod;rosewater;orange liqueur;Clotted cream;Strawberries;
Mary Berry's fondant fancies;self-raising flour;butter;caster sugar;lemon;eggs;butter;icing sugar;apricot jam;marzipan;fondant icing;food colouring;dark chocolate;water;flavouring;
Lamb fore shanks with English vegetables;oil;onions;garlic;plain flour;red wine;chicken stock;redcurrant jelly;rosemary;carrots;parsnips;turnips;butter;black pepper;parsley;lamb shanks;
Lemon drizzle traybake;butter;caster sugar;self-raising flour;baking powder;eggs;milk;lemons;sugar;lemon verbena ;lemons;
Traditional chicken pie;chicken;onion;cloves;carrot;bay leaves;chicken stock;peppercorns;plain flour;salt;butter;vegetable shortening;egg;milk;butter;plain flour;
Pumpkin soup ;onion;carrots;garlic;bay leaf;butter;olive oil;butternut squash;floury potato;stock;double cream;pumpkin seeds;black pepper;
Pancakes;plain flour;salt;eggs;milk;butter;caster sugar;lemon juice;lemon;
Cauliflower cheese soup;onion;celery;garlic;butter;olive oil;cauliflower;floury potato;cayenne pepper;bay leaf;milk;vegetable stock;cheddar;Dijon mustard;Worcestershire sauce;black pepper;sourdough bread;garlic;olive oil;cheddar;chives;
Scottish cranachan ;butter;sugar;oats;mascarpone;double cream;whisky;raspberries;
Carrot cake loaf;vegetable oil;eggs;brown sugar;carrot;raisins;walnuts;self-raising flour;salt;bicarbonate of soda;cinnamon;nutmeg;mixed spice;cream cheese;butter;vanilla extract;icing sugar;orange;
Strawberry meringue roulade;egg whites;caster sugar;flaked almonds;double cream;yoghurt;strawberries;icing sugar;
Gooseberry and elderflower custard;gooseberries;elderflower;egg yolks;arrowroot;milk;sugar;double cream;elderflowers;
Gooseberry fool;gooseberries;caster sugar;elderflower;double cream;crème fraîche;mint;
Gremolata fish with tartare sauce;potatoes;olive oil;sourdough bread;parsley;lemon;peeled;mayonnaise;yoghurt;capers;parsley;plaice;olive oil;black pepper;green beans;lemon;cornichons;
Shepherd's pie;onion;olive oil;lamb mince;plain flour;bay leaves;thyme;chopped tomatoes;Worcestershire sauce;stock;black pepper;potatoes;milk;butter;egg yolk;vegetable oil;anchovy;
Sausage and mash;sausages;onions;herbs;English mustard;black pepper;butter;plain flour;potatoes;butter;milk;peas;stock;
Mary Berry's perfect Victoria sandwich;eggs;caster sugar;self-raising flour;baking powder;butter;raspberry jam;double cream;
Baked salmon with parmesan and parsley crust;salmon;black pepper;cream cheese;garlic;lemon;breadcrumbs;parmesan;parsley;paprika;
Lucy’s strawberry slices;butter;eggs;caster sugar;self-raising flour;baking powder;milk;vanilla extract;strawberry jam;lemon juice;strawberries;double cream;crème fraîche;icing sugar;
Orange butterfly cakes ;caster sugar;eggs;self-raising flour;baking powder;orange;orange;butter;icing sugar;icing sugar;baking spread;
Peach posset;peaches;brandy;double cream;caster sugar;lemon;borage;muscovado sugar ;
Mary's easy Bakewell tart;plain flour;butter;raspberry jam;butter;caster sugar;ground almonds;egg;almond extract;flaked almonds;icing sugar;water;water;
Pork, lentil and veg sausage rolls;olive oil;onion;courgette;carrot;garlic;fennel seeds;sausagemeat;brown lentils;sage;black pepper;puff pastry;plain flour;egg;sesame seeds;
Vegan fried breakfast;mushrooms;yeast;plain flour;sage;thyme;white pepper;nutmeg;allspice;garlic;mushroom;mushroom;vinegar;tomato purée;olive oil;olive oil;new potatoes;thyme;olive oil;garlic;margarine;lemon juice;Portobello mushrooms;olive oil;red onion;tomato purée;passata;balsamic vinegar;paprika;bay leaf;brown sugar;haricot beans;coconut oil;red onion;broccoli;tofu;turmeric;garlic;chilli;smoked paprika;black pepper;vital wheat gluten;salt;vegan Worcester sauce;
Real proper custard;milk;single cream;vanilla extract;eggs;caster sugar;cornflour;
Light smoked haddock fish pie;olive oil;leek;flour;milk;prawns;black pepper;smoked haddock;potatoes;
Potato, leek and cheese pie;butter;plain flour;egg wash;butter;leeks;onion;potatoes;milk;flour;Dijon mustard;thyme;Cheddar;Parmesan;black pepper;vegetables;
Mashed potato;floury potatoes;butter;double cream;black pepper;
Slow roast leg of lamb with herb rub;garlic;salt;rosemary;thyme;olive oil;leg of lamb;potatoes;butter;Parmesan;black pepper;
Roast leg of lamb with mint jus;leg of lamb;anchovies;black pepper;olive oil;onions;carrots;celery;bay leaf;thyme;white wine;chicken stock;vinegar;butter;mint;garlic;
Roast leg of lamb with rosemary and garlic;leg of lamb;garlic;rosemary;black pepper;carrots;onions;white wine;olive oil;caster sugar;white wine vinegar;mint;
Grilled lamb steak with rosemary butter and chargrilled broccoli;lamb;rosemary;garlic;olive oil;broccoli;black pepper;butter;parsley;
Drop scones;self-raising flour;baking powder;caster sugar;orange;egg;milk;sunflower oil;butter;yoghurt;blueberries;
Salted caramel millionaire’s shortbread;butter;caster sugar;vanilla pod;plain flour;butter;condensed milk;sea salt;milk chocolate;golden syrup ;
Yorkshire pudding ;plain flour;salt;eggs;milk;sunflower oil;
Bangers and sweet potato mash;pork sausages;swede;sweet potato;butter;fat;black pepper;olive oil;onions;thyme;beef stock;English mustard;beef stock;gravy;green beans;
Black Forest cranachan;cherries;liqueur;oats;flaked almonds;dark chocolate;honey;double cream;icing sugar;
Plum jam roly-poly;self-raising flour;suet;salt;jam;water;
Individual queen of puddings;milk;double cream;vanilla pod;caster sugar;egg yolks;breadcrumbs;lemons;raspberry;egg whites;caster sugar;icing sugar;
Nigella's queen of puddings ;brioche;butter;milk;lemon;vanilla extract;caster sugar;sea salt;egg yolks;plum;egg whites;caster sugar;
Healthy bara brith ;dried mixed fruit;orange;mixed spice;honey;tea;butter;egg;apple;self-raising flour;self-raising flour;
Mary Berry's banoffee pie;digestive biscuits;butter;butter;sugar;condensed milk;vanilla extract;double cream;bananas;dark chocolate;
Vegan shepherd’s pie ;olive oil;onion;celery;leek;chestnut mushrooms;courgette;garlic;carrots;chopped tomatoes;lentils;red wine;tomato purée;yeast extract;vegetable stock;black pepper;floury potatoes;almond;olive oil;herbs;flakes;
Vegan carrot cake;flaxseed;plain flour;baking powder;cinnamon;caster sugar;desiccated coconut;sunflower oil;marmalade;soya milk;carrots;maple syrup;vanilla bean paste;walnut;coconut;salt;vegan cream cheese ;
Vegan Victoria sponge;margarine;caster sugar;plain flour;baking powder;bicarbonate of soda;vanilla extract;soya milk;vinegar;yoghurt;margarine;icing sugar;jam;
How to roast beef;olive oil;salt;black pepper;eggs;flour;milk;beef dripping;salt;beef ribs;
Vegan lemon drizzle cake;margarine;caster sugar;plain flour;baking powder;bicarbonate of soda;ground almonds;soya milk;lemons;sugar;salt;
Vegan nut loaf ;mixed nuts;vegetable stock;olive oil;onion;celery;leek;carrots;garlic;cashew;chestnuts;cranberries;parsley;lemon;soya milk;sea salt;black pepper;
Vegan toad-in-the-hole with red onion gravy ;olive oil;white bread;baking powder;sea salt;soya milk;sausages;olive oil;red onion;vegetable stock;vegetable stock;ketchup;soy sauce;yeast extract;cornflour;black pepper;
Vegan gravy;vegetable stock;mushrooms;olive oil;onion;carrot;celery;plain flour;redcurrant jelly;yeast extract;sea salt;black pepper;water;
Vegan banana bread;bananas;brown sugar;self-raising flour;sultanas;pecan;mixed spice;baking powder;sunflower oil;
Turkey crown and stuffing;butter;thyme;rosemary;parsley;salt;black pepper;turkey;butter;onion;rosemary;breadcrumbs;sage;lemon;pine nuts;salt;black pepper;parsley;onion;olive oil;white wine;thyme;bay leaf;chicken stock;double cream;salt;black pepper;
Vegan Yorkshire puddings;strong white flour;baking powder;sea salt;soya milk;sunflower oil;xanthan gum;
Mushroom and ale pie;mushrooms;sunflower oil;shallots;onion;garlic;mushrooms;ale;ale;vegetable stock;tomato purée;redcurrant jelly;brown sugar;thyme;thyme;bay leaves;cornflour;chestnuts;black pepper;plain flour;sea salt;sunflower oil;almond milk;water;water;
Vegan Wellington ;olive oil;sweet potatoes;onion;leek;garlic;spinach;cranberries;pecan;chestnuts;orange;mushrooms;puff pastry;poppy seeds;black pepper;soy milk;
Roast beef;plain flour;eggs;milk;beef dripping;black pepper;white wine;beef stock;King Edward;beef dripping;salt;butter;carrots;spring greens;peas;mustard;beef ribs;
Veggie toad-in-the-hole;olive oil;vegetarian sausages;plain flour;egg;milk;black pepper;gravy;peas;
James' sticky toffee pudding;butter;demerara sugar;golden syrup;eggs;treacle;self-raising flour;dates;bicarbonate of soda;vanilla extract;double cream;butter;sugar;treacle;golden syrup;ice cream;water;
Beef and ale stew with horseradish dumplings;oil;beef;shallots;carrots;mushrooms;plain flour;ale;beef stock;marmalade;Worcestershire sauce;bay leaves;gravy browning;black pepper;self-raising flour;suet;horseradish sauce;parsley;
Garlic mashed potato with olive oil;King Edward;butter;garlic;olive oil;black pepper;
Winter lamb hotpot;lamb neck;plain flour;olive oil;onions;parsnips;garlic;black pepper;rosemary;potatoes;
How to make fish pie;potatoes;butter;crème fraîche;milk;white pepper;milk;smoked haddock;cod;onion;bay leaf;cloves;leeks;butter;olive oil;flour;prawns;peas;parsley;lemon;
Half-a-pear crumble ;pears;apple juice;vanilla pod;demerara sugar;marzipan;ice cream;plain flour;butter;demerara sugar;granola;
James Martin's apple charlotte;butter;caster sugar;apples;apricot jam;white bread;custard;
Bangers and mash;potatoes;sausages;vegetable oil;Savoy cabbage;spring onions;milk;butter;salt; pepper;
Braised red cabbage;red cabbage;red onions;cranberries;Bramley apples;cinnamon;demerara sugar;red wine vinegar;pepper;
Bubble and squeak;shallots;butter;caster sugar;red wine;port;beef stock;bay leaf;lemon;thyme;olive oil;leeks;potatoes;cabbage;cabbage;black pepper;crème de cassis;
Cawl;lamb;lamb stock;potatoes;onions;leeks;carrots;swede;
Roast pork belly;pork belly;thyme;sea salt;black pepper;apples;onions;sage;plain flour;cider;
Toad in the hole with onion gravy;plain flour;black pepper;eggs;milk;olive oil;sausages;olive oil;onions;English mustard;chicken;Savoy cabbage;olive oil;garlic;
Creamy parsnip and apple soup;butter;sunflower oil;onions;parsnips;garlic;Bramley apples;chicken stock;milk;black pepper;
Beef shin and oyster pie;shin;sunflower oil;carrot;onion;garlic;plain flour;beer;beef stock;bay leaves;thyme;oysters;puff pastry;egg;black pepper;marrow bone;
Game pie;game;venison;sunflower oil;red onions;bacon;chestnut mushrooms;garlic;plain flour;bay leaf;orange;redcurrant jelly;chicken stock;red wine;puff pastry;pepper;egg;
Clootie pudding;plain flour;bicarbonate of soda;cinnamon;ground ginger;salt;caster sugar;suet;sultanas;currants;dates;raisins;carrot;treacle;egg;buttermilk;clotted cream;mixed spice;
Beef stew with dumplings;olive oil;butter;beef;plain flour;garlic;onions;celery;carrots;leeks;swede;red wine;beef stock;thyme;parsley;Worcestershire sauce;balsamic vinegar;black pepper;plain flour;baking powder;salt;suet;mashed potato;parsley;bay leaves;water;
Chicken and bacon pie;chicken legs;celery;bay leaves;white wine;chicken stock;bacon;onion;butter;plain flour;crème fraîche;mustard;puff pastry;egg;black pepper;
Easy cottage pie;olive oil;shallots;tomato purée;plain flour;red wine;thyme;beef stock;Worcestershire sauce;black pepper;King Edward;butter;peas;butter;minced;milk ;
Perfect roast potatoes;duck fat;potatoes;garlic;thyme;sea salt;
Roast pork shoulder;pork shoulder;olive oil;sea salt;onions;carrots;Bramley apples;rosemary;demerara sugar;
Mushroom and parsnip rösti pie;garlic;thyme;red onions;carrots;swede;vegetable stock;Worcestershire sauce;Dijon mustard;wholegrain mustard;parsley;crème fraîche;parsnips;black pepper;rapeseed oil;Portobello mushrooms;
Tuscan beans on sourdough toast;olive oil;red onion;garlic;chopped tomatoes;haricot beans;rosemary;sourdough bread;garlic;black pepper;
Slow cooker vegetarian hotpot ;sunflower oil;butternut squash;onions;carrots;parsnips;plain flour;chopped tomatoes;tomato purée;dried chilli;pesto;vegetable stock;spinach;black pepper;self-raising flour;butter;black pepper;water;
Vegetarian cottage pie;floury potatoes;parsnips;butter;milk;black pepper;onion;garlic;carrot;leek;thyme;cannellini beans;chopped tomatoes;tomato purée;sugar;black pepper;vegetables;rapeseed oil;vegetarian mince;
Deep-filled homity pie;plain flour;wholemeal flour;butter;egg;floury potatoes;butter;sunflower oil;onions;garlic;spinach;cheddar;parsley;double cream;nutmeg;black pepper;
Mary Berry's roast turkey crown;turkey;thyme;butter;oranges;vegetable oil;plain flour;port;chicken stock;Worcestershire sauce;soy sauce;black pepper;
Perfect Christmas turkey;rapeseed oil;turkey;butter;sea salt;white pepper;black pepper;arrowroot;roast potatoes;water;
Paul Hollywood’s mince pies;plain flour;butter;caster sugar;egg;mincemeat;tangerines;apple;
James Martin's Yorkshire pudding;plain flour;black pepper;eggs;milk;dripping;
Classic cranachan;double cream;oats;whisky;honey;raspberries;mint;
Lighter cranachan;oats;flaked almonds;double cream;crème fraîche;vanilla extract;whisky;honey;raspberries;caster sugar;
Rhubarb crumble and cream;butter;plain flour;caster sugar;salt;rhubarb;caster sugar;lemon;butter;Guernsey cream;
Nigel Slater's apple crumble;Bramley apples;sugar;apple juice;plain flour;butter;oats;demerara sugar;
Mary’s Victoria sandwich with buttercream;eggs;caster sugar;self-raising flour;baking powder;butter;raspberries;sugar;butter;icing sugar;milk;
Peppered fillet of beef with mustard, thyme and brandy sauce;fillet of beef;black pepper;thyme;brandy;double cream;parsley;thyme;Dijon mustard;black pepper;olive oil;
Slow cooker chicken casserole;chicken thighs;sunflower oil;onions;waxy potatoes;carrots;parsnips;plain flour;chicken stock;cider;wholegrain mustard;black pepper;self-raising flour;suet;sage;sage;
Apple crumble;plain flour;salt;brown sugar;butter;apples;brown sugar;plain flour;cinnamon;
Roast vegetable soup;vegetable stock;vegetables;olive oil;rosemary;black pepper;lemon;
Broccoli and Stilton soup ;broccoli;vegetable stock;butter;spring onions;Stilton;double cream;black pepper;nutmeg;French bread;Stilton;
Curried cauliflower soup;rapeseed oil;onion;curry powder;cauliflower;milk;vegetable stock;white wine vinegar;sea salt;eggs;white bread;black pepper;lemon juice;fresh coriander;
Honey roast carrots;carrots;carrots;olive oil;honey;lemon juice;thyme;black pepper;
Watercress and pea soup;parsley;watercress;butter;shallot;garlic;peas;vegetable stock;double cream;black pepper;pea shoots;watercress;croûtons;bacon;olive oil;
Mary Berry's classic Christmas cake;raisins;glacé cherries;currants;sultanas;brandy;oranges;butter;sugar;eggs;treacle;almonds;plain flour;mixed spice;apricot jam;icing sugar;marzipan;icing sugar;lemon juice;eggs;pickled walnut;
Mary Berry's classic fruit cake;currants;sultanas;raisins;glacé cherries;apricots;candied peel;brandy;flour;nutmeg;mixed spice;butter;sugar;eggs;almonds;treacle;lemon;orange;almonds;glacé cherries;
Roast butternut squash with cranberry relish and feta;butternut squash;shallots;rosemary;rapeseed oil;black pepper;red onion;bay leaf;cinnamon;dates;cranberries;brown sugar;lemon;crumbled;parsley;
Roast turkey crown;turkey;turkey;butter;pepper;bacon;
All-in-one turkey;olive oil;red onion;garlic;spinach;mascarpone;nutmeg;ham;olive oil;shallots;chestnut mushrooms;sage;parsley;garlic;white wine;dried apricots;breadcrumbs;chicken stock;turkey breast;black pepper;butter;cider;butter;flour;shallot;sage;brandy;chicken stock;double cream;butter;apples;sugar;sage;rosemary;
Iced mince pies;plain flour;caster sugar;salt;butter;cream cheese;ground almonds;egg yolk;ground almonds;butter;caster sugar;egg;plain flour;lemon;vanilla extract;salt;mincemeat;icing sugar;lemon;glacé cherries;
Sausage, pumpkin and sage casserole;butter;sausages;onion;shallots;garlic;sage;pumpkin;white wine vinegar;caster sugar;chopped tomatoes;cannellini beans;chicken stock;black pepper;parsley;
Swede mash;swede;sea salt;butter;black pepper;
Beef Wellington with truffles;butter;vegetable oil;shallot;chestnut mushrooms;cream;vegetable oil;pepper;crêpes;puff pastry;egg yolks;garlic;waxy potatoes;double cream;pepper;butter;shallot;port;Madeira;chicken stock;truffle;beef fillet;
Mini sausage rolls;puff pastry;plain flour;egg;sausages;black pepper;thyme;
Fudgy walnut cake;walnuts;butter;eggs;self-raising flour;baking powder;butter;icing sugar;fudge;walnut;muscovado sugar;
Beef and ale stew with dumplings;cloves;cinnamon;star anise;plain flour;braising steak;vegetable oil;carrots;onions;celery;Bramley apples;ale;chicken stock;rosemary;bay leaves;breadcrumbs;suet;self-raising flour;salt;parsley;egg;milk;rapeseed oil;salt;
Lamb shanks with anchovy;lamb shanks;black pepper;olive oil;onions;garlic;rosemary;bay leaves;beef stock;red wine;parsley;anchovy fillets;
Mary Berry's Christmas stuffing;butter;onion;sausage;breadcrumbs;lemon;parsley;sage;black pepper;vegetable oil;
Gluten-free Christmas stuffing ;sunflower oil;leek;pork mince;breadcrumbs;dried apricots;cranberries;chestnuts;orange;thyme;thyme;sage;sage;sea salt;black pepper;
Sussex pond pudding with apples ;self-raising flour;suet;milk;apples;butter;sugar;lemon;cream;
Nigel Slater's Lancashire hotpot ;lamb chops;olive oil;carrot;celery;onion;plain flour;beef stock;thyme;bay leaf;butter;floury potatoes;black pepper;
Vanilla cake;butter;brown sugar;sunflower oil;arrowroot;vanilla extract;eggs;milk;double cream;plain flour;baking powder;
Scones;flour;salt;butter;caster sugar;milk;egg;
Mary Berry's banana loaf;banana;milk;butter;plain flour;caster sugar;bicarbonate of soda;baking powder;egg;dark chocolate;dark chocolate;
Mary Berry's coffee and walnut cake;butter;caster sugar;eggs;self-raising flour;baking powder;walnuts;coffee essence;butter;icing sugar;milk;coffee essence;walnut;
Coffee and walnut cake with coffee cream;butter;caster sugar;eggs;flour;baking powder;coffee granules;walnut;double cream;coffee;
How to make Yorkshire puddings;plain flour;eggs;milk;black pepper;beef dripping;
Chocolate and ginger oat biscuits;butter;golden syrup;brown sugar;plain flour;baking powder;salt;ground ginger;cinnamon;oats;eggs;stem ginger;dark chocolate;
2-hour Christmas dinner;turkey;bacon;butter;leeks;white bread;dried fruit;thyme;lemon;sausagemeat;black pepper;sunflower oil;sausages;rosemary;honey;gravy;bacon;port;cranberry sauce;sage;bread sauce;milk;double cream;butter;nutmeg;carrot;orange juice;butter;parsley;parsley;caster sugar;butter;bacon;Brussels sprouts;chestnuts;black pepper;sunflower oil;potatoes;
Parsley sauce;butter;plain flour;milk;salt;parsley;
How to roast potatoes;rosemary;thyme;garlic;bay leaf;black peppercorns;goose fat;sea salt;potatoes;
Leek soup;carrot;onion;celery;garlic;parsley;olive oil;onion;floury potatoes;celeriac;thyme;leeks;black pepper;chives;salt; pepper;
Leek and potato soup;vegetable oil;onion;potatoes;leeks;vegetable stock;crème fraîche;black pepper;
Rock cakes;self-raising flour;caster sugar;baking powder;butter;dried fruit;egg;milk;vanilla extract;
Chocolate self-saucing pudding;butter;brown sugar;eggs;vanilla extract;plain flour;cocoa powder;bicarbonate of soda;salt;milk;icing sugar;double cream;
Tomato soup;onions;carrot;garlic;celery;olive oil;tomatoes;vegetable stock;sugar;black pepper;basil;
Pumpkin, chilli and coconut soup;butternut squash;onion;ginger;garlic;Scotch bonnet chilli;thyme;coconut milk;black pepper;breadfruit;
Curried parsnip soup;olive oil;onion;garlic;parsnips;thyme;honey;curry powder;black pepper;chicken stock;double cream;oil;parsnip;beetroot;turnip;carrot;double cream;lemon;
Christmas mince pies;plain flour;cinnamon;butter;almonds;caster sugar;egg;marzipan;mincemeat;caster sugar;brandy butter;sherry;
Mary Berry's mulled wine;orange;lemons;cloves;clementines;red wine;cinnamon;caster sugar;brandy;
Homemade mince pies;raisins;currants;peel;brandy;butter;vanilla pod;mixed spice;Bramley apple;orange;lemon;plain flour;butter;icing sugar;orange;egg yolks;eggs;demerara sugar;muscovado sugar;
Mince pies;mincemeat;plain flour;caster sugar;ground almonds;butter;egg;milk;
Easy mince pies;butter;plain flour;ground almonds;caster sugar;orange;salt;egg yolk;mincemeat;egg;icing sugar;water;
Spiced Christmas cake;raisins;sultanas;currants;glacé cherries;apricots;pineapple;candied peel;cashew;lime;lemon;orange;port;butter;caster sugar;plain flour;ground almonds;cinnamon;cardamom;nutmeg;allspice;cloves;salt;eggs;orange;rosewater;marzipan;apricot jam;orange;icing sugar;egg whites;rosemary;caster sugar;cinnamon;star anise;cloves;nutmeg;citrus leaves;rose petals;gold dust;
Apricot and brandy Christmas cake;dried apricots;currants;sultanas;raisins;brandy;butter;sugar;plain flour;eggs;glacé cherries;oranges;apricot jam;
Christmas cake;flour;salt;mixed spice;cinnamon;butter;brown sugar;treacle;marmalade;vanilla essence;eggs;dried fruits;candied peel;glacé cherries;almonds;brandy;marzipan;apricot;egg;icing sugar;lemon;liquid glycerine;
Roast ham;ham;leeks;onion;carrot;black peppercorns;bay leaves;coriander seeds;orange;demerara sugar;sugar;English mustard;cloves;honey;
Boiled and baked ham;ham;onions;cloves;peppercorns;bay leaf;English mustard;demerara sugar;chicken stock;
Christmas ham;gammon;onion;cloves;bay leaves;thyme;allspice;carrots;celery;peppercorns;cloves;cherry;ginger;brown sugar;cinnamon;whiskey;
Slow cooked gammon with mustard sauce;gammon;ginger beer;stem ginger;ginger;crème fraîche;mayonnaise;Dijon mustard;mustard;caster sugar;black pepper;
Honey-glazed gammon;gammon;onions;carrots;celery;bay leaves;black peppercorns;cloves;honey;English mustard;
Stuffed roast turkey breast ;sunflower oil;onion;leek;pork sausages;cranberries;flaked almonds;lemon;thyme;breadcrumbs;black pepper;turkey breast;bacon;sunflower oil;thyme;plain flour;wine;chicken stock;chicken stock;redcurrant jelly;
Christmas red cabbage;sunflower oil;onion;red cabbage;apples;ginger;cinnamon;vegetable stock;black pepper;
Easy roast potatoes;potatoes;olive oil;
Braised Savoy cabbage with bacon;Savoy cabbage;bacon;butter;white wine;parsley;fennel seeds;crème fraîche;pepper;
Pigs in blankets;bacon;sausages;cocktail sticks;
Creamy cauliflower cheese;cauliflower;cream cheese;Dijon mustard;cheese;walnuts;cheddar;salt;black pepper;watercress;
Perfect cauliflower cheese with bacon;cauliflower;bacon;chestnut mushrooms;butter;plain flour;milk;English mustard;gruyère;double cream;black pepper;nutmeg;breadcrumbs;parmesan;salad;bread;
Roasted cauliflower cheese;cauliflower;black pepper;butter;plain flour;nutmeg;milk;cheddar;Dijon mustard;parmesan;
Fillet steak with morel mushroom and wine sauce;black pepper;olive oil;morel;shallots;garlic;red wine;thyme;beef fillet;
Rabbit and pearl barley stew;rabbit;flour;vegetable oil;pancetta;onion;garlic;fennel;white wine;tomato purée;rosemary;pearl barley;
Mary Berry's mince pies;plain flour;butter;icing sugar;orange;egg;mincemeat;dried apricots;marzipan;
Creamy mustard sprouts;Brussels sprouts;butter;sunflower oil;shallot;garlic;white wine;double cream;Dijon mustard;caster sugar;black pepper;
Turkey pasta bake;fusilli;sunflower oil;bacon;onion;pasta sauce;double cream;turkey;Cheddar;
Roast parsnips;parsnips;sherry;honey;black pepper;
Best roast potatoes;King Edward;lard;sea salt;
Brussels sprouts gratin ;Brussels sprouts;butter;sunflower oil;bacon;bacon;almonds;double cream;lemon;breadcrumbs;Parmesan;black pepper;
Beer-braised beef with creamy mash;rapeseed oil;onions;carrots;celery;garlic;plain flour;shin;ale;beef stock;rosemary;black pepper;floury potatoes;butter;cream;
Brussels sprouts with pancetta;salt;Brussels sprouts;olive oil;pancetta;
Brussels sprouts slaw;Brussels sprouts;apple;red onion;walnuts;lemon;tahini;lemon juice;cayenne pepper;pepper;
Fakeaway fish and chips with mushy peas;eggs;white fish;potatoes;rapeseed oil;peas;crème fraîche;chives;black pepper;cornflakes;
Sprouts with crispy bacon;Brussels sprouts;lardons;double cream;garlic;black pepper;
Sprouts with chestnuts and pancetta;Brussels sprouts;butter;bacon;onion;chestnuts;black pepper;
Lamb stew with rosemary dumplings;lamb neck;black pepper;plain flour;olive oil;butter;onions;carrots;swede;white wine;rosemary;bay leaves;lamb stock;parsley;plain flour;suet;baking powder;salt;rosemary;lamb stock;
Easy roast chicken with gravy;carrots;celery;onion;chicken;lemon;vegetable oil;black pepper;potatoes;chicken stock;butter;plain flour;mixed herbs;
Roast chicken and stuffing;onions;sage;breadcrumbs;butter;egg yolk;nutmeg;black pepper;chickens;caster sugar;lemon;white wine;butter;water;water;gooseberries;chicken stock;
Perfect roast chicken dinner;milk;butter;cloves;bay leaves;salt;white pepper;onion;nutmeg;double cream;breadcrumbs;chicken;olive oil;pepper;chicken wings;vermouth;sausages;pancetta;chicken stock;waxy potatoes;
Roast chicken with apple spelt;olive oil;onion;garlic;pearl barley;chicken stock;apples;lemon;lemon;black pepper;chicken;rapeseed oil;bay leaves;thyme;black pepper;kale;butter;leeks;
Roast goose;goose;onion;apples;sea salt;black pepper;giblets;onion;carrots;celery;bay leaves;thyme;goose fat;onions;apple;caster sugar;sage;sage;goose;breadcrumbs;sausage;plain flour;stock;cider;bay leaves;
Roast turkey roll;sourdough bread;pistachios;cranberries;thyme;orange;sausage;onion;chestnuts;breadcrumbs;sage;salt;black pepper;cranberries;juniper berries;bacon;turkey breast;brown sauce;bread sauce;pork scratchings;
Nut roast;butter;oil;onion;garlic;rosemary;rosemary;mushrooms;mixed nuts;gruyère;Parmesan;barley;Puy lentils;thyme;sage;breadcrumbs;pine nuts;dried apricots;lemon;eggs;white wine;soy sauce;leeks;black pepper;
Nut roast with mushroom gravy;spinach;cranberries;sherry;olive oil;butter;onion;chestnut mushrooms;parsnip;garlic;sage;lemon;thyme;spelt;mixed nuts;chestnuts;breadcrumbs;eggs;butter;olive oil;butter;shallot;garlic;thyme;mushrooms;sherry;vegetable stock;single cream;cranberries;caster sugar;orange;
The best cottage pie ;rapeseed oil;beef mince;onions;cloves;thyme;tomato purée;beef stock;Worcestershire sauce;carrots;potatoes;butter;milk;baked beans;sea salt;black pepper;
Cauliflower cheese;cauliflower;butter;plain flour;milk;English mustard;cheddar;black pepper;
Sausage roll wreath;plain flour;lemon juice;butter;lard;sausagemeat;salt;chilli;orange;sage;egg;cranberry sauce;water;
Christmas pudding cake ;dried fruit;cranberries;prunes;dates;figs;brandy;orange;nuts;butter;sugar;treacle;eggs;self-raising flour;mixed spice;apricot jam;marzipan;mincemeat;cranberries;fondant;holly leaves ;
Sage, onion and sausage stuffing balls;butter;onion;onion;sausage;sage;breadcrumbs;black pepper;
Chestnut stuffing;onion;dried apricots;breadcrumbs;butter;chestnuts;parsley;salt;black pepper;
Vegan mince pies;oil;mincemeat;pear;satsumas;cornflour;filo pastry;
Great sausage casserole;sunflower oil;pork sausages;bacon;onions;garlic;chilli powder;chopped tomatoes;chicken stock;tomato purée;Worcestershire sauce;herbs;bay leaves;thyme;butter beans;black pepper;muscovado sugar;wine;
Arctic roll;ice cream;eggs;caster sugar;self-raising flour;caster sugar;lemon;strawberries;
Paul Hollywood's Arctic roll;sunflower oil;ice cream;raspberry jam;eggs;caster sugar;self-raising flour;
Proper baked beans with soda bread toast;rapeseed oil;bacon;onion;garlic;tomatoes;tomato purée;brown sugar;red wine vinegar;black pepper;wholemeal flour;strong white flour;bicarbonate of soda;salt;black pepper;butter;buttermilk;water;
English muffins;yeast;salt;caster sugar;butter;egg;milk;oil;semolina;flour;
Mary Berry’s tipsy trifle;eggs;caster sugar;self-raising flour;strawberry jam;ratafia biscuits;pear;dry sherry;eggs;caster sugar;cornflour;vanilla extract;milk;single cream;whipping cream;flaked almonds;cherries;
Egg custard tarts;plain flour;ground almonds;butter;caster sugar;egg;milk;egg yolks;caster sugar;nutmeg;
Tea loaf;salt;caster sugar;butter;yeast;milk;sultanas;glacé cherries;cinnamon;oranges;icing sugar;butter;flour;
Spiced orange cake with Christmas pudding ice cream;milk;double cream;egg yolks;sugar;Christmas pudding;oranges;ground almonds;sugar;baking powder;ground ginger;cinnamon;eggs;plums;butter;sugar;cinnamon;glycerine;lemon;
Christmas carrots;carrots;butter;sugar;salt;star anise;
Leftover turkey and potato pie;olive oil;onion;garlic;leftover turkey;tomatoes;chicken stock;Worcestershire sauce;vegetables;peas;black pepper;roast potatoes;butter;
Hand-raised Boxing Day pie;plain flour;strong white flour;salt;butter;lard;egg;stuffing;turkey;black pepper;cranberries;cranberry sauce;
Black bun;plain flour;lard;butter;salt;baking powder;egg;plain flour;raisins;currants;ground ginger;cinnamon;allspice;mixed spice;black pepper;sugar;peel;bicarbonate of soda;whisky;egg;buttermilk;
Eccles cakes;plain flour;salt;butter;lemon;currants;sherry;butter;peel;cinnamon;nutmeg;ground ginger;lemon;lemon juice;egg white;caster sugar;muscovado sugar;
Corned beef plate pie;plain flour;salt;butter;lard;egg;sunflower oil;onion;carrot;celery;potato;corned beef;Worcestershire sauce;beef stock;parsley;salt;
Spiced apple chutney;onions;apples;sultanas;coriander;paprika;salt;sugar;vinegar;mixed spice;
Breakfast hash;oil;butter;sausages;onion;potato;eggs;
Devilled kidneys;kidneys;plain flour;butter;onion;tomato purée;English mustard;Worcestershire sauce;bread;butter;parsley;salt; pepper;
Mackerel on toast with salted cucumber and horseradish;cucumber;salt;horseradish;crème fraîche;English mustard;mackerel;black pepper;butter;soda bread;red onion;lemon;
Grilled mackerel with new potatoes and salad;salt;mackerel;wholegrain mustard;black pepper;English mustard;white wine vinegar;rapeseed oil;lemon juice;Little Gem lettuces;potatoes;
Jam roly-poly;butter;self-raising flour;suet;caster sugar;salt;milk;strawberry jam;
Traditional toad in the hole;plain flour;salt;black pepper;eggs;milk;thyme;Dijon mustard;beef dripping;butter;sausages;
Hearty chicken and chorizo soup;olive oil;onion;chorizo;chicken thighs;smoked paprika;garlic;rosemary;flageolet beans;chicken stock;double cream;butter;parsley;black pepper;rye bread;
Braised steak with gravy;braising steaks;sunflower oil;onion;garlic;beef stock;beef stock;beef stock;tomato purée;thyme;thyme;bay leaf;cornflour;English mustard;black pepper;
Cherry scones;self-raising flour;baking powder;caster sugar;butter;egg;milk;glacé cherries;
Mary Berry’s bread and butter pudding;raisins;caster sugar;lemon;mixed spice;white bread;butter;eggs;double cream;milk;demerara sugar;
Mary Berry's fish pie;butter;onion;plain flour;milk;black pepper;lemon juice;haddock;haddock;eggs;potatoes;milk;butter;
Scottish cranachan with a wee twist;honey;cardamom;oatmeal;raspberries;double cream;cardamom;whisky;rosewater;rose petals;
Cherry trifle;caster sugar;cherries;cherry brandy;double cream;custard;Madeira cakes;white chocolate;caster sugar;cherries;
Wild salmon with English asparagus and hollandaise sauce;celery;parsley;tarragon;bay leaves;leek;fennel;onions;carrots;asparagus;salt;black peppercorns;white wine vinegar;lemons;salmon;egg yolks;clarified butter;white wine vinegar;black pepper;
Pork loin with scrumpy sauce, candied walnuts and cabbage;butter;bramley apples;caster sugar;cider;caster sugar;walnut;rapeseed oil;black pudding;plain flour;eggs;breadcrumbs;rapeseed oil;pork loin;black pepper;butter;cabbage;black pepper;
Treacle-cured roast beef with Yorkshire puddings;treacle;fillet of beef;black pepper;vegetable oil;butter;potatoes;spinach;red wine;eggs;milk;plain flour;
Ginger and pear upside-down cake;caster sugar;butter;rum;stem ginger;pears;eggs;butter;caster sugar;plain flour;baking powder;ground ginger;allspice;
Panhaggerty;vegetable oil;bacon;potatoes;onions;carrots;chicken stock;cheddar;black pepper;bread;
Microwave jacket potatoes with various toppings;potato;leek;black pepper;cheddar;bacon;apple;sweetcorn;mayonnaise;black pepper;peas;salmon;mayonnaise;water;
Custard;milk;vanilla pod;eggs;caster sugar;cornflour;
Gluten-free lemon drizzle cake;lemons;caster sugar;butter;eggs;self-raising flour;ground almonds;baking powder;
Gluten-free Victoria sponge cake ;caster sugar;eggs;vanilla extract;butter;flour;baking powder;jam;icing sugar;
Broad bean and Little Gem salad;white bread;olive oil;pepper;broad beans;Little Gem lettuces;parmesan;Dijon mustard;white wine vinegar;olive oil;caster sugar;pepper;cream;
Sultana scones;flour;salt;butter;sultanas;caster sugar;milk;jam;clotted cream ;
Oxtail stew;oxtail;plain flour;sunflower oil;onions;garlic;carrots;celery;thyme;thyme;bay leaves;red wine;beef stock;tomato purée;black pepper;parsley;
Slow roasted lamb with minted Jersey Royals and mint sauce;olive oil;rosemary;garlic;red onions;gravy;black pepper;Jersey Royal potatoes;mint;mint;caster sugar;white wine vinegar;lamb shoulder;
Gammon with double egg and oven chips;oil;potato;tomato;gammon;eggs;black pepper;
Coronation chicken;chicken breasts;olive oil;lemon;butter;shallot;chilli;curry powder;tomato purée;white wine;chicken stock;apricot jam;mayonnaise;crème fraîche;mango;spring onions;fresh coriander;Tabasco;black pepper;salad leaves;flaked almonds;
Beef and ale stew;onions;carrots;celery;tomatoes;black peppercorns;bay leaves;thyme;cayenne pepper;braising steak;ale;ale;black pepper;groundnut oil;
Steamed syrup sponge pudding;butter;golden syrup;caster sugar;lemon;eggs;self-raising flour;golden syrup;custard;
Plum crumble;butter;plums;lemon;caster sugar;plain flour;caster sugar;sugar;butter;oats;lemons;custard;
Sloe gin and blackberry jelly;gelatine;blackberries;caster sugar;lemon;sloe;water;
Roast pork belly with apple bread sauce and rib gravy ;pork belly;sea salt;olive oil;pork;onions;carrots;chicken stock;black peppercorns;bay leaves;thyme;milk;onion;cloves;apples;cinnamon;breadcrumbs;butter;cinnamon;
Sausage rolls with caramelised red onions;plain flour;strong white flour;salt;butter;egg;sesame seeds;red onion;olive oil;cranberry sauce;salt;sausagemeat;nutmeg;red onion;garlic;thyme;apple;chicken stock;salt;black pepper;balsalmic vinegar;
Slow-cooker sausage  casserole ;oil;sausages;sausages;fennel;green lentils;chicken stock;bay leaves;fennel seeds;onions;garlic;white wine;
Homemade cranberry sauce;cranberries;port;caster sugar;orange juice;cornflour;English mustard;lemon juice;cloves;sultanas;flaked almonds;orange;lemon;salt;
Easy Christmas pudding;caster sugar;suet;sultanas;raisins;currants;candied peel;plain flour;breadcrumbs;flaked almonds;lemon;eggs;cinnamon;nutmeg;salt;brandy;mixed spice;
How to make Christmas pudding;breadcrumbs;dried apricots;raisins;currants;raisins;sultanas;candied peel;almonds;sugar;suet;salt;mixed spice;cinnamon;nutmeg;orange;lemon;apple;eggs;beer;milk;brandy;butter;
The best Christmas pudding;sultanas;currants;figs;candied peel;dried apricots;glacé cherries;brandy;ginger;quinces;oranges;eggs;suet;sugar;breadcrumbs;self-raising flour;mixed spice;sixpences or coins;
Mary Berry's Christmas pudding;dried mixed fruit;apple;orange;brandy;butter;sugar;eggs;self-raising flour;mixed spice;breadcrumbs;almonds;butter;icing sugar;brandy;brandy;
Gold millionaire's shortbread;plain flour;caster sugar;butter;semolina;fudge;dark chocolate;gold dust;
Gingerbread biscuits;sugar;sugar;golden syrup;butter;egg;plain flour;ground ginger;mixed spice;honey;strawberry;white fondant;
Parkin with cider and golden syrup sauce;self-raising flour;salt;ground ginger;nutmeg;mixed spice;golden syrup;treacle;butter;brown sugar;egg;milk;golden syrup;apple juice;mixed spice;cider;ice cream;oat flakes;
Rabbit casserole;rabbits;olive oil;garlic;rosemary;bay leaves;white wine;lemon;flour;onion;celery;capers;anchovy fillets;
Paul Hollywood's Chelsea buns;strong white flour;salt;yeast;milk;butter;egg;vegetable oil;butter;orange;brown sugar;cinnamon;cranberries;sultanas;dried apricots;apricot jam;icing sugar;orange;
Roast rib of beef and bone marrow gravy with roast potatoes ;rib of beef;rapeseed oil;rapeseed oil;oxtail;onions;cloves;thyme;red wine;beef stock;mushroom;tomatoes;red wine vinegar;Worcestershire sauce;brown sugar;potatoes;goose fat;thyme;salt; pepper;water;bay leaves;garlic;
Mustard, bacon and caramelised onion scones;bacon;self-raising flour;salt;baking powder;English mustard;butter;egg;double cream;milk;onion marmalade;
Chocolate and stout cake;dark chocolate;butter;brown sugar;eggs;self-raising flour;milk chocolate;butter;icing sugar;hazelnuts;stout;stout;
Christmas bubble and squeak;butter;red onion;juniper berries;goose;ham;pumpkin;stuffing;roast potatoes;bacon;Brussels sprouts;
Easy mulled wine;red wine;cinnamon;star anise;cloves;orange;lemon;brown sugar;
Nigella's mince pies;plain flour;vegetable shortening;butter;orange;salt;mincemeat;icing sugar;
Prune and chestnut stuffing;chestnuts;celery;onion;butter;prunes;parsley;egg;black pepper;liver;breadcrumbs;
Sausagemeat stuffing;onion;garlic;sausage;parsley;sage;breadcrumbs;black pepper;
Vegetarian stuffing;butter;onions;sage;breadcrumbs;egg;black pepper;
Easy sage and onion stuffing;onions;sage;breadcrumbs;butter;pepper;egg;
How to make chicken kievs;butter;garlic;parsley;chicken breasts;plain flour;eggs;breadcrumbs;sunflower oil;black pepper;broccoli;
Christmas shortbread;caster sugar;butter;flour;white chocolate;pistachios;chocolate;orange;teabags;
Traditional shortbread ;butter;caster sugar;plain flour;rice flour;salt;
Sloe gin fizz;sloe;lemon juice;sugar;cream soda;blackberry;mint;ice;
Nigella's sticky toffee pudding;dates;bicarbonate of soda;butter;treacle;sugar;eggs;plain flour;baking powder;butter;sugar;treacle;double cream;water;
Christmas red cabbage;walnut oil;butter;red onions;red cabbage;cherries;ginger;ground ginger;cinnamon;allspice;cloves;brown sugar;red wine vinegar;port;chicken stock;black pepper;
Best shepherd’s pie;roast lamb;carrot;celery;parsley;shallot;garlic;garlic;ketchup;floury potatoes;butter;milk;pepper;cabbage;garlic;chilli;fish sauce;vegetable oil;
Roast loin of pork;floury potatoes;pepper;carrots;celery;onion;vegetable oil;Calvados;quince;carrots;pork loin;
Malt loaf;brown sugar;treacle;butter;flour;flouring;wholemeal flour;salt;yeast;sultanas;honey;malt extract;water;
Paul Hollywood’s bloomer;strong white flour;salt;yeast;olive oil;flour;water;
Blackberry and apple pies;apples;caster sugar;liqueur;blackberries;puff pastry;eggs;ice cream;
Eggy bread;egg;milk;vegetable oil;bread;pepper;ketchup;
Buttermilk scones;plain flour;bicarbonate of soda;cream of tartar;caster sugar;butter;vegetable shortening;buttermilk;egg;egg;
Cottage pie with cheesy mash;sunflower oil;onion;celery;carrots;garlic;beef mince;red wine;plain flour;beef stock;tomato purée;herbs;bay leaf;Worcestershire sauce;black pepper;King Edward;butter;milk;cheddar;black pepper;Savoy cabbage;water;
Plain scones with jam and cream;self-raising flour;salt;butter;caster sugar;milk;clotted cream;raspberry jam;
Mary Berry's scones;self-raising flour;baking powder;caster sugar;butter;eggs;milk;sultanas;jam;clotted cream;
Sponge cake;butter;caster sugar;eggs;flour;double cream;
Classic bread and butter pudding;eggs;caster sugar;double cream;vanilla extract;brioche;butter;raisins;double cream;
Fairy cakes;butter;caster sugar;eggs;vanilla extract;self-raising flour;milk;icing sugar;food colouring;water;decorations;
Flapjack cinnamon apple crumble;oats;lemon;butter;sugar;golden syrup;apples;butter;cinnamon;sugar;lemon;cornflour;raisins;milk;vanilla extract;eggs;caster sugar;cornflour;
Meat and potato pie;braising steak;onions;potatoes;plain flour;salt;margarine;lard;egg;beef extract;gravy granules ;water;
Chicken parmo;chicken breasts;plain flour;eggs;Parmesan;breadcrumbs;oregano;basil;pepper;olive oil;onion;garlic;red wine;oregano;tomatoes;sugar;pepper;garlic;olive oil;mozzarella;basil;
Granola bars ;butter;brown sugar;honey;oats;dried cherries;cranberries;coconut;hazelnuts;double cream;white chocolate;
How to make steak and ale pie;plain flour;salt;butter;butter;egg;braising steak;plain flour;olive oil;ale;garlic;onions;carrots;celery;bay leaf;thyme;beef stock;tomato purée;balsamic vinegar;mushrooms;butter;water;salt; pepper;
Baked chicken goujons;breadcrumbs;cayenne pepper;chicken breasts;plain flour;eggs;vegetable oil;salt; pepper;
Rich Yorkshire puddings;plain flour;salt;white pepper;suet;eggs;milk;beef;water;
Make-ahead Yorkshire pudding;eggs;flour;milk;beef dripping;salt;
Easy sausage casserole;sausages;onion;garlic;herbs;butter beans;parsley;chopped tomatoes;chicken stock;black pepper;bread;parsley;olive oil;
Stress-free full English breakfast;sausages;bacon;mushrooms;tomatoes;black pudding;egg;bread;
Mutton chops with potato and turnip gratin ;plain flour;eggs;breadcrumbs;mutton;mutton;vegetable oil;butter;lemon juice;sea salt;onions;cabbage;cabbage;double cream;floury potatoes;turnips;garlic;egg;Dijon mustard;red wine vinegar;salt;sugar;English mustard;smoked paprika;olive oil;capers;parsley;salt;cornichons;
Baked beans with bubble and squeak hash browns;floury potatoes;double cream;butter;pancetta;thyme;savoy cabbage;parsley;oregano;wholegrain mustard;sunflower oil;black pepper;porcini;sunflower oil;butter;pancetta;thyme;bay leaves;rosemary;onion;carrot;celery;garlic;cinnamon;red wine;tomato purée;brown sugar;beef stock;passata;smoked paprika;pinto beans;haricot beans;parsley;oregano;black pepper;umami paste;
Prawn cocktail with Marie Rose sauce;lemon juice;vinegar;prawns;Little Gem lettuce;thyme;cayenne pepper;lemon;Worcestershire sauce;ketchup;Tabasco;smoked paprika;paprika;double cream;mayonnaise;cayenne pepper;salt;black pepper;
Smoky cheese and olive scones;self-raising flour;baking powder;salt;black pepper;cayenne pepper;mustard powder;smoked paprika;butter;Manchego;Parmesan;olives;basil;basil;eggs;milk;
Easy lemon drizzle cake;butter;caster sugar;eggs;self-raising flour;lemon;icing sugar;
Cheap and cheerful chilli con carne;olive oil;onion;garlic;beef mince;chilli;chopped tomatoes;stock;stock;herbs;kidney beans;yoghurt;rice;salt; pepper;
Sausage rolls;butter;mushrooms;Worcestershire sauce;Tabasco;thyme;sausage;sausages;black pepper;puff pastry;egg;
Sausage rolls with pickle;puff pastry;puff pastry;sausagemeat;salt;thyme;pickle;egg;
Puff pastry apple pies;Bramley apples;caster sugar;butter;puff pastry;marzipan;egg yolks;demerara sugar;clotted cream;
Proper apple pie;plain flour;salt;butter;apples;sugar;caster sugar;water;
Steak and kidney pie;puff pastry;egg yolk;vegetable oil;braising steak;lamb kidney;onions;plain flour;beef stock;black pepper;Worcestershire sauce;
Minced beef pie;vegetable oil;beef mince;onion;plain flour;mushrooms;beef stock;Worcestershire sauce;shortcrust pastry;egg;
Eton mess ice cream sundae;strawberries;caster sugar;milk;whipping cream;glucose;milk;egg whites;lemon juice;caster sugar;icing sugar;raspberry;raspberries;icing sugar;double cream;
Low-fat beef and potato pies;onion;carrots;celery;beef mince;ketchup;brown sauce;Worcestershire sauce;plain flour;chilli powder;dried chilli;black pepper;floury potatoes;beef stock;beef stock;peas;plain flour;milk;packets pizza base mix;water;
Apple and blackberry crumble;bramley apples;blackberries;demerara sugar;lemons;plain flour;butter;demerara sugar;muesli;
Paul's apple and blackberry crumble;apples;butter;caster sugar;blackberries;wholemeal flour;oats;seaweed;brown sugar;butter;sunflower seeds;pumpkin seeds;
Chocolate flapjacks;butter;golden syrup;oats;salt;apricots;chocolate;flour;
Easy sticky toffee pudding with toffee sauce;demerara sugar;dates;vanilla extract;butter;sugar;golden syrup;treacle;self-raising flour;eggs;bicarbonate of soda;double cream;demerara sugar;butter;golden syrup;treacle;ice cream;
Traditional simnel cake;icing sugar;caster sugar;ground almonds;eggs;almond extract;lemon juice;apricot jam;orange;lemon;dried fruit;glacé cherries;self-raising flour;mixed spice;eggs;butter;muscovado sugar;
Strawberries and cream meringues;egg whites;caster sugar;clotted cream;strawberries;
Roasted sausage and potato supper;olive oil;onions;peppers;garlic;thyme;new potatoes;sausages;white wine;black pepper;
Hidden vegetables shepherd’s pie;onion;lamb mince;plain flour;carrots;courgettes;chopped tomatoes;tomato purée;herbs;lamb stock;black pepper;floury potatoes;butter;milk;Cheddar;cauliflower;water;
Quick shepherd’s pie;onion;onion;lamb mince;curry powder;plain flour;chopped tomatoes;tomato purée;herbs;lamb stock;vegetables;fresh coriander;black pepper;;water;
Kids’ fruit cobbler;apples;orange;brown sugar;self-raising flour;butter;oats;brown sugar;cinnamon;yoghurt;
Red Nose Day shortbread;butter;caster sugar;plain flour;cornflour;salt;jam;butter;icing sugar;cream;vanilla extract;candy eyes;
Wholemeal cheese scones;wholemeal flour;plain flour;baking powder;salt;cheddar;Parmesan;milk;egg;
Fish cakes;potato;fish;parsley;egg;vegetable oil;black pepper;
Flapjacks;butter;golden syrup;sugar;oats;lemon;ground ginger;
Homemade scones;self-raising flour;baking powder;salt;caster sugar;butter;milk;plain flour;
How to make shortbread;butter;sugar;plain flour;
Rice pudding with fresh strawberries;pudding rice;sugar;milk;strawberries;
Paul’s mum’s jam tarts;butter;self-raising flour;jam;
Really good kedgeree;smoked haddock;basmati rice;eggs;peas;butter;sunflower oil;onion;curry powder;double cream;parsley;lemon;black pepper;bay leaves;
Fresh pea, broad bean and ham hock salad;broad beans;peas;mangetout;olive oil;vinegar;chilli;spring onions;parsley;mint;ham;pea shoots;salt; pepper;
Roast beetroot;beetroots;red onions;garlic;olive oil;vegetable stock;balsamic vinegar;thyme;black pepper;
Paul’s mum’s ginger biscuits;margarine;caster sugar;golden syrup;self-raising flour;ground ginger;
Mary's fish pie with soufflé topping;butter;leek;flour;milk;dill;lemon juice;haddock;smoked haddock;eggs;white bread;cream cheese;butter;cheddar;egg white;black pepper;
The ultimate fish pie;King Edwards;white pepper;butter;gruyère;stock;vermouth;onion;fennel;carrot;celery;bay leaf;saffron;haddock;smoked haddock;salmon;prawns;butter;plain flour;milk;parsley;double cream;white pepper;butter;spinach;eggs;ciabatta;parmesan;
Beef casserole with horseradish and mustard;sunflower oil;braising steak;onions;garlic;beef stock;plain flour;white wine;Worcestershire sauce;sugar;black pepper;chestnut mushrooms;Dijon mustard;horseradish sauce;double cream;
Easy fish pie;single cream;butter;white pepper;nutmeg;haddock;salmon;lemon juice;eggs;butter;parsley;plain flour;milk;single cream;baking potato;
The Hairy Bikers' fish pie with cheese mash;milk;onion;white fish;butter;plain flour;peas;prawns;potatoes;butter;milk;Cheddar;bay leaves;salt; pepper;
Cottage pie;oil;onion;carrots;beef mince;tomatoes;beef stock;bay leaf;thyme;tomato purée;black pepper;potatoes;parsnips;butter;milk;;
Mary Berry's cottage pie with dauphinoise potato ;oil;beef mince;onions;celery;plain flour;red wine;beef stock;Worcestershire sauce;sugar;thyme;chestnut mushrooms;gravy browning;King Edward;double cream;cheddar;salt; pepper;
Lighter cottage pie ;beef mince;onion;celery;carrots;chopped tomatoes;tomato purée;beef stock;Worcestershire sauce;herbs;peas;black pepper;floury potatoes;leeks;Cheddar;
Nigel Slater's shepherd's pie with spiced parsnip mash;parsnips;onions;butter;cumin;coriander seeds;garam masala;butter;black pepper;leeks;carrot;butter;mushrooms;roast lamb;flour;tomato purée;chicken stock;bay leaf;thyme;Worcestershire sauce;
Beef stew and dumplings ;olive oil;onions;carrot;celery;swede;plain flour;beef stock;red wine;bay leaves;black pepper;plain flour;suet;baking powder;salt;oatmeal;plain flour;baking powder;salt;parsley;rosemary;thyme;butter;;water;water;
Veggie shepherd’s pie;oil;leek;carrots;chestnut mushrooms;garlic;sage;thyme;Puy lentils;chopped tomatoes;vegetable stock;red wine;Worcestershire sauce;soy sauce;chilli;caster sugar;black pepper;sweet potatoes;potatoes;cauliflower;butter;black pepper;Parmesan;
Easy Eton mess;strawberries;sugar;port;meringues;cream;
Eton mess;strawberries;double cream;meringue;ginger;mint;
Nigel Slater's all-in-one roast beef rib ;potatoes;beef dripping;horseradish;black peppercorns;sea salt;rib of beef;carrots;parsnips;
The ultimate Christmas roast beef;plain flour;eggs;milk;black pepper;cauliflower;French beans;broccoli;carrots;sirloin;beef dripping;red wine;beef stock;floury potatoes;lardons;Brussels sprouts;chestnuts;butter;
Pea and mint soup;salt;mint;peas;black pepper;olive oil;crème fraîche;water;;
Pea soup with pancetta;chicken stock;peas;tarragon;salt;pancetta;
Mary Berry's easy chocolate cake;butter;caster sugar;eggs;self-raising flour;baking powder;cocoa powder;apricot jam;whipping cream;
Apple charlotte;caster sugar;apples;calvados;orange;cinnamon;butter;white bread;caster sugar;butter;double cream;double cream;icing sugar;vanilla extract;
Gluten-free sticky toffee pudding;dates;eggs;rice flour;baking powder;bicarbonate of soda;vanilla extract;sea salt;molasses;maple syrup;vanilla extract;sea salt;water;rice milk;dairy-free butter;coconut palm sugar;date syrup;dairy-free butter;coconut palm sugar;;
Treacle pudding;butter;golden syrup;plain flour;baking powder;eggs;demerara sugar;treacle;
Goat-herd pie;olive oil;onions;celery;butternut squash;garlic;sea salt;goat;olives;tomato purée;plain flour;red wine;beef stock;rosemary;cinnamon;black pepper;floury potatoes;butter;goats' cheese;parmesan;anchovy fillets;
Luscious lemon Swiss roll cake;butter;eggs;caster sugar;lemon;plain flour;icing sugar;butter;lemon juice;lemon curd;
Roast lamb with Madeira gravy;leg of lamb;garlic;rosemary;lemon;olive oil;onion;Madeira;butter;cornflour;black pepper;
Chocolate fairy cakes;eggs;sugar;self-raising flour;butter;butter;icing sugar;cocoa powder;milk;white chocolate;milk chocolate;
Easiest-ever banoffee pie;ginger biscuits;butter;dulce de leche;bananas;double cream;icing sugar;dark chocolate;
Christmas rocky road;dark chocolate;milk chocolate;butter;golden syrup;amaretti;Brazil nuts;glacé cherries;icing sugar;marshmallows;edible glitter;
Ginger and walnut carrot cake;plain flour;baking powder;bicarbonate of soda;ground ginger;sea salt;brown sugar;eggs;vegetable oil;carrots;walnut;crystallised ginger;butter;icing sugar;cornflour;cream cheese;ginger;
Potato salad;walnut;tarragon;Dijon mustard;olive oil;walnut oil;honey;black pepper;tarragon;shallot;gherkins;potatoes;
Cheese scones;flour;salt;butter;Cheddar;milk;
Rhubarb crumble;rhubarb;caster sugar;ginger;butter;demerara sugar;flour;double cream;
Lemon and elderflower cake;butter;caster sugar;salt;lemons;eggs;self-raising flour;ground almonds;elderflower;elderflower;lemon;butter;icing sugar;double cream;elderflower;fresh flowers;fresh fruit;
Mary's sticky toffee pudding;butter;sugar;eggs;self-raising flour;baking powder;bicarbonate of soda;treacle;milk;butter;sugar;treacle;double cream;vanilla extract;ice cream;
Classic Welsh cakes;self-raising flour;butter;egg;sultanas;milk;caster sugar;butter;
Hot cross buns;strong white flour;salt;butter;sugar;lemon;yeast;egg;milk;dried fruit;plain flour;vegetable oil;golden syrup;mixed spice;
Bread and butter pudding;butter;bread;sultanas;cinnamon;milk;double cream;eggs;sugar;nutmeg;
Mini Cornish pasties;white bread;lard;butter;egg;steak;waxy potatoes;swede;onion;black pepper;water;
Paul Hollywood's hot cross buns;milk;strong white flour;caster sugar;salt;yeast;butter;egg;sultanas;peel;apple;oranges;cinnamon;sunflower oil;plain flour;apricot jam;
Beef cobbler with cheddar and rosemary scones ;vegetable oil;plain flour;black pepper;onions;carrots;celery;leek;tomato purée;red wine;beef stock;bay leaf;self-raising flour;self-raising flour;flour;salt;rosemary;cheddar;milk;egg;flour;parsley;stewing steak;
Lardy cake;strong white flour;salt;yeast;lard;butter;dried fruit;brown sugar;flour;water;
Manchester tart;butter;shortcrust pastry;plain flour;raspberry;coconut;coconut;raspberries;milk;vanilla pod;egg yolks;caster sugar;cornflour;icing sugar;double cream;
Union Jack fondant fancies;butter;caster sugar;eggs;self-raising flour;milk;caster sugar;lemon;icing sugar;butter;strawberry jam;apricot jam;marzipan;fondant icing;food colouring;water;
Crumpets;strong white flour;plain flour;yeast;caster sugar;milk;bicarbonate of soda;salt;sunflower oil;water;
Summer berry cheesecake;butter;gelatine;mascarpone;lemon;double cream;caster sugar;lemon curd;mint;icing sugar;gingernut biscuits;water;berries;
Pork, leek and apricot raised pie with cider and sage jelly;gelatine;caster sugar;cider;sage;pork shoulder;pork belly;collar;apricots;leek;ground ginger;allspice;nutmeg;egg;sea salt;black pepper;prunes;plain flour;black pepper;butter;lard;sea salt;egg;water;water;
Prawn cocktail with avocado ;prawns;crème fraîche;shallot;tomatoes;chilli;radishes;fresh coriander;lime;Tabasco;black pepper;lettuces;avocado;cayenne pepper;prawns;coriander;gazpacho;
Victoria sponge;margarine;caster sugar;eggs;vanilla extract;flour;milk;double cream;mixed berries;icing sugar;
Lemon-and-herb stuffed shoulder of lamb;olive oil;onion;celery;carrot;thyme;bay leaf;sea salt;plain flour;redcurrant jelly;mint;olive oil;white bread;leek;onion;garlic;capers;lemon;mint;parsley;sea salt;black pepper;mint;mint;caster sugar;white wine vinegar;olive oil;lamb shoulder;sea salt;black pepper;olive oil;olive oil;onion;thyme;garlic;floury potatoes;vegetable stock;sea salt;black pepper;lamb bones;water;
Custard slice;plain flour;salt;butter;milk;vanilla pod;caster sugar;cornflour;butter;icing sugar;dark chocolate;water;eggs;water;
Smoked cheese and onion pasties;potatoes;butter;milk;smoked cheese;English mustard;spring onions;puff pastry;egg;black pepper;
Spotted dick and custard;plain flour;baking powder;suet;caster sugar;currants;lemon;milk;butter;milk;double cream;egg yolks;caster sugar;
Summer pudding loaf ;blackberries;caster sugar;white bread;
Small pork pies with quails’ eggs;plain flour;strong white flour;butter;salt;lard;quails' eggs;onion;pork loin;bacon;parsley;black pepper;egg;gelatine;water;chicken stock;water;
How to make trifle;blackberries;caster sugar;liqueur;apple juice;gelatine;Madeira cake;mascarpone;custard;whipping cream;almonds;
Victoria sponge with strawberry jam;butter;butter;caster sugar;eggs;self-raising flour;strawberry;double cream;icing sugar;
Sticky toffee pudding with custard;dates;bicarbonate of soda;butter;brown sugar;eggs;vanilla extract;plain flour;baking powder;butter;brown sugar;brown sugar;double cream;double cream;milk;vanilla extract;egg yolks;caster sugar;
Homemade Bakewell tart;plain flour;butter;salt;caster sugar;raspberries;sugar;lemon;eggs;caster sugar;butter;ground almonds;almond extract;flaked almonds;icing sugar;water;
Mary Berry's hot cross buns;strong white flour;caster sugar;mixed spice;cinnamon;lemon;salt;yeast;butter;milk;egg;sultanas;candied peel;oil;plain flour;golden syrup;
How to make eccles cakes;butter;brown sugar;currants;cinnamon;nutmeg;orange;candied peel;margarine;puff pastry;flour;milk;caster sugar;icing sugar;
Muesli;oats;dried apricots;prunes;pumpkin seeds;sunflower seeds;berry;yoghurt;
Old fashioned rabbit stew;plain flour;thyme;thyme;black pepper;butter;sunflower oil;rabbit;rabbits;bacon;onions;cider;vegetable stock;carrots;peas;bay leaves;
Christmas trifle;lemon;dried apricots;cranberries;pineapple;egg yolks;cornflour;caster sugar;milk;single cream;apricot jam;ratafia biscuits;dry sherry;double cream;flaked almonds;trifle sponges;
Barnsley chops with Cumberland sauce;thyme;rosemary;mint;sea salt;black pepper;sunflower oil;orange;stem ginger;port;redcurrant jelly;lemon;Barnsley chops;
Easter simnel cake;glacé cherries;butter;sugar;eggs;self-raising flour;sultanas;currants;candied peel;lemons;mixed spice;marzipan;apricot jam;
Free-form fruit pie;plain flour;butter;caster sugar;salt;egg;egg;rhubarb;strawberries;caster sugar;icing sugar;water;
Roast chicken with sage and onion stuffing;chicken;butter;lemon;white wine;black pepper;butter;onion;lemon;sage;sage;breadcrumbs;egg;butter;onion;sausagemeat;apple;thyme;flour;white wine;chicken stock;
Somerset chicken;chicken breasts;black pepper;butter;olive oil;onions;plain flour;wholegrain mustard;apples;mushrooms;chicken stock;cider;sage;double cream;cheddar;potatoes;butter;
Earl Grey tea bread ;currants;sultanas;tea;self-raising flour;sugar;egg;butter;
Ploughman's lunch salad;olive oil;Cheddar;cherry tomatoes;salad leaves;bread;red onion;honey;vinegar;salt;
Cricket cake with strawberries and lemon curd ;eggs;self-raising flour;caster sugar;butter;lemon;baking powder;strawberries;double cream;
Lobster mac 'n' cheese;macaroni;salt;lobster;white wine;milk;bay leaf;onion;vegetable oil;butter;onion;bacon;garlic;thyme;plain flour;mustard powder;cayenne pepper;cheddar;gruyère;breadcrumbs;lobster;butter;brandy;
Raised chicken and ham pie;eggs;sausage;thyme;lemon;walnuts;chicken breasts;gammon;black pepper;plain flour;lard;salt;egg;
Lemon posset with lemon shortbread;double cream;caster sugar;lemons;icing sugar;plain flour;cornflour;ground almonds;butter;almond essence;lemon curd;icing sugar;
Christmas pudding trifle;Christmas pudding;dry sherry;pear;custard;mascarpone;double cream;dark chocolate;flaked almonds;
Crab and leek tart;plain flour;wholemeal flour;butter;egg;butter;leeks;butter;crème fraîche;eggs;crab;sea salt;crab;cheddar;black pepper;
Slow roast leg of lamb with chardonnay, rosemary, sage and bay;leg of lamb;pepper;red onions;cloves;rosemary;sage;bay leaves;white wine;honey;potatoes;olive oil;peas;
Eggnog;eggs;caster sugar;milk;double cream;rum;nutmeg;
Sage and onion tear and share bread;milk;strong white flour;yeast;caster sugar;sea salt;butter;sunflower oil;onion;garlic;sage;black pepper;
Make-ahead sticky toffee pudding;dates;bicarbonate of soda;butter;brown sugar;sugar;eggs;self-raising flour;butter;brown sugar;sugar;whipping cream;salt;water;
Mini Yorkshire puddings with roast beef and horseradish cream;egg;plain flour;vegetable oil;crème fraîche;horseradish;pepper;beef;parsley;water;
Chocolate Christmas pudding cheesecake;biscuits;butter;dark chocolate;cream cheese;ricotta;caster sugar;eggs;cocoa powder;Christmas pudding;dark chocolate;double cream;butter;chocolate;cocoa powder;clotted cream;
Turkey, leek and ham pie;butter;onion;carrots;leeks;double cream;stock;turkey;ham;mushrooms;cayenne pepper;tarragon;thyme;puff pastry;egg;parmesan;salt; pepper;
Turkey and ham pie;butter;onion;double cream;mushrooms;marjoram;leftover turkey;potatoes;butter;egg yolk;milk;black pepper;chicken stock;
Venison Wellington with caramelised onions and port jus;oil;venison;onions;balsamic vinegar;thyme;plain flour;puff pastry;Dijon mustard;egg;black pepper;plain flour;beef stock;red wine;redcurrant;muscovado sugar;
Cannon of lamb with celeriac potato cake ;lamb;oil;rosemary;black pepper;potatoes;celeriac;butter;oil;butter;plain flour;beef stock;port;redcurrant jelly;gravy browning;mint;
Last minute Christmas pudding;dried fruit;brandy;orange;butter;brown sugar;eggs;self-raising flour;breadcrumbs;pecans;nutmeg;cinnamon;brandy;cherries;custard;
Traditional Yorkshire pudding;plain flour;eggs;milk;beef dripping;black pepper;water;
Pot roast pheasant with sweetcorn mash;butter;sunflower oil;pheasants;onion;garlic;carrots;tarragon;wine;double cream;black pepper;milk;saffron;butter;sweetcorn;black pepper;baking potato;
Summer berry shortbread cake;plain flour;butter;sea salt;desiccated coconut;caster sugar;egg yolk;vanilla extract;raspberries;sugar;butter;yoghurt;eggs;plain flour;salt;baking powder;caster sugar;desiccated coconut;raspberries;blueberries;flaked almonds;
Fennel Welsh cakes with a blueberry coulis ;plain flour;caster sugar;baking powder;fennel seeds;butter;blueberries;egg;milk;blueberries;icing sugar;lemon juice;
Beef and mustard pie;beef;plain flour;black pepper;rapeseed oil;red wine;beef stock;onion;carrots;thyme;wholegrain mustard;egg yolks;puff pastry;green beans;butter;black pepper;
Raised game pie;shallots;garlic;game;pork belly;bacon;Madeira;mace;allspice;parsley;thyme;white pepper;plain flour;white bread;butter;salt;lard;egg yolk;
Mince and dumplings;sunflower oil;onion;cloves;celery;carrots;beef mince;chopped tomatoes;tomato purée;beef stock;red wine;caster sugar;bay leaf;black pepper;self-raising flour;beef;sea salt;parsley;
Fabulous fish pie;milk;onion;white fish;smoked haddock;salmon;eggs;butter;plain flour;white wine;double cream;dill;black pepper;potatoes;butter;double cream;Cheddar;bay leaves;
Perfect roast pork belly with cabbage and bacon;pork belly;onion;carrot;celery;parsley;thyme;star anise;cinnamon;butter;honey;red wine;beef stock;black pepper;butter;bacon;green cabbage;Brussels sprouts;chervil;butter;Bramley apple;water;
Beef hotpot;braising steak;black pepper;vegetable oil;butter;onions;carrots;plain flour;red wine;beef stock;thyme;potatoes;
Winter salad;red cabbage;green cabbage;carrots;walnuts;walnut oil;red wine vinegar;Dijon mustard;black pepper;
Triple-crown roast of lamb with a jewelled fruit stuffing and minted red wine sauce;olive oil;onion;flaked almonds;cumin;coriander;cayenne pepper;cinnamon;pear;cloves;dried apricots;sultanas;cranberries;orange;lemon;parsley;thyme;black pepper;plain flour;red wine;lamb stock;redcurrant jelly;mint;racks of lamb;
Fish and chips with tartare sauce;egg yolks;Dijon mustard;white wine vinegar;vegetable oil;lemon;red onion;gherkins;capers;parsley;olives;plain flour;cornflour;ale;salt;potatoes;cod;
Apple crumble with cardamom custard;butter;caster sugar;plain flour;flaked almonds;cinnamon;breadcrumbs;apples;cardamom;whipping cream;vanilla extract;egg yolks;caster sugar;flour;
Fried bacon with poached egg and tomatoes;sunflower oil;bacon;white wine vinegar;eggs;cherry tomatoes;watercress;balsamic vinegar;pepper;
Mary Berry’s treacle tart with woven lattice top;plain flour;butter;golden syrup;breadcrumbs;lemons;egg wash;
Hand-raised chicken and bacon pie;plain flour;flour;butter;salt;lard;egg wash;chicken;bacon;thyme;black pepper;dried apricots;gelatine;chicken stock;water;water;
Totally tropical Eton mess;double cream;yoghurt;meringue;mango;passion fruits;mint;
Mini three-way biscuits;butter;caster sugar;plain flour;semolina;chocolate;lemon;demerara sugar;almond extract;flaked almonds;
Strawberry pavlova;egg whites;caster sugar;sherry vinegar;food colouring;whipping cream;vanilla pod;icing sugar;strawberries;caster sugar;strawberries;orange liqueur;water;
Greengrocers' hot pot ;olive oil;onions;aubergine;courgette;tomatoes;flageolet beans;haricot beans;butter;carrot;beetroots;thyme;black pepper;
Baked plums with mascarpone;plums;meringue;mascarpone;caster sugar;
Bakewell traybake;plain flour;butter;sugar;eggs;milk;butter;caster sugar;ground almonds;eggs;lemon;plain flour;raspberry jam;flaked almonds;
Lighter Eton mess;meringue;strawberries;yoghurt;
Real vanilla ice cream;double cream;vanilla pod;caster sugar;eggs;water;
Diggers;plain flour;caster sugar;oats;coconut;butter;golden syrup;bicarbonate of soda;water;
Cheese scone;plain flour;baking powder;butter;milk;cheeses;cheese;
Mary Berry’s Easter biscuits;butter;caster sugar;egg;lemon;plain flour;currants;milk;
Definitive orange cake;butter;caster sugar;eggs;self-raising flour;baking powder;orange;butter;icing sugar;orange;orange;
Compost crumble;pears;apple;nectarines;lemon;banana;caster sugar;plain flour;butter;oats;pumpkin seeds;almonds;sesame seeds;demerara sugar;cream;
Traditional Welsh cakes;self-raising flour;butter;caster sugar;sultanas;egg;milk;butter;
Chocolate olive oil cake;olive oil;cocoa powder;ling;vanilla extract;ground almonds;bicarbonate of soda;salt;caster sugar;eggs;
Strawberries and cream cupcakes  ;butter;caster sugar;eggs;self-raising flour;strawberry jam;double cream;strawberries;icing sugar;
Sausage and bacon rustic hotpot;olive oil;pork sausages;mushrooms;bacon;garlic;leek;tomatoes;tomato purée;beef stock;cannellini beans;kidney beans;broccoli;baguette;cheddar;parsley;
Scouse eggs ;eggs;tofu;breadcrumbs;black pudding;garlic;parsley;mint;cinnamon;lemons;breadcrumbs;polenta;vegetable oil;vegetable oil;red onions;chillies;white wine vinegar;caster sugar;tamarind;cauliflower;cornflour;
Scotch pies;mutton;mace;nutmeg;gravy;salt;salt;lard;plain flour;egg yolk;
Spiced-up Barnsley chops ;cumin;coriander seeds;black pepper;vegetable oil;butter;lemon;orange;Barnsley chops;
Poached chicken with carrots, kale and mushrooms;chicken;chicken stock;black pepper;butter;olive oil;turnips;carrots;carrots;curly kale;peas;butter;olive oil;mushrooms;mushrooms;
Fast rhubarb tart with mascarpone cream;rhubarb;brown sugar;puff pastry;butter;flour;eggs;caster sugar;mascarpone;vanilla extract;
Rhubarb fool with lemongrass;rhubarb;lemongrass;sugar;icing sugar;crème fraîche;mascarpone;white chocolate;lemon;wine;water;
Smoked mackerel pate and cucumber sandwich;smoked mackerel;yoghurt;horseradish;lemon;black pepper;butter;white bread;cucumber;
Treacle tart;plain flour;butter;egg;golden syrup;breadcrumbs;ground ginger;lemon;clotted cream;
Lancashire hot pot;olive oil;lamb;kidneys;onions;salt;plain flour;lamb stock;thyme;Worcestershire sauce;butter;black pudding;black pepper;bay leaves;;
Pork tenderloin stuffed with apricots, apples and ginger;butter;sunflower oil;shallot;garlic;apple;dried apricots;sultanas;stem ginger;breadcrumbs;ground ginger;lemon;parsley;thyme;sea salt;black pepper;stem ginger;pork fillets;bacon;sunflower oil;ginger;double cream;cornflour;mashed potatoes;vegetables;
Whisky shortbread ding dangs;butter;caster sugar;plain flour;salt;semolina;whisky;oats;rice flour;cream of tartar;icing sugar;food colouring;food colouring;water;meringue powder;
Beef and horseradish sausage rolls ;olive oil;garlic;salt;chestnut mushrooms;horseradish;beef sausages;puff pastry;egg;flour;
Venison casserole;olive oil;butter;onions;garlic;bacon;mushrooms;venison;red wine;beef stock;redcurrant jelly;black pepper;cornflour;redcurrants;rosemary;new potatoes;spinach;water;
Bacon rarebit with apple chutney;brown sugar;sultanas;vinegar;apples;tomatoes;onion;bacon;cheddar;beer;English mustard;Tabasco;Worcestershire sauce;plain flour;black pepper;white bread;
Jerusalem artichoke soup with white truffle oil;butter;onions;chicken stock;Jerusalem artichokes;bouquet garni;butter;truffle oil;chives;black pepper;
Game terrine;game;pheasant;pigeon;duck;rabbit;hare;venison;fat;sausage;livers;breadcrumbs;egg;parsley;thyme;juniper berries;garlic;brandy;red wine;pepper;bacon;
Veggie sausage rolls;wholemeal bread;butter;leeks;sage;thyme;eggs;egg;Parmesan;manchego;puff pastry;plain flour;cranberries;black pepper;
Turkey gravy;giblets;bay leaf;thyme;peppercorns;onion;roast turkey;plain flour;pepper;water;
Hot mustard pickle;green beans;cauliflower;courgettes;sea salt;onions;vinegar;white wine vinegar;English mustard;turmeric;ground ginger;dried chilli;cornflour;sugar;
Lemony pond pudding;butter;self-raising flour;breadcrumbs;suet;demerara sugar;orange;lemon;demerara sugar;butter;
Dundee cake;butter;brown sugar;marmalade;eggs;self-raising flour;ground almonds;mixed spice;dried fruit;cherries;whisky;almonds;caster sugar;
Coarse country terrine;pork shoulder;pork belly;bacon;liver;cloves;orange;brandy;sage;thyme;peppercorns;juniper berries;bacon;black pepper;cornichons;
How to make Scotch broth;pearl barley;lamb shoulder;lamb stock;onions;bay leaf;thyme;carrots;turnips;celery;sea salt;potatoes;savoy cabbage;parsley;black pepper;
Glamorgan sausages with red onion and chilli relish;butter;leeks;breadcrumbs;parsley;thyme;Caerphilly;eggs;English mustard;sea salt;sunflower oil;black pepper;sunflower oil;red onions;chilli;cloves;sugar;white wine vinegar;
Autumn pudding;pears;apples;plums;blackberries;caster sugar;butter;sunflower oil;white bread;
Fillet of beef Prince Albert;sunflower oil;onion;garlic;carrots;celery;beef;parfait;black pepper;truffle oil;bacon;cognac;Madeira;beef stock;parsley;green beans;bay leaves;creamed potatoes;
Pork pie with chicken and apricots;plain flour;strong white flour;salt;butter;fat;egg;onion;chicken thighs;dried apricots;thyme;thyme;pork sausages;black pepper;water;baking potato;
Bakewell tart;plain flour;egg;egg yolk;butter;caster sugar;salt;ground almonds;ground almonds;caster sugar;eggs;almond essence;raspberry;flaked almonds;
Venison with red cabbage slaw;red cabbage;apple;red onion;raisins;capers;olive oil;red wine vinegar;venison;butter;parsley;black pepper;
Jumble biscuits;caraway seeds;plain flour;aniseed;mace;butter;caster sugar;lemons;eggs;egg;caster sugar;
Mary’s Bakewell tart ;raspberries;sugar;plain flour;butter;icing sugar;egg;butter;caster sugar;ground almonds;egg;almond extract;icing sugar;almond extract;food colouring;
Smoked mackerel pâté;kippers;horseradish;Dijon mustard;black pepper;crème fraîche;lemon;butter;spring onions;sourdough bread;
Three fish pie ;potatoes;butter;milk;Gruyère;butter;leeks;plain flour;white wine;milk;parsley;eggs;salt; pepper;smoked salmon; haddock;
Apple crumble with walnuts and sunflower seeds ;apples;lemon;sugar;plain flour;oats;sugar;walnuts;sunflower seeds;butter;
Frozen elderflower posset ;double cream;elderflower;berries;icing sugar;
Eggs Florentine;butter;egg yolks;lemon juice;white pepper;English muffins;spinach;eggs;water;
Cullen skink;butter;vegetable oil;leeks;onions;fennel;white wine;smoked haddock;butter;vegetable oil;leeks;shallots;garlic;double cream;parsley;nutmeg;water;potatoes;
Haggis, clapshot and whisky sauce;haggis;King Edward;turnip;butter;double cream;white pepper;chives;double cream;wholegrain mustard;Dijon mustard;whisky;white pepper;chives;lemon;
Custard tart;shortcrust pastry;milk;double cream;eggs;egg yolks;caster sugar;nutmeg;
Root vegetable gratin;carrots;butter;garlic;Emmental;swede;parsnips;milk;cream;egg;breadcrumbs;potatoes;
Mary Berry’s jaffa cakes;jelly;orange;butter;egg;caster sugar;self-raising flour;chocolate;water;
Football pies;plain flour;salt;butter;egg yolks;egg wash;oil;onion;tomato purée;plain flour;beef stock;Worcestershire sauce;peas;steak mince;salt; pepper;
Sticky toffee pudding;dates;bicarbonate of soda;salted butter;salt;demerara sugar ;molasses sugar;eggs;flour;vanilla extract;butter;double cream;butter;molasses sugar;whipping cream;molasses sugar ;salted butter;double cream;
Rice pudding;butter;pudding rice;caster sugar;milk;double cream;vanilla extract;salt;nutmeg;
Smoked salmon and dill sandwich;butter;dill;lemon juice;black pepper;brown bread;smoked salmon;cucumber;
Mini smoked salmon and dill cakes;king edward;cream cheese;smoked salmon;dill;lemon;horseradish sauce;capers;black pepper;breadcrumbs;olive oil;
Hot hounds with beer-and-mustard-barbied onions;onions;ale;demerara sugar;wholegrain mustard;butter;thyme;black pepper;French bread;sausages;
Fish and chips;vegetable oil;haddock;self-raising flour;black pepper;lager;king edward;
Sautéed caramelised fennel;fennel;butter;sugar;cider;vinegar;salt;
Ginger-glazed carrots;carrots;butter;ginger beer;caster sugar;salt;
How to cook roast beef with Yorkshire puddings;beef;mustard powder;vegetable oil;black pepper;plain flour;eggs;milk;salt;vegetable oil;King Edward;duck fat;garlic;thyme;salt;flour;red wine;black pepper;pan-roasting juices;
Crabcakes with a tomato, crab and basil dressing;crab;olive oil;carrot;leek;onion;flour;eggs;breadcrumbs;basil;lemon;black pepper;potatoes;tomatoes;
Quick sausage casserole with Savoy cabbage pesto ;vegetable oil;bacon;sausages;onion;garlic;carrot;celery;butter beans;white wine vinegar;caster sugar;white wine;chicken stock;bay leaves;Savoy cabbage;parsley;Parmesan;pine nuts;garlic;olive oil;white bread;lemon;black pepper;
Liver and bacon with onions and gravy;liver;butter;sunflower oil;plain flour;onion;bacon;beef stock;just;ketchup;black pepper;
Rolled roast loin of pork with homemade apple sauce;pork loin;onions;sage;Bramley apple;zest;butter;carrots;garlic;white wine;black pepper;Bramley apples;caster sugar;butter;salt;broccoli;butter;lemons;
How to make Coronation chicken;chicken;spring onions;garlic;salt;peppercorns;vegetable oil;onion;curry powder;tomato purée;red wine;bay leaf;black pepper;caster sugar;lemon;lemon juice;mayonnaise;apricot;apricots;cream;coriander;rice;water;
Piccalilli;cauliflower;rock salt;vinegar;English mustard;mustard seeds;garlic;sugar;cornflour;;
Beef stew with fluffy dumplings;silverside;plain flour;vegetable oil;onions;carrots;celery;tomato purée;red wine;beef stock;parsley;bay leaf;thyme;garlic;butter;redcurrant jelly;plain flour;baking powder;suet;parsley;black pepper;
Basic buttercream icing;butter;icing sugar;milk;food colouring;
Easy summer pudding;blackcurrants;caster sugar;white bread;blackcurrant;
Chocolate sponge cake;cocoa powder;eggs;milk;flour;baking powder;butter;caster sugar;chocolate;cream;apricot jam;icing;water;
Sloe gin;sloes;caster sugar;gin;
Shortbread;butter;caster sugar;plain flour;
Delia's any kind of cheese sauce;Cheddar;parmesan;milk;plain flour;butter;cayenne pepper;nutmeg;black pepper;
Easy cheese straws;puff pastry;egg yolks;cheddar;paprika;
Potted salmon;stock;bay leaf;black peppercorns;dill;black pepper;salmon;chives;chervil;lemon;Tabasco;clarified butter;
Simnel cake cupcakes;marzipan;caster sugar;sunflower oil;honey;vanilla extract;cream cheese;eggs;currants;raisins;plain flour;baking powder;mixed spice;icing sugar;gold balls;
Super-rich chocolate ice cream;butter;caster sugar;eggs;double cream;chocolate;water;
White chocolate and ginger cheesecake;butter;chocolate;digestive biscuits;white chocolate;cream cheese;soured cream;eggs;vanilla extract;stem ginger;chocolate;food colouring;marzipan;icing sugar;double cream;
Healthy plum crumble;oats;honey;salt;cinnamon;plums;caster sugar;star anise;orange;oil;
Baked Welsh cake cheesecake;self-raising flour;salt;lard;butter;caster sugar;white chocolate;cranberries;eggs;milk;digestive biscuits;butter;cinnamon;nutmeg;cream cheese;plain flour;caster sugar;vanilla essence;eggs;egg yolk;soured cream;
Minced beef pinwheels;sunflower oil;onion;garlic;beef mince;herbs;tomato purée;plain flour;puff pastry;Cheddar;egg;black pepper;
Pancake Day pancakes;plain flour;salt;eggs;milk;vegetable oil;butter;caster sugar;lemon juice;lemon;water;
Battenberg cake;butter;caster sugar;eggs;self-raising flour;vanilla extract;food colouring;apricot jam;marzipan;icing sugar;
Mary’s frosted walnut layer cake;self-raising flour;baking powder;walnuts;butter;caster sugar;eggs;caster sugar;walnut;butter;vanilla extract;milk;icing sugar;egg whites;caster sugar;cream of tartar;
Tear and share Christmas Chelsea buns;strong white flour;salt;yeast;milk;butter;eggs;mincemeat;apple;pear;orange;pistachio;candied peel;cinnamon;butter;apricot jam;icing sugar;orange;glacé cherries;candied peel;pistachio;
Stilton puffs;plain flour;puff pastry;Stilton;egg;parmesan;
Strawberry and almond crumble;strawberries;caster sugar;ground almonds;vanilla extract;plain flour;baking powder;butter;flaked almonds;demerara sugar;double cream;
Brandy (or rum) sauce;butter;plain flour;milk;brandy;caster sugar;
Swiss roll with homemade raspberry jam;raspberries;sugar;eggs;caster sugar;vanilla pods;self-raising flour;double cream;raspberries;lemon;pistachios;
Mincemeat trifle;butter;caster sugar;ground almonds;plain flour;eggs;orange;mincemeat;lemons;orange;butter;sugar;egg yolks;dry sherry;custard;double cream;Cape gooseberries;pistachios;
Bara brith;dried mixed fruit;brown sugar;tea;mixed spice;self-raising flour;egg;
Homemade fish fingers;plain flour;egg;breadcrumbs;breadcrumbs;white fish;sunflower oil;peas;black pepper;
Mini Victoria sponge cakes;strawberries;sugar;butter;caster sugar;eggs;vanilla extract;self-raising flour;double cream;icing sugar;
Mini beef Wellington tartlets;filo pastry;butter;black pepper;honey;vegetable oil;horseradish sauce;parsley;fillet steak;
Baked apples;exotic fruit;brandy;brown sugar;allspice;butter;apples;yoghurt;
Fantastic fish fingers;bread;cod;plain flour;egg;paprika;garlic;black pepper;sunflower oil;
Chicken and wild mushroom pie;plain flour;butter;salt;butter;shallot;garlic;chicken breasts;mushrooms;mushrooms;Madeira;chicken stock;tarragon;double cream;egg yolks;black pepper;water;
Potato wedges with rosemary;potatoes;olive oil;black pepper;rosemary;garlic;
Fish fingers with pitta bread;egg;breadcrumbs;paprika;white fish;vegetable oil;pepper;mayonnaise;curry powder;lemon;pitta breads;Cos lettuce;
Crisp winter slaw;red cabbage;fennel;celery;apple;lemon;walnuts;red wine vinegar;salt;Dijon mustard;nut;walnut oil;Stilton;
Chicken pie;butter;flour;chicken stock;double cream;lemon juice;tarragon;pepper;mushrooms;chicken;puff pastry;egg;
Spiced oat cookies;oats;wholemeal flour;salt;bicarbonate of soda;apple;mixed spice;baking spread;
Perfect Welsh rarebit;flour;butter;beer;cheddar;English mustard;Worcestershire sauce;black pepper;bread;
Beef Wellington with wild mushroom Madeira sauce;olive oil;butter;Portobello mushrooms;spinach;eggs;egg;plain flour;milk;pâté;puff pastry;wild mushrooms;Madeira;beef stock;beef stock;black pepper;beef fillet;
Wild Scottish venison with port, figs and potato wedges;rapeseed oil;potatoes;sea salt;rapeseed oil;chillies;red onions;venison;figs;port;balsamic vinegar;watercress;
Low-fat chicken and mushroom pie;mushrooms;porcini;black pepper;mushrooms;chicken stock;bay leaf;waxy potatoes;olive oil;onion;leek;chicken breasts;plain flour;tarragon;green beans;
Roast peppered beef with bourbon mustard and all the trimmings;mustard seeds;mustard seeds;brown sugar;honey;vinegar;plain flour;eggs;milk;beef dripping;rib of beef;vegetable oil;black pepper;beef stock;floury potatoes;beef dripping;sea salt;vegetables;bourbon;
Fresh sardines on toast with sweet pickled red onion;sardines;plain flour;sea salt;black pepper;olive oil;red onion;caster sugar;red wine vinegar;capers;parsley;sourdough bread;butter;wholegrain mustard;tomato;
How to cook venison;venison;vegetable oil;black pepper;green beans;watercress;shallot;walnuts;walnut oil;English mustard;gherkin;black pepper;Worcestershire sauce;tarragon;red wine vinegar;pickled walnut;
Rhubarb and custard tart;plain flour;butter;egg;eggs;egg yolks;caster sugar;milk;double cream;vanilla pod;caster sugar;rhubarb;rhubarb;
Mary Berry's royal icing;icing sugar;egg whites;lemon juice;egg white;pickled walnut;
Raspberry and pistachio cake trifle;milk;double cream;vanilla pod;caster sugar;egg yolks;butter;plain flour;eggs;caster sugar;pistachio;raspberries;flaked almonds;double cream;icing sugar;kirsch;pistachio;
Christmas pudding;currants;prunes;sugar;rum;walnuts;almonds;ground almonds;breadcrumbs;plain flour;butter;nutmeg;cinnamon;mixed spice;glacé cherries;eggs;stout;
Iced fingers;strong white flour;caster sugar;butter;eggs;yeast;salt;milk;icing sugar;whipping cream;strawberry jam;icing sugar;water;water;
Chelsea buns;strong white flour;salt;yeast;milk;butter;egg;oil;butter;brown sugar;cinnamon;dried mixed fruit;milk;caster sugar;
Slow-roasted pork belly with boulangère potatoes;pork belly;salt;thyme;potatoes;onions;black pepper;chicken stock;Bramley apples;butter;caster sugar;water;
Scrambled eggs with smoked salmon and brioche;eggs;smoked salmon;brioche;single cream;butter;black pepper;dill;
Roast pheasant and bread sauce;pheasants;pheasants;rapeseed oil;butter;black pepper;red wine;port;juniper berries;thyme;butter;onion;bay leaf;thyme;cloves;salt;lardons;milk;white bread;
Winter crumble tart;plain flour;butter;caster sugar;egg;Bramley apples;caster sugar;blackberries;plain flour;butter;oats;demerara sugar;hazelnuts;double cream;
Easy bread sauce;onion;cloves;bay leaf;black peppercorns;milk;breadcrumbs;butter;black pepper;
Mincemeat streusel;currants;raisins;sultanas;cranberries;apricots;peel;apple;butter;almonds;cinnamon;mixed spice;brandy;icing sugar;butter;butter;flour;semolina;caster sugar;brandy butter;muscovado sugar;lemon;flour;
Tomato chutney;olive oil;shallot;tomatoes;garlic;balsamic vinegar;brown sugar;
Mango chutney;mangoes;salt;garlic;caster sugar;apples;English mustard;ginger;white wine vinegar;cayenne pepper;
Lemon meringue pie;salt;butter;caster sugar;egg yolk;caster sugar;cornflour;lemons;egg yolks;butter;egg whites;caster sugar;flour;
Bonfire toffee ;golden syrup;treacle;brown sugar;butter;cream of tartar;
Beef and blue cheese puff pastry pizza ;puff pastry;flour;egg yolk;double cream;beef;marmalade;cider;vinegar;demerara sugar;red onions;crème fraîche;Dolcelatte;chives;black pepper;steak;cornflour;oil;cayenne pepper;salt;watercress;
Salmon and watercress tart;plain flour;butter;egg yolk;salmon;butter;black pepper;watercress;eggs;double cream;water;
Toffee apple sponge pudding;butter;caster sugar;eggs;self-raising flour;milk;stem ginger;apples;sugar;butter;brown sugar;double cream;condensed milk;calvados;custard;
Homemade jaffa cakes;eggs;caster sugar;plain flour;orange;marmalade;dark chocolate;water;
Blackberry jelly;blackberries;apples;lemon;sugar;jam;jam;water;crème de cassis;
Rhubarb fool;rhubarb;caster sugar;orange;cream;egg white;water;
Fresh plum chutney;plums;caster sugar;vinegar;cinnamon;star anise;
Scouse pie;vegetable oil;lamb;onions;carrots;potatoes;beef stock;bay leaf;thyme;pepper;puff pastry;egg;
Deconstructed cream tea;strawberries;sugar;lemon juice;butter;champagne;strong white flour;baking powder;sugar;butter;eggs;milk;egg wash;clotted cream;
Raised pork and egg pie;sausages;pork mince;ham;shallots;parsley;eggs;salt;plain flour;strong white flour;butter;salt;lard;egg yolk;
Cumberland rum Nicky;dates;dried apricots;stem ginger;rum;brown sugar;butter;plain flour;icing sugar;butter;egg;lemon juice;butter;brown sugar;rum;
Pork, apple and cider pie;vegetable oil;onion;celery;pork shoulder;plain flour;cider;chicken stock;apple;apples;sage;pepper;egg;cider;olive oil;baking powder;salt;plain flour;egg;mash;greens;
Chocolate orange pond pudding;butter;self-raising flour;cocoa powder;caster sugar;suet;orange;milk;brown sugar;dark chocolate;cream;
Bacon and egg pie;plain flour;salt;butter;egg;lemon juice;vegetable oil;onion;garlic;bacon;pork loin;eggs;cream cheese;cheddar;chives;egg;black pepper;
Lardy cake crown;strong white flour;salt;yeast;butter;lard;brown sugar;dried fruit;
Heather honey sponge;honey;butter;caster sugar;eggs;self-raising flour;baking powder;cream;
Apple and Wensleydale pie;plain flour;butter;apples;apples;caster sugar;Wensleydale;milk;caster sugar;
Steamed liquorice sponges;liquorice;butter;caster sugar;eggs;self-raising flour;baking powder;liquorice;
Lamb and kidney suet pudding with rosemary;butter;vegetable oil;shallots;garlic;plain flour;rosemary;lamb shoulder;kidneys;red wine;beef stock;black pepper;butter;self-raising flour;suet;baking powder;rosemary;
Paul Hollywood's Yorkshire curd tart;plain flour;icing sugar;butter;egg yolk;lemon juice;caster sugar;curd cheese;eggs;egg yolks;lemon;rosewater;butter;currants;nutmeg;
Veggie crumble;carrot;parsnip;squash;potato;sweet potato;spring onion;leek;mushroom;pepper;kale;peas;sweetcorn;ham;beans;wholemeal flour;butter;cheese;oats;black pepper;pumpkin seeds;butter;garlic;plain flour;vegetable stock;salt;cheese;vegetables;
My mother’s cheese and onion pie;butter;lard;self-raising flour;salt;butter;onions;white pepper;Lancashire cheese;milk;
Celery baked in vinaigrette with pancetta and shallots;celery;shallots;thyme;rosemary;sage;pancetta;olive oil;white wine vinegar;black pepper;
Corned beef and onion pie;butter;sunflower oil;onion;celery;carrots;potatoes;ketchup;corned beef;black pepper;plain flour;sea salt;butter;egg;
Scotch broth;carrots;turnips;onions;celery;leek;pearl barley;black pepper;mutton;kale;black pepper;water;
Sherry trifle;sweet sherry;cognac;blackberry;flaked almonds;custard;sherry;brandy;lemon;caster sugar;double cream;nutmeg;oranges;flaked almonds;trifle sponges;amaretti;blackberries;raspberries;
Fennel and mushroom tartlets;shortcrust pastry;mushrooms;red onion;fennel;garlic;olive oil;whipping cream;butter;lemon juice;chives;parsley;salad;
Stilton and toasted walnut balls;butter;walnut;Stilton;butter;port;peppercorns;parsley;
Sage and onion stuffing;onion;vegetable oil;sage;breadcrumbs;pepper;egg;
Scotch eggs;eggs;sausage;thyme;parsley;spring onion;black pepper;plain flour;egg;breadcrumbs;vegetable oil;
Syrup sponge in the microwave;butter;caster sugar;eggs;plain flour;baking powder;lemons;golden syrup;custard;milk;
Sticky gingerbread puddings with ginger wine and brandy sauce;stem ginger;ginger;self-raising flour;ground ginger;cinnamon;cloves;baking powder;bicarbonate of soda;eggs;butter;brown sugar;treacle;Bramley apples;ginger;brandy;brown sugar;butter;stem ginger;
Roast chestnuts;chestnuts;
Nutty toffee apples;apples;sugar;butter;golden syrup;mixed nuts;lolly sticks;water;
Millionaire's shortbread;plain flour;butter;caster sugar;butter;condensed milk;dark chocolate;syrup;
Classic summer berry sorbet;summer fruits;orange;egg whites;caster sugar;orange liqueur;
West country gratin ;potatoes;carrots;butter;leek;bacon;bacon;plain flour;apple juice;milk;black pepper;thyme;olive oil;
Lemon cheesecake;digestive biscuits;butter;honey;mascarpone;lemon;caster sugar;icing sugar;mint;summer fruits;icing sugar;
Champagne jelly;caster sugar;champagne;gelatine;fruit;water;
Cheese and tomato chutney turnovers;self-raising flour;sea salt;butter;milk;brie;tomato chutney;sunflower oil;
Kedgeree;onion;butter;basmati rice;curry powder;nutmeg;milk;double cream;smoked haddock;black pepper;parsley;eggs;nutmeg;butter;lemon;
Pork chops with celeriac mash and apple and ale gravy;celeriac;butter;black pepper;onion;olive oil;apples;ale;pork chops;vegetable oil;Dijon mustard;white wine vinegar;olive oil;rocket;
Pork chops with apples and cider;pork chops;black pepper;olive oil;onion;apples;apples;sage;juniper berries;cider;
Veggie kedgeree;butter;onion;Arborio rice;vegetable stock;curry powder;eggs;black pudding;Puy lentils;fresh coriander;coconut;nutmeg;
Steak pasty;plain flour;baking powder;salt;butter;egg;egg;swede;potato;onion;steak;parsley;black pepper;water;
Quick apricot, apple and pecan loaf cake;apricots;apple;apple;pecan;salt;baking powder;cinnamon;plain flour;butter;brown sugar;eggs;milk;demerara sugar;cinnamon;flour;
Rice pudding with rhubarb compôte;pudding rice;milk;vanilla pod;caster sugar;clotted cream;butter;rhubarb;sugar;vanilla pod;
Fresh mackerel with roasted rhubarb;rhubarb;brown sugar;mackerel;plain flour;olive oil;rosemary;capers;sherry vinegar;
Hot cross bun bread and butter pudding;egg yolks;eggs;caster sugar;milk;double cream;vanilla pod;butter;hot cross buns;sultanas;raisins;demerara sugar;
Slow cooker chicken, ham and leek pie filling;vegetable oil;chicken thighs;leeks;onion;thyme;butter;plain flour;chicken stock;ham;crème fraîche;salt; pepper;
Apple sauce;apples;lemon;butter;caster sugar;water;
Real mint sauce;mint;salt;white wine vinegar;caster sugar;water;
Oxtail soup;olive oil;oxtail;onion;celery;carrot;bay leaf;thyme;black peppercorns;tomato purée;red wine;beef stock;plain flour;
Roasted Jerusalem artichokes;Jerusalem artichokes;butter;breadcrumbs;
Apple and rhubarb muffins;sunflower oil;brown sugar;egg;buttermilk;vanilla extract;rhubarb;apple;walnuts;baking powder;plain flour;bran;demerara sugar;cinnamon;nutmeg;
Lamb, red wine and rosemary casserole;lamb;olive oil;butter;tomato;red wine;beef stock;rosemary;garlic;carrot;onion;celery;salt;black pepper;olive oil;rosemary;thyme;salt;black pepper;butter;red cabbage;redcurrant jelly;red wine vinegar;orange;port;salt;black pepper;raisins;flour;potatoes;greasing;
Iced lemon curd layer cake;lemon;lemon juice;self-raising flour;baking powder;butter;caster sugar;eggs;lemon;caster sugar;eggs;butter;lemon;icing sugar;lemon juice;
Brandy butter;butter;icing sugar;brandy;water;
Mincemeat;suet;Bramley apples;candied peel;sultanas;raisins;currants;demerara sugar;orange;brandy;mixed spice;
Yorkshire parkin;flour;caster sugar;ground ginger;bicarbonate of soda;egg;milk;butter;golden syrup;
Toad in the hole;eggs;plain flour;mustard;black pepper;pork sausages;Serrano ham;lard;madeira;water;
Bangers with herby mash and onion gravy;sunflower oil;onion;Dijon mustard;chicken stock;gravy browning;pork sausages;butter;double cream;parsley;spring onions;olive oil;potatoes;
Tomato confit canapés;oil;cherry tomatoes;thyme;bay leaf;garlic;black peppercorns;tomatoes;olives;basil;black pepper;pastry;
Raspberry and cherries jubilee trifle;biscuits;cherries;cherry brandy;raspberries;meringue;custard;double cream;dark chocolate;flaked almonds;
Grilled squid with lemon, garlic and cumin;squid;lemon;cumin;salt;olive oil;garlic;fresh coriander;
Brandy snaps;butter;demerara sugar;golden syrup;plain flour;ground ginger;lemon juice;
Potato wafers with smoked salmon, watercress and horseradish cream;floury potato;vegetable oil;horseradish;mayonnaise;crème fraîche;lemon juice;salt;smoked salmon;watercress;paprika;
Smoked salmon pâté;smoked salmon;cream cheese;double cream;lemon;chives;chives;sugar;pepper;
Buttermilk pound cake with Pimms-soaked fruits;vanilla pod;caster sugar;kiwi fruit;raspberries;blueberries;plain flour;baking powder;sugar;salt;butter;eggs;vanilla pod;lemon;buttermilk;clotted cream;Pimms;strawberries;
Raspberry ripple ice cream;double cream;milk;vanilla pod;egg yolks;caster sugar;blackcurrants;caster sugar;water;
Chocolate beetroot cakes;cocoa powder;plain flour;baking powder;caster sugar;beetroot;eggs;corn oil;vanilla extract;icing sugar;
Roast belly of pork with root vegetables;pork;vinegar;butter;garlic;parsnips;carrots;shallots;thyme;olive oil;spinach;bay leaves;
Bannock;yeast;caster sugar;strong white flour;butter;fruit;sugar;egg;
Vegetarian haggis stuffed mushrooms;Portobello mushrooms;olive oil;breadcrumbs;pine nuts;pecorino;parsley;haggis;
Medium-cut Seville orange marmalade;Seville oranges;lemon juice;pectin;brown sugar;
Pigeon breast with red wine gravy, roast leeks and wild mushrooms;garlic;thyme;peppercorns;rapeseed oil;wood pigeon;sugar;red wine;thyme;juniper berries;leeks;butter;mushrooms;mushrooms;garlic;rapeseed oil;pepper;
Cream roasted swede soup;swede;olive oil;black pepper;onion;carrots;celery;garlic;thyme;vegetable stock;single cream;thyme;
Banoffee cheesecake with chocolate sauce;chocolate;butter;honey;bananas;cream cheese;icing sugar;maple syrup;dulce de leche;butter;double cream;milk chocolate;
Spiced teacakes;flour;sea salt;yeast;mixed spice;cinnamon;nutmeg;orange;caster sugar;butter;milk;egg;dried fruit;sunflower oil;butter;
Fillet steaks stuffed with goats cheese;shallots;butter;caster sugar;red wine;port;beef stock;bay leaf;thyme;lemon;steaks;steaks;rosemary;lemon;garlic;bacon;olive oil;black pepper;crème de cassis;goats’ cheese;
Egg and bacon pie;sunflower oil;bacon;eggs;milk;black pepper;plain flour;sea salt;butter;egg;
Honey flapjacks;butter;demerara sugar;honey;oats;dried fruits;
Christmas mini-muffins;self-raising flour;caster sugar;sunflower oil;milk;egg;dark chocolate;mincemeat;white chocolate;cranberries;
Gooseberry snow;butter;caster sugar;eggs;vanilla extract;gooseberries;
Roast beef with Yorkshire puddings, roast potatoes and gravy;plain flour;eggs;milk;vegetable oil;salt;rib of beef;mustard powder;duck fat;black pepper;potatoes;garlic;duck fat;thyme;salt;red wine;plain flour;pan-roasting juices;
