Rice and peas;vegetable oil;onion;coconut milk;kidney beans;thyme;black pepper;fresh coriander;rice;water;
Salt fish fritters;salt cod;self-raising flour;pepper;pepper;onion;Scotch bonnet chilli;black pepper;vegetable oil;
Sticky gingerbread cake;plain flour;ground ginger;cayenne pepper;cinnamon;allspice;mace;cloves;butter;sugar;golden syrup;treacle;milk;bicarbonate of soda;eggs;stem ginger;stem ginger;
Sticky jerk chicken wings;spring onions;chilli;ginger;thyme;vinegar;honey;allspice;cinnamon;olive oil;black pepper;chicken wings;chillies;brown sugar;oranges;
Jerk chicken thighs;garlic;ginger;chilli;chilli;thyme;coriander seeds;cloves;cloves;curry powder;black pepper;vegetable oil;chicken thighs;butter;lemon;rice;pepper;mixed spice;
Jerk chicken;chicken breasts;onions;Scotch bonnet chillies;ginger;allspice;thyme;black pepper;white wine vinegar;soy sauce;pineapple;limes;rice;peas;
Jerk chicken and flatbreads;chicken thighs;Scotch bonnet chillies;spring onions;fresh coriander;lime;brown sugar;soy sauce;allspice;garlic;rum;thyme;cinnamon;ginger;orange juice;vegetable oil;black pepper;butter;milk;plain flour;vegetable oil;
Caribbean goat curry ;onions;garlic;chives;white wine vinegar;cloves;goat;sunflower oil;curry powder;lamb stock;rosemary;oregano;parsley;fresh coriander;black pepper;rice;coconut milk;sunflower oil;chicken stock;kidney beans;salt;
Jerk pork with sweet potato mash;jerk seasoning;honey;pineapple;pineapple;pork;olive oil;sweet potato;pineapple;spring onions;fresh coriander;olive oil;chilli;salt;lime;
Homestyle jerk chicken wings;seasoning;ground ginger;vinegar;Scotch bonnet chilli;nutmeg;olive oil;chicken wings;lime;
Saltfish and ackee with fried dumplings;salt cod;ackee;olive oil;onion;paprika;curry powder;jerk seasoning;pepper;pepper;tomatoes;black pepper;self-raising flour;suet;salt;vegetable oil;hot pepper sauce;
Jamaican rum truffles ;whipping cream;milk chocolate;dark chocolate;butter;rum;cocoa powder;
Prawn, sweet potato and lime curry with chilli and black pepper roti bread;flour;flour;flour;baking powder;dried chilli;black pepper;sea salt;sunflower oil;desiccated coconut;curry powder;sweet potatoes;ginger;Scotch bonnet chilli;coconut milk;vegetable stock;sugar;prawns;spring onions;lime;corn;
Caribbean chicken and pumpkin curry;chicken thighs;spring onions;garlic;ginger;chillies;lime;curry powder;allspice;black pepper;coconut oil;onion;chicken stock;tomatoes;thyme;bay leaves;pumpkin;lime;rum;rice;spring onions;coriander;
Jamaican jerk chicken;English mustard;red wine vinegar;limes;brown sugar;chillies;cloves;spring onions;thyme;jerk seasoning;lager;sea salt;chicken;nut;
Ginger, pecan and rum chocolate brownies;butter;eggs;sugar;rum;plain flour;pecan;stem ginger;icing sugar;chocolate;
Caribbean toastie cups with avocado, mango and mint;oil;flour tortillas;pepper;avocado;mango;mango;kidney beans;spring onions;chilli;lime;mint;black pepper;olive oil;
Blackened salmon with salsa;seasoning;oregano;salmon;sunflower oil;lime;beans;olive oil;avocado;tomatoes;pepper;lime juice;black pepper;
Sunny vegetable patties;pepper;carrots;butternut squash;ginger;fresh coriander;spring onions;sweetcorn;Double Gloucester;salt;plain flour;turmeric;salt;butter;egg;water;
Lamb, pepper and pineapple kebabs with lime, chilli and coriander mayonnaise;pineapple juice;vinegar;molasses;black pepper;lamb neck;peppers;peppers;red onions;pineapple;bananas;egg yolks;Dijon mustard;black pepper;garlic;lime;olive oil;chilli;coriander;flatbreads;iceberg lettuce;groundnut oil;
Creole aubergines;olive oil;onions;garlic;pepper;pepper;aubergines;paprika;paprika;cumin;tomatoes;brown sugar;black pepper;parsley;lime;
Hot hot roots with fresh mango and coconut relish;sunflower oil;onions;garlic;ginger;Scotch bonnet chilli;black pepper;turmeric;cinnamon;carrots;parsnips;sweet potatoes;potatoes;stock;bay leaves;tomato;brown sugar;cashew;black pepper;French beans;spinach;double cream;lime;coconut;mustard seeds;caster sugar;rum;salt;mangoes;mint;coriander;red chillies;limes;
