Salt and pepper chicken;cornflour;salt;five-spice powder;black pepper;vegetable oil;chicken thighs;spring onions;chilli;garlic;
Egg-fried rice;basmati rice;olive oil;eggs;onion;pepper;garlic;ginger;spring onions;peas;soy sauce;black pepper;
Chinese five-spice spare ribs;dry sherry;soy sauce;rice vinegar;sesame oil;cornflour;garlic;five-spice powder;spring onions;sugar;sugar;dry sherry;chicken stock;soy sauce;orange;rice vinegar;pork spareribs;groundnut oil;
Chilli-fried tofu with egg-fried rice;vegetable oil;tofu;cornflour;Sichuan peppercorns;cashew;rice wine;caster sugar;soy sauce;chillies;dried chilli;ginger;carrots;eggs;sesame oil;basmati rice;black pepper;spring onions;fresh coriander;groundnut oil;
Ken Hom's Singapore noodles;rice noodles;mushrooms;peas;eggs;sesame oil;salt;white pepper;garlic;ginger;chillies;water chestnuts;pork;spring onions;prawns;fresh coriander;soy sauce;curry paste;dry sherry;sugar;salt;black pepper;coconut milk;groundnut oil;
Spicy Sichuan (dan dan) noodles ;pork mince;soy sauce;salt;vegetable oil;garlic;ginger;spring onions;peanut butter;soy sauce;chilli oil;salt;chicken stock;noodles;noodles;Sichuan peppercorns;chilli;coriander;
Asian-style sticky chicken;garlic;sesame oil;mirin;soy sauce;honey;chilli;chicken thighs;spring onions;sesame seeds;lime;
Easy beef stir-fry;oil;steak;cornflour;cashew;red onion;garlic;ginger;broccoli;soy sauce;oyster sauce;vegetable stock;chilli;coriander;basmati rice;black pepper;
Chicken and cashew noodle stir-fry;vegetable oil;chicken breast;honey;garlic;ginger;chilli;spring onions;carrot;pepper;pak choi;noodles;fresh coriander;soy sauce;sesame oil;zest;cashew;
Sweet and sour pork stir-fry;soy sauce;dry sherry;cornflour;pork fillet;garlic;onion;pepper;carrot;ginger;brown sugar;white wine vinegar;spring onions;chilli;black pepper;rice;nut;eggs;groundnut oil;
Spiced skewered lamb;lamb;olive oil;cumin;fennel seeds;dried chilli;paprika;salt;soy sauce;vegetable oil;dry sherry;
King prawn and scallop stir fry;garlic;ginger;prawns;scallops;rice wine;spring onion;pak choi;mangetout;chilli;soy sauce;sesame oil;groundnut oil;salt; pepper;choi sum;
General Tso’s chicken with garlic chive and mushroom noodles;soy sauce;tomato;rice vinegar;chilli sauce;brown sugar;soy sauce;cornflour;chicken thighs;rapeseed oil;garlic;onion;pepper;rice wine;spring onions;peanuts;salt;sesame seeds;noodles;sesame oil;rapeseed oil;chives;Chinese mushrooms;rice wine;oyster sauce;caster sugar;soy sauce;beansprouts;spring onion;bean sauce;Sichuan chillies ;
Quick orange and lemon chicken ;chicken breasts;soy sauce;dry sherry;cornflour;salt;white pepper;orange;lemon;sesame oil;fresh coriander;long-grain rice;peanut oil;garlic;salt;bok choi;groundnut oil;
Healthy sweet and sour king prawn stir-fry;prawns;ginger;chilli;onion;pineapple;pineapple juice;pepper;beansprouts;black pepper;lime;honey;spring onion;jasmine rice;groundnut oil;
Sweet and sour chicken;pineapple;chicken breasts;sunflower oil;onion;pepper;pepper;cornflour;spring onions;cornflour;pineapple juice;cloves;ginger;soy sauce;white wine vinegar;brown sugar;ketchup;dried chilli;black pepper;
Easy chicken chow mein;noodles;sesame oil;chicken breast;soy sauce;five-spice powder;chilli sauce;cornflour;pepper;spring onion;black pepper;groundnut oil;bean sprouts;
Chinese plum chicken;olive oil;onions;garlic;plums;ginger;chicken thighs;soy sauce;caster sugar;rice;broccoli;coriander;
Vegetarian egg fried rice;sunflower oil;eggs;spring onions;pepper;pepper;pepper;orange;carrot;green beans;mushrooms;peas;rice;soy sauce;black pepper;
Healthy sweet and sour chicken;pineapple;cornflour;soy sauce;white wine vinegar;brown sugar;ketchup;dried chilli;chicken breasts;sunflower oil;onion;peppers;water chestnuts;garlic;ginger;black pepper;
Spicy tofu and edamame beans;tofu;soy sauce;soy sauce;balsamic vinegar;dried chilli;chilli;soy sauce;balsamic vinegar;fresh coriander;groundnut oil;groundnut oil;edamame;
Chilli hoisin pork and vegetable stir-fry;pork belly;star anise;cinnamon;fennel seeds;cloves;soy sauce;sesame oil;sugar;flour;oil;French beans;vegetable oil;cloves;spring onion;onion;peppers;spring onions;chilli oil;hoisin sauce;soy sauce;rice wine;soy sauce;chicken stock;bay leaves;Chinese leaf;
Chinese dumplings with mushrooms and butternut squash;plain flour;salt;olive oil;butternut squash;olive oil;butter;wild mushrooms;sage;black pepper;sesame oil;soy sauce;fish sauce;sesame seeds;coriander;chilli;water;pickled ginger ;
Crispy chicken with braised aubergine;chicken thighs;dry sherry;soy sauce;soy sauce;spring onions;ginger;honey;five-spice powder;Sichuan peppercorn;salt;black pepper;oil;sesame oil;sugar;vegetable oil;garlic;ginger;spring onions;aubergines;soy sauce;caster sugar;vinegar;vinegar;Sichuan peppercorns;chicken stock;spring onion;chilli bean sauce;bean sauce;steamed rice;
Tofu with 'oyster' sauce;shiitake mushrooms;tofu;oil;garlic;peas;sesame oil;spring onions;cornflour;vegetable stock;soy sauce;soy sauce;sugar;mushroom;steamed rice;
Chinese duck noodles;duck;five-spice powder;honey;soy sauce;spring onions;noodles;noodles;lime juice;black pepper;sesame seeds;sesame oil;
Sichuan fried chicken;chicken thighs;buttermilk;oil;chillies;Sichuan peppercorns;sea salt;plain flour;smoked paprika;chilli powder;five-spice powder;Tabasco;soured cream;
Chinese lemon chicken;chicken breasts;egg white;cornflour;salt;sesame oil;lemons;chicken stock;sugar;soy sauce;dry sherry;garlic;chilli;cornflour;spring onions;groundnut oil;salt; pepper;
Quick hot and sour noodle soup;ginger;shiitake mushrooms;chilli;dry sherry;vegetable stock;bamboo shoots;soy sauce;soy sauce;balsamic vinegar;white pepper;cornflour;noodles;beansprouts;sweetcorn;spring onion;chicken;groundnut oil;
Peking-style vegetable dumplings;vegetable oil;spinach;pak choi;shiitake mushrooms;red onion;bamboo shoots;beansprouts;fresh coriander;chilli;black pepper;egg;cornflour;vegetable oil;hot sauce;
Five-spice roast chicken drumsticks;oil;garlic;ginger;dry sherry;soy sauce;five-spice powder;honey;chicken drumsticks;
Chicken egg-fried rice;vegetable oil;egg;spring onions;peas;rice;chicken;chicken;sesame oil;soy sauce;
Easy vegetable stir-fry;sunflower oil;spring onions;garlic;ginger;carrot;pepper;sweetcorn;courgette;mangetout;hoisin sauce;soy sauce;
Chilli crab with egg noodles;ketchup;soy sauce;sugar;cornflour;garlic;ginger;crab;lime juice;spring onions;fresh coriander;noodles;noodles;sesame oil;dried chilli;soy sauce;water;groundnut oil;red chillies;water;
Stir-fried cabbage with garlic;Chinese cabbage;garlic;salt;olive oil;black pepper;
Chicken and sweetcorn noodles ;noodles;chicken stock;soy sauce;chilli;sweetcorn;roast chicken;spinach;lime;black pepper;
Pork and prawn dumplings;pork;prawns;spring onion;ginger;soy sauce;dry sherry;sesame oil;cornflour;black pepper;goji berries;chilli sauce;soy sauce;wonton wrappers;groundnut oil;
Vegetarian spring rolls;oil;ginger;shiitake mushrooms;bamboo shoots;water chestnuts;soy sauce;five-spice powder;beansprouts;cavolo nero;spring onions;carrot;oyster sauce;oyster sauce;sesame oil;sea salt;white pepper;spring roll wrappers;egg;peanut oil;chilli sauce;
Hoisin salmon with broccoli and noodles ;salmon;hoisin sauce;cherry tomatoes;noodles;broccoli;black pepper;soy sauce;
Easy chow mein for kids;noodles;noodles;carrot;spring onions;green beans;beansprouts;sunflower oil;garlic;garlic;prawns;soy sauce;honey;ketchup;lemon;
Lighter stir-fried beef with broccoli and sweetcorn;beef;sesame oil;garlic;ginger;chilli;broccoli;sweetcorn;beef stock;noodles;soy sauce;spring onion;
Chicken with black bean sauce;sunflower oil;red onion;peppers;garlic;chillies;chicken breasts;spring onions;cornflour;dry sherry;fresh coriander;blackbean sauce;water;
Slow cooker Chinese-style beef;sunflower oil;onions;ginger;garlic;dried chilli;braising steak;five-spice powder;beef stock;soy sauce;cornflour;honey;black pepper;
Prawn balls;prawns;oyster sauce;oil;sesame oil;sea salt;ginger;bamboo shoots;sesame seeds;oil;soy sauce;
Red-cooked pork belly;pork belly;sugar;chicken stock;star anise;cassia bark;ginger;dry sherry;soy sauce;black pepper;spring onions;groundnut oil;
Short rib bao burger and spicy cucumber salad;beef;oil;soy sauce;brown sugar;sesame oil;spring onions;star anise;dried chilli;cardamom;black cardamom;cloves;honey;rice wine;nut;yeast;plain flour;white bread;caster sugar;baking powder;black sesame seeds;white wine vinegar;sea salt;caster sugar;pink peppercorns;carrots;watermelon;rice vinegar;rice vinegar;soy sauce;chilli oil;sesame oil;caster sugar;cucumbers;cucumber;sesame seeds;fresh coriander;peanuts;chives;
Radish and sesame soy noodle salad;cucumber;black sesame seeds;fresh coriander;soy sauce;sesame oil;balsamic vinegar;noodles;groundnut oil;red radishes;
Stir-fried chicken and broccoli with noodles;chicken;soy sauce;black pepper;purple sprouting broccoli;vegetable oil;onion;garlic;ginger;pepper;dry sherry;sesame oil;soy sauce;chilli;cornflour;sesame seeds;rice noodles;sesame oil;spring onions;
Lighter egg fried rice ;basmati rice;basmati rice;rapeseed oil;spring onions;pepper;prawns;peas;soy sauce;egg;fresh coriander;
Sichuan pepper beef stir-fry;dry sherry;Sichuan pepper;soy sauce;five-spice powder;garlic;sirloin;chilli;onion;broccoli;mangetout;carrots;sweetcorn;vegetable stock;soy sauce;cornflour;spring onion;white pepper;jasmine rice;groundnut oil;
Chicken and cashew nut stir-fry;egg;cornflour;salt;chicken breast;onion;pepper;pepper;chicken stock;soy sauce;spring onions;cashew;white pepper;jasmine rice;groundnut oil;
Whisky and chilli tiger prawns ;limes;whisky;brown sugar;prawns;chilli;vegetable oil;
Firecracker prawns with stir-fried greens;fennel seeds;cumin;spring onions;chillies;coriander;limes;oyster sauce;star anise;vinegar;soy sauce;prawns;olive oil;pak choi;ginger;soy sauce;sesame oil;
Beef stir-fry;beef;soy sauce;dry sherry;cornflour;onion;oyster sauce;mint;noodles;beans;spring onions;garlic;ginger;carrots;pak choi;dry sherry;chilli;soy sauce;soy sauce;salt;black pepper;sesame oil;spring onions;groundnut oil;water;groundnut oil;bean curd;water;bean curd;
Chilli chicken;vegetable oil;ginger;garlic;onions;chicken thighs;soy sauce;vinegar;spring onion;rice;bird’s-eye chillies;salt;
Chicken and black bean sauce with bok choi;chicken breasts;soy sauce;rice wine;sesame oil;cornflour;vegetable oil;ginger;garlic;chillies;black beans;caster sugar;chicken stock;spring onions;coriander;bok choi;basmati rice;egg;
Quick beef in oyster sauce;fillet of beef;soy sauce;sesame oil;dry sherry;cornflour;vegetable oil;oyster sauce;spring onions;Dijon mustard;curry powder;soy sauce;salt;black pepper;olive oil;broccoli;French beans;cauliflower;peas;tomato;water chestnuts;shallots;chives;
Singapore-style noodles;ginger;chilli;shiitake mushrooms;turmeric;bacon;pepper;carrot;beansprouts;rice noodles;dried chillies;soy sauce;oyster sauce;rice vinegar;egg;sesame oil;spring onions;groundnut oil;chicken;
Black bean steamed scallops with noodles;scallops;garlic;ginger;chilli;dry sherry;soy sauce;spring onions;noodles;black beans;water;
Salt and pepper Sichuan prawns with soy chilli dipping sauce;spring onion;chilli;mirin;soy sauce;brown sugar;chilli;chilli;Sichuan pepper;sea salt;five-spice powder;prawns;sunflower oil;
Pickled cucumber;cucumber;salt;vinegar;sugar;ginger;stem ginger;
Egg fu yung wrap with chilli sauce;shiitake mushrooms;pepper;bacon;eggs;soy sauce;white pepper;chicken;spring onions;salad leaves;chilli sauce;groundnut oil;
Oriental chicken salad;chicken breasts;honey;rice vinegar;soy sauce;sesame oil;garlic;ginger;sesame seeds;fresh coriander;carrot;spring onions;cucumber;lettuce;
Sticky barbecue chicken wings and drumsticks;chicken;chicken wings;honey;ginger;garlic;soy sauce;marmalade;orange;sesame oil;Chinese five spice;
Sweet and tangy chilli beef;soy sauce;lemon juice;orange juice;caster sugar;honey;cucumber;chilli;beef;dry sherry;dried chilli;soy sauce;white pepper;spinach;pak choi;mango;groundnut oil;groundnut oil;
Fragrant pork and aubergines;aubergine;garlic;ginger;chilli;pork mince;dry sherry;chilli;chicken stock;Chinese cabbage;rice vinegar;sesame oil;spring onions;cornflour;groundnut oil;
Special fried rice;vegetable oil;sesame oil;garlic;ginger;eggs;rice;spring onions;peas;ham;chicken;pepper;
Simple sweet and sour chicken;vegetable oil;chicken breasts;pepper;pepper;ginger;garlic;water chestnuts;spring onions;pineapple;white pepper;brown sugar;rice vinegar;dry sherry;soy sauce;chicken stock;tomato purée;cornflour;water;
Duck pancakes with hoisin sauce;duck;black pepper;sesame oil;hoisin sauce;spring onions;cucumber;Chinese five spice;Chinese-style pancakes;
'Dragon prawn' noodles;lobster;garlic;ginger;soy sauce;dry sherry;noodles;noodles;spring onions;sesame oil;groundnut oil;;
Steamed ginger fish served with egg-fried rice;white fish;salt;ginger;orange;lemon;spring onions;soy sauce;basil;olive oil;eggs;sesame oil;salt;black pepper;spring onions;groundnut oil;groundnut oil;rice;
Steamed Cantonese-style fish;fish;fish;salt;salt;ginger;spring onions;soy sauce;soy sauce;sesame oil;fresh coriander;groundnut oil;
Slow cooker beef hotpot;onion;carrots;sunflower oil;brisket;garlic;ginger;chilli;miso;soy sauce;beef stock;sesame oil;spring onions;beansprouts;muscovado sugar;
Steamed chilli soy tofu;tofu;chilli;spring onions;soy sauce;sesame oil;oyster sauce;oyster sauce;fresh coriander;rice;
Sichuan-style sea bass with wok-fried vegetables;vegetable oil;garlic;ginger;chillies;spring onions;soy sauce;rice wine;chicken stock;sesame oil;sea bass;vegetable oil;spring onions;mangetout;bok choi;soy sauce;sesame oil;chilli-bean paste;water;
Pork noodles with bean sauce;noodles;oil;garlic;ginger;spring onions;dry sherry;soy sauce;black pepper;chilli oil;sugar;pork mince;black bean;
Stir-fried chilli chicken;garlic;ginger;chilli;pepper;tomatoes;ketchup;brown sugar;oil;chicken breast;courgette;pepper;soy sauce;spring onions;rice;
Egg fried rice with tomatoes;eggs;rice;tomatoes;soy sauce;sesame oil;white pepper;spring onion;groundnut oil;broccoli;carrot;
Roast crispy pork belly with egg fried rice;pork belly;sea salt;Sichuan peppercorns;white pepper;five-spice powder;caster sugar;long-grain rice;eggs;sesame oil;salt;vegetable oil;black pepper;spring onions;
Chilli beef with sticky rice omelette;oil;beef;vegetable oil;Sichuan peppercorns;limes;orange;caster sugar;rice wine;vinegar;chillies;chilli;ginger;lemongrass;lime leaves;vegetable oil;eggs;soy sauce;rice;cornflour;
Beef in oyster sauce;beef;soy sauce;oyster sauce;sugar;black pepper;garlic;chilli;spinach;dry sherry;dried chilli;oyster mushrooms;rice vinegar;soy sauce;groundnut oil;groundnut oil;
Spicy pork, rice and greens;basmati rice;hoisin sauce;garlic;ginger;chilli;star anise;tomato purée;pork fillet;red onion;spring greens;carrot;sesame seeds;cooking spray;
Chinese pork potsticker dumplings;plain flour;pork;spinach;ginger;dry sherry;soy sauce;soy sauce;salt;black pepper;spring onions;sesame oil;sugar;chicken stock;soy sauce;rice vinegar;chilli oil;water;groundnut oil;water;
Chicken stir-fried with pak choi;chicken breasts;garlic;ginger;star anise;chilli;mangetout;pak choi;spring onions;wild mushrooms;soy sauce;balsamic vinegar;parsley;tarragon;chives;groundnut oil;
Stir-fried vegetable wraps;eggs;garlic;ginger;beansprouts;pepper;pepper;sweetcorn;shiitake mushrooms;soy sauce;sesame oil;white pepper;red cabbage;groundnut oil;pancakes;groundnut oil;
Mu shu chicken;eggs;garlic;ginger;chicken breast;dry sherry;Chinese mushrooms;carrot;carrot;gherkins;mushrooms;bamboo shoots;peanuts;soy sauce;sesame oil;white pepper;Chinese pancakes;groundnut oil;
'Lion head' meatballs;beef mince;garlic;ginger;spring onions;salt;dry sherry;soy sauce;sesame oil;egg;cornflour;white pepper;vegetable stock;Chinese mushrooms;soy sauce;cornflour;white pepper;spring onions;sesame oil;groundnut oil;Chinese leaf;
Sichuan orange beef;dry sherry;soy sauce;honey;orange juice;white pepper;shiitake mushrooms;salad leaves;orange;spring onion;fillet steak;groundnut oil;
Langoustine and samphire stir fry;garlic;langoustines;rice wine;samphire;samphire;leeks;spring onions;soy sauce;salt;groundnut oil;
Steamed sea bass in hot beer and ginger lime sauce;ginger;spring onion;sea bass;dry sherry;ginger;zest;dry sherry;beer;beer;soy sauce;spring onion;fresh coriander;basmati rice;groundnut oil;
Steamed mussels;mussels;garlic;ginger;chilli;dry sherry;soy sauce;soy sauce;chillies;spring onions;peanut oil;fresh coriander;
Chicken and vegetable spring rolls;chicken breast;Chinese mushrooms;soy sauce;five-spice powder;ginger;beansprouts;spring onions;carrot;oyster sauce;soy sauce;white pepper;spring roll wrappers;egg yolk;groundnut oil;
Crispy duck with apricot and plum sauce;ginger;dry sherry;peppercorns;salt;star anise;soy sauce;soy sauce;duck;salad leaves;plums;dried apricots;caster sugar;honey;cinnamon;star anise;lime;groundnut oil;water;
Chow mein;noodles;sesame oil;chicken breast;garlic;mangetout;soy sauce;soy sauce;dry sherry;salt;white pepper;sugar;spring onions;sesame oil;soy sauce;dry sherry;sesame oil;salt;white pepper;Parma ham;
