Dobos torte;double cream;butter;eggs;caster sugar;self-raising flour;flaked almonds;hazelnuts;sugar;sugar;
Blinis;yeast;plain flour;milk;egg yolks;salt;milk;egg whites;
Creamy paprika chicken;chicken breasts;cream;Worcestershire sauce;honey;paprika;mustard;spinach;rice;wild rice;
Braised red cabbage with apples;butter;onion;apples;red cabbage;raisins;sherry vinegar;salt; pepper;
Vodka strawberry cheesecake;vodka;caster sugar;vanilla bean paste;strawberries;biscuits;biscuits;salt;cinnamon;butter;curd cheese;double cream;lemon;caster sugar;vanilla bean paste;cornflour;eggs;strawberry jam;strawberries;cream;butter;
Beef stroganoff;olive oil;onion;garlic;beef stock;smoked paprika;tomato purée;beef consommé;chestnut mushrooms;Dijon mustard;steaks;olive oil;gherkins;crème fraîche;parsley;chervil;onion;black pepper;basmati rice;
Bigos stew;butter;onion;juniper berries;caraway seeds;pork belly;brown sugar;sauerkraut;white cabbage;chopped tomatoes;beef stock;mushrooms;sausage;apple;
Pierogi ;mushrooms;sauerkraut;butter;floury potatoes;olive oil;onion;cottage cheese;self-raising flour;salt;vegetable oil;soured cream;dill;water;
Beef stroganoff with sautéed potatoes;butter;onion;mushrooms;tomato purée;Dijon mustard;smoked paprika;beef stock;beef;black pepper;brandy;soured cream;parsley;olive oil;onion;potatoes;
Sausage and chorizo goulash;vegetable oil;butter;beef sausages;chorizo;onions;garlic;plain flour;smoked paprika;chillies;pepper;beef stock;soured cream;parsley;rice;
Lemon and thyme pork schnitzel with potato salad;new potatoes;mayonnaise;capers;gherkins;lemon;black pepper;parsley;pork loin;black pepper;egg;plain flour;breadcrumbs;breadcrumbs;lemon;parmesan;thyme;sunflower oil;watercress;olive oil;crème fraiche ;
Aubergine and walnut caviar;aubergines;garlic;olive oil;parsley;mint;walnuts;blinis;pomegranate;lemon;sour cream;
Beef goulash soup (Gulyas leves);braising steak;plain flour;vegetable oil;onions;carrots;celery;pepper;garlic;paprika;caraway seeds;tomato purée;bay leaves;beef stock;potatoes;sea salt;black pepper;soured cream;
Shashlik kebabs with sour cream dip and plum sauce;vegetable oil;white wine;vinegar;onion;garlic;bay leaves;paprika;cloves;cinnamon;pork;dill;coriander;parsley;vinegar;sugar;plums;sugar;vinegar;chilli;chilli;coriander;dill;black pepper;;
Pork meatloaf with soured cream (Faschierter Rahmbraten);sunflower oil;onion;garlic;pork mince;pork mince;breadcrumbs;marjoram;marjoram;caraway seeds;sea salt;black pepper;eggs;beef stock;soured cream;marjoram;
Really good rye bread;beer;yeast;rye flour;yoghurt;caraway seeds;treacle;salt;olive oil;polenta;egg;flour;
Latvian salad;barley;olive oil;salad leaves;green beans;radishes;beetroot;dill;parsley;mint;feta;walnuts;buttermilk;lemon juice;garlic;honey;black pepper;pomegranate;sour cream;
Estonian lamb shanks;lamb shanks;plain flour;vegetable oil;onions;juniper berries;lemons;orange;bay leaves;parsley;potatoes;carrots;chicken stock;orange;soured cream;black pepper;gnocchi;
Simple layered salad;potatoes;spring onions;apple;horseradish;anchovies;lettuce;carrots;beetroot;eggs;dill;cucumber;black pepper;cornichons;
Sweet pierogi;mint;egg white;caster sugar;plain flour;icing sugar;salt;lemon;egg;butter;blueberries;caster sugar;icing sugar;sour cream;sour cream;
Albanian baked lamb with rice (Tavë kosi);butter;olive oil;lamb shoulder;garlic;oregano;long-grain rice;plain flour;yoghurt;eggs;nutmeg;black pepper;
Walnut-crusted pork chops with figs;pork chops;cinnamon;nutmeg;walnuts;olive oil;butter;white wine;figs;chicken stock;parsley;lemon;black pepper;
Pork fillet stroganoff;pork fillet;sunflower oil;butter;onion;paprika;chestnut mushrooms;soured cream;lemon juice;black pepper;parsley;mashed potato;
Chicken paprika;chicken;chicken;salt;olive oil;butter;onion;garlic;paprika;paprika;flour;chicken stock;parsley;peppers;tomatoes;soured cream;
Classic chicken Kiev with spring vegetables;butter;garlic;parsley;vegetable oil;chicken breasts;plain flour;eggs;breadcrumbs;runner beans;peas;spring onions;broad beans;garlic;garlic;black pepper;
Povitica ;plain flour;caster sugar;salt;yeast;butter;egg;vanilla pod;milk;butter;milk;walnut;vanilla pod;caster sugar;cocoa powder;egg yolk;butter;egg white;icing sugar;
Beef stroganoff with matchstick potatoes;beef;butter;paprika;onion;mushrooms;sunflower oil;soured cream;lemon juice;parsley;salt;black pepper;sunflower oil;potatoes;
