Pancakes with Parma ham and asparagus;flour;eggs;salt;milk;butter;egg yolks;butter;lemon;black pepper;Parma ham;asparagus;
Cheese and ham pancakes;plain flour;eggs;milk;butter;vegetable oil;cheese;ham;
Spiced pear tarte tatin with soured ice cream;butter;caster sugar;star anise;vanilla pod;cloves;black pepper;pears;puff pastry;flour;egg yolks;brown sugar;milk;vanilla pod;double cream;crème fraîche;
Individual lemon tartlets;plain flour;butter;icing sugar;egg yolk;eggs;double cream;caster sugar;lemons;icing sugar;chocolate;
Cappuccino crème brûlées;butter;egg yolks;caster sugar;vanilla extract;single cream;double cream;coffee granules;caramel;
Pears poached in cardamom, cinnamon and chilli syrup with salted caramel sauce;cider;caster sugar;ginger;cloves;cinnamon;chilli;cardamom;vanilla pod;pears;whipping cream;sea salt;
Caramel and coffee choux buns;butter;plain flour;eggs;milk;egg yolks;coffee granules;plain flour;condensed milk;double cream;icing sugar;coffee liqueur;brown sugar;milk;butter;plain flour;coffee beans;caster sugar;pecans;caster sugar;
Classic crème caramel;butter;eggs;vanilla extract;caster sugar;milk;cream;sugar;
Creamy mushroom pancakes;egg;milk;plain flour;butter;spring onions;chestnut mushrooms;crème fraîche;Dijon mustard;pepper;
Chocolate and raspberry crème brûlée;double cream;vanilla pod;egg yolks;caster sugar;raspberries;chocolate;
Salted caramel and coffee éclairs;butter;caster sugar;salt;white bread;eggs;mascarpone;icing sugar;coffee;double cream;brown sugar;butter;salt;milk;icing sugar;
Mary Berry's celeriac remoulade;celeriac;lemon;mayonnaise;Dijon mustard;lemon;sugar;black pepper;
Mary Berry's coq au vin ;red wine;oil;chicken;bacon;mushrooms;shallots;celery;plain flour;chicken stock;thyme;salt; pepper;
Mary Berry's bouillabaisse ;olive oil;onions;fennel;garlic;tomato purée;white wine;stock;tomatoes;saffron;basil;orange;mussels;cod;sea bass;crayfish;saffron;mayonnaise;garlic;salt; pepper;lemon;
Croque monsieur;milk;plain flour;butter;white bread;Dijon mustard;ham;emmental;cheddar;salt; pepper;
Baked camembert ;flour;yeast;caster sugar;salt;olive oil;butter;onion;cumin;sea salt;camembert;garlic;rosemary;chilli;truffle;flatbreads;water;
Vegan French toast with berries ;chickpeas;maple syrup;vanilla extract;white bread;sunflower oil;mixed berries;icing sugar;
Best beef bourguignon;braising steak;olive oil;carrot;onion;celery;wine;thyme;garlic;bay leaves;butter;pancetta;shallots;plain flour;chestnut mushrooms;beef stock;brandy;parsley;
Slow cooker coq au vin;shallots;carrots;celery;black pepper;lardons;plain flour;chicken legs;bay leaf;thyme;garlic;tomato purée;red wine;chicken stock;mushrooms;mushrooms;
Cheese, pistachio and prune cake ;plain flour;baking powder;pistachios;prunes;eggs;olive oil;milk;yoghurt;salt;pepper;goat’s cheese;
Quiche Lorraine;plain flour;butter;salt;pastry;Cheddar;bacon;eggs;milk;double cream;thyme;black pepper;tomatoes;
Traditional quiche Lorraine;butter;lard;self-raising flour;salt;bacon;egg yolks;eggs;whipping cream;salt;nutmeg;water;
Chicken chasseur;chicken;plain flour;olive oil;butter;bacon;mushrooms;shallots;caster sugar;white wine;chicken stock;tomato purée;tarragon;tomatoes;parsley;floury potatoes;butter;milk;salt; pepper;
Galette;puff pastry;plain flour;egg;butter;caster sugar;egg;ground almonds;flaked almonds;almond extract;
Tarte tatin;apples;caster sugar;butter;butter;puff pastry;water;
Jammy biscuits;plain flour;butter;icing sugar;salt;egg yolks;raspberry jam;apricot jam;
Mint chocolate cookies;plain flour;cocoa powder;bicarbonate of soda;sea salt;butter;caster sugar;brown sugar;vanilla extract;dark chocolate;dark chocolate;candy cane;candy cane;
Ratatouille;aubergines;courgettes;peppers;tomatoes;olive oil;onions;garlic;sugar;black pepper;basil;
Coconut macaroons;egg whites;caster sugar;coconut;zest;lime juice;
Roast chicken with forty cloves of garlic;shallots;shallots;chicken;lemon;bay leaf;thyme;butter;sunflower oil;garlic;vermouth;chicken stock;tarragon;crème fraîche;black pepper;baguette;floury potatoes;butter;bacon;kale;spring onions;double cream;black pepper;
Ham and eggs with roasted pepper sauce;olive oil;onion;garlic;peppers;peppers;tomatoes;eggs;ham;bread;black pepper;
French apple tart;puff pastry;apple sauce;apples;caster sugar;butter;egg yolk;double cream;icing sugar;vanilla pod;calvados;
Floating islands with spun sugar;milk;double cream;vanilla bean paste;eggs;caster sugar;eggs;caster sugar;caster sugar;
Tuiles with chocolate mousse;dark chocolate;double cream;egg;caster sugar;butter;icing sugar;vanilla extract;eggs;plain flour;cocoa powder;chocolate;
Brioches à tête;strong white flour;caster sugar;yeast;salt;milk;egg wash;butter;
Religieuse;butter;plain flour;eggs;milk;vanilla pod;egg yolks;caster sugar;cornflour;plain flour;double cream;chocolate;double cream;
Opera cake;caster sugar;kirsch;caster sugar;ground almonds;icing sugar;eggs;butter;double cream;dark chocolate;egg yolks;caster sugar;butter;raspberries;raspberry jam;eggs;four;vanilla paste;
Raspberry millefeuille;salt;butter;butter;icing sugar;raspberries;sugar;butter;caster sugar;fondant icing;fondant icing;double cream;icing sugar;raspberries;;vanilla paste;
Génoise sponge with blueberry compôte and vanilla cream;caster sugar;eggs;plain flour;butter;blueberries;caster sugar;double cream;vanilla pod;icing sugar;
Salad verte with croûtons;baguette;baguette;herbs;olive oil;garlic;mustard;red wine vinegar;olive oil;black pepper;lettuces;rocket;chervil;
Creamy mushroom sauce;olive oil;butter;onion;garlic;mushrooms;white wine;crème fraîche;parsley;black pepper;
Apple and passion fruit tartlets;plain flour;butter;salt;egg yolks;caster sugar;plain flour;milk;vanilla pod;icing sugar;apples;passion fruit;water;
French onion soup;butter;onions;garlic;white wine;Madeira;beef stock;pepper;parsley;French bread;garlic;Gruyère;
Floating islands;milk;vanilla pod;egg yolks;caster sugar;milk;caster sugar;egg whites;caster sugar;caster sugar;
Mussel stew with garlic ;garlic;egg yolks;lemon;pepper;Dijon mustard;olive oil;Olive oil;mussels;olive oil;onion;bay leaves;white wine;leek;fennel;carrot;saffron;pepper;bread;aïoli;
Madeleines;eggs;caster sugar;plain flour;lemon;baking powder;butter;
Fruit tarts;plain flour;icing sugar;butter;egg yolk;milk;egg yolks;plain flour;caster sugar;icing sugar;apricot jam;pineapple;raspberries;strawberries;grapes;water;
Fish soup with rouille-topped crostini;olive oil;onion;shallots;fennel;garlic;prawn;tomato purée;chopped tomatoes;passata;herbs;vegetable stock;caster sugar;black pepper;crab;double cream;ciabatta;olive oil;black pepper;garlic;egg yolks;olive oil;vegetable oil;cayenne pepper;tomato purée;lemon juice;eggs;white wine vinegar;gruyère;chervil;fish bones;
Profiteroles;butter;plain flour;eggs;caster sugar;double cream;icing sugar;vanilla extract;dark chocolate;butter;almonds;
Profiteroles with cheat’s custard ;butter;plain flour;salt;eggs;egg yolks;caster sugar;vanilla pod;Marsala wine;mascarpone;chocolate;white chocolate;pistachios;rose petals;violets;
Floating islands (Îles flottantes);milk;vanilla pod;egg yolks;caster sugar;caster sugar;egg whites;milk;caster sugar;
Vanilla and yoghurt panna cotta with pomegranate jelly;gelatine;double cream;milk;caster sugar;vanilla pod;yoghurt;raspberry;pomegranate juice;pomegranate;
Pork chop “Maman Blanc” with sauté potatoes;pork chops;sea salt;black pepper;butter;King Edward;rapeseed oil;sea salt;black pepper;butter;parsley;shallot;garlic;sage;Dijon mustard;
Anchovy salade Niçoise;garlic;olive oil;red wine vinegar;sea salt;black pepper;eggs;artichoke;tomatoes;olives;cucumber;spring onions;green beans;anchovies;chervil;basil;
Rack of lamb with potato dauphinoise;butter;potatoes;garlic;nutmeg;double cream;milk;Emmental;olive oil;rosemary;black pepper;lamb;
Béchamel sauce;milk;parsley;bay leaf;mace;mace;peppercorns;onion;butter;plain flour;black pepper;
Traditional puff pastry;strong white flour;salt;lard;butter;water;
Kids' easy omelette;eggs;milk;butter;tomato;cheddar;parsley;parsley;ham;pepper;
Cheese and ham omelette;eggs;butter;cheddar;cheddar;ham;black pepper;
Apple, rocket and feta buckwheat galettes;buckwheat flour;egg;butter;ghee;olive oil;black pepper;butter;red onions;apples;sea salt;black pepper;lemon juice;rocket;feta;
Roasted chump of lamb with rustic ratatouille;olive oil;butter;chumps;black pepper;red onion;aubergine;pepper;pepper;courgettes;fennel;garlic;olive oil;black pepper;cherry tomatoes;basil;
Courgette gratin;olive oil;courgettes;thyme;basil;crème fraîche;milk;plain flour;gruyère;pepper;
Apple tarte tatin;plain flour;butter;icing sugar;egg yolks;apples;lemon;caster sugar;butter;double cream;
Leek and Stilton quiche;plain flour;butter;egg;olive oil;leeks;celery;eggs;double cream;Stilton;parsley;black pepper;water;
Cheese sauce;butter;plain flour;milk;Cheddar;white pepper;
Baguettes;strong white flour;salt;yeast;olive oil;water;
Olive sourdough fougasse;strong white flour;salt;olive oil;olives;olives;oregano;water;semolina flour;
Butternut squash tarte tatin;butternut squash;olive oil;sea salt;caster sugar;butter;nutmeg;cinnamon;plain flour;puff pastry;custard;lemon;honey;
Fabulous fruit tarts;plain flour;salt;butter;caster sugar;eggs;egg;egg;egg;milk;vanilla pods;eggs;caster sugar;plain flour;kirsch;strawberries;redcurrants;whitecurrants;blackberries;apricot jam;mint;icing sugar;pistachios;
Salmon and Puy lentils with parsley;Puy lentils;bay leaf;green beans;parsley;Dijon mustard;capers;olive oil;lemons;salmon;fennel;dill;black pepper;
Poulet sauté au vinaigre;chicken;vegetable oil;tomatoes;butter;tomato purée;garlic;red wine vinegar;white wine;chicken stock;Dijon mustard;whipping cream;tarragon;salt; pepper;
French onion soup with cheese mustard croûtes;butter;olive oil;onions;caster sugar;white wine;beef stock;bay leaves;rosemary;black pepper;baguette;Dijon mustard;gruyère;
Pot roasted pheasant with cider and calvados;butter;pheasants;pepper;onion;lardons;celery;carrot;sage;apples;calvados;chicken stock;cider;double cream;apples;butter;brown sugar;sage;pancetta;kale;
French toast with bananas and maple syrup;milk;eggs;brioche;butter;caster sugar;cinnamon;banana;maple syrup;
Light raspberry mousse;gelatine;raspberries;eggs;caster sugar;double cream;raspberries;
Pistou linguine ;parsley;basil;chives;garlic;lemon;crème fraîche;black pepper;pasta;butter;mushrooms;Parmesan;
Coq au Pouilly-Fumé;thyme;parsley;chicken;chicken;olive oil;lardons;onion;butter;mushrooms;garlic;egg yolk;single cream;salt;parsley;noodles;bay leaves;Pouilly-Fumé;
Chicken liver pâté;olive oil;shallots;thyme;garlic;nutmeg;allspice;orange;black pepper;chicken livers;brandy;double cream;butter;butter;mace;orange;thyme;
Chicken Parmentier;floury potatoes;butter;double cream;egg yolks;black pepper;butter;shallots;carrots;celery;garlic;white wine;tomato purée;tomatoes;tomatoes;chicken stock;roast chicken;olives;parsley;Gruyère;
Bras de gitan;milk;vanilla pod;egg yolks;caster sugar;cornflour;orange liqueur;almond extract;plain flour;baking powder;ground almonds;salt;eggs;caster sugar;almond extract;orange liqueur;caster sugar;apricot jam;icing sugar;flaked almonds;
Boeuf en daube provençale;brisket;salt;onions;carrots;celery;garlic;red wine;brandy;red wine vinegar;bay leaves;thyme;parsley;orange;cloves;black peppercorns;cinnamon;olive oil;lardons;onion;tomato purée;beef stock;olives;rice;
Tartiflette;Charlotte potatoes;lardons;shallots;garlic;white wine;double cream;sea salt;cheese;
Baked camembert with garlic bread;camembert;garlic;thyme;olive oil;ciabatta;olive oil;garlic;
French toast with ham and cheddar;eggs;milk;salt;black pepper;white bread;Dijon mustard;bread;cheddar;olive oil;
Parmesan French toast;egg;Parmesan;paprika;Dijon mustard;Worcestershire sauce;milk;sourdough bread;butter;olive oil;parsley;spring onion;
Raspberry tartlets ;plain flour;icing sugar;butter;egg;milk;vanilla extract;caster sugar;plain flour;egg;double cream;raspberry jam;raspberries;
Confit duck leg with flageolet ragoût and celeriac mash;duck;salt;salt;thyme;duck fat;shallot;garlic;tomatoes;flageolet beans;chicken stock;rosemary;black pepper;butter;floury potatoes;celeriac;butter;double cream;black pepper;
Boeuf bourguignon with baguette dumplings;shin;plain flour;vegetable oil;lardons;shallots;garlic;bay leaf;parsley;thyme;rosemary;cloves;peppercorns;red wine;tomato purée;sugar;salt;chestnut mushrooms;parsley;baguette;parsley;milk;nutmeg;black pepper;egg;plain flour;butter;
Tarte tatin with calvados cream;puff pastry;plain flour;caster sugar;butter;apples;double cream;icing sugar;calvados;mint;
Spring lamb stew;olive oil;lamb neck;garlic;onion;bay leaf;thyme;carrots;peas;green beans;salt; pepper;
Eggs in pots (oeufs en cocotte);crème fraîche;black pepper;nutmeg;dill;eggs;fish roe;dill;
Cheese and potato nests;butter;waxy potatoes;onion;garlic;bay leaf;lardons;white wine;cheese;
Our special cassoulet;sunflower oil;sausages;celery;carrots;onions;chicken thighs;garlic;gammon;chopped tomatoes;red wine;caster sugar;dried chilli;bay leaf;thyme;cannellini beans;butter beans;parsley;orange;pepper;
Chicken fricassée ;chicken stock;white wine;onions;thyme;chicken;mushrooms;egg yolks;double cream;black pepper;parsley;floury potatoes;butter;milk;black pepper;
Scallops beurre blanc;shallots;white wine vinegar;white wine;butter;scallops;olive oil;white pepper;chives;
Mincemeat and marzipan couronne;salt;yeast;butter;milk;egg;caster sugar;icing sugar;ground almonds;orange;egg;mincemeat;apricot jam;icing sugar;pistachios;glacé cherries;flour;
Salade Niçoise;fresh tuna;new potatoes;tomatoes;French beans;little gem lettuce;red onion;olives;basil;olive oil;red wine vinegar;parsley;chives;garlic;salt;black pepper;water;anchovy fillets;
Fraisier cake;caster sugar;eggs;lemons;self-raising flour;butter;milk;vanilla pod;egg yolks;caster sugar;kirsch;cornflour;butter;caster sugar;lemons;marzipan;dark chocolate;strawberries;
Langues de chat biscuits;butter;icing sugar;plain flour;salt;vanilla extract;egg whites;
Quick tartare sauce;mayonnaise;capers;gherkins;shallot;lemon juice;parsley;black pepper;
Coq au vin with crème fraîche mash;chicken;bacon;shallots;thyme;rosemary;dried chilli;olive oil;white wine;butter;mushrooms;garlic;parsley;potatoes;milk;butter;crème fraîche;salt;
Raymond Blanc's chocolate mousse;dark chocolate;egg whites;egg white;lemon juice;caster sugar;
Goats' cheese and onion tarts;thyme;plain flour;butter;lard;red onions;butter;brown sugar;balsamic vinegar;black pepper;egg yolk;double cream;olive oil;lemon juice;rocket;cassis;goats’ cheese|ì;
Grilled salmon Niçoise;salmon;peppercorns;salt;olive oil;pepper;vegetable oil;new potatoes;tomatoes;green beans;olives;pepper;olive oil;parsley;parsley;salt;Dijon mustard;lemon juice;garlic;Tabasco;olive oil;egg;anchovy fillets;
Original crème brûlée;double cream;vanilla pod;caster sugar;egg yolks;
French onion soup with Gruyère toast;onions;garlic;butter;red wine;beef stock;balsamic vinegar;bread;Gruyère;brandy;pepper;parsley;
Hot chocolate soufflé;butter;chocolate;milk;cocoa powder;egg yolks;caster sugar;plain flour;egg whites;caster sugar;
Plum and marzipan tarte tatin ;sugar;plums;marzipan;puff pastry;cream;cream;
Chocolate truffles;chocolate;chocolate;chocolate;chocolate;butter;double cream;salt;mixed nuts;
Blueberry and lemon millefeuille;icing sugar;puff pastry;blueberries;whipping cream;icing sugar;vanilla extract;lemon;
Herby puff twists and pepper and goats’ cheese palmiers;plain flour;sea salt;butter;butter;egg wash;thyme;sage;breadcrumbs;black pepper;lemon;peppers;goats' cheese;rosemary;
Marjolaine;almonds;hazelnuts;caster sugar;cornflour;egg whites;double cream;chocolate;caster sugar;almonds;caster sugar;cream of tartar;egg yolks;butter;flaked almonds;hazelnuts;pistachios;
Fresh herb fougasse ;flour;salt;yeast;olive oil;rosemary;thyme;sage;semolina;oregano;sea salt;water;
Croque monsieur kites;olive oil;strong white flour;yeast;salt;caster sugar;eggs;milk;butter;butter;plain flour;milk;wholegrain mustard;black pepper;olive oil;butter;mushrooms;pancetta;thyme;garlic;mushrooms;gruyère;emmental;eggs; milk;
Macaroons;icing sugar;ground almonds;egg whites;caster sugar;food colouring;coconut;cream;water;
Rib-eye steak with Stilton butter ;butter;shallots;Stilton;chives;black pepper;steaks;oil;
Nigella's steak tartare;beef;gherkins;capers;shallot;Dijon mustard;Tabasco;Worcestershire sauce;black pepper;pumpernickel bread;egg yolk;
Coq au vin;red wine;redcurrant jelly;onion;celery;carrot;garlic;thyme;bay leaves;cloves;chicken;olive oil;pancetta;black pepper;plain flour;butter;onions;mushrooms;cognac;olive oil;white bread;parsley;potatoes;
Classic lemon tart;eggs;caster sugar;double cream;lemons;butter;flour;shortcrust pastry;icing sugar;goats' cheese;double cream;icing sugar;
Festive berry delice;blackcurrants;blackberries;caster sugar;gelatine;mixed berries;gelatine;caster sugar;egg whites;double cream;figs;raspberries;mint;crème de cassis;crème de cassis; sponge flan ;
Rosace à l’orange ;orange;caster sugar;milk;eggs;caster sugar;plain flour;whipping cream;butter;eggs;caster sugar;plain flour;Grand Marnier;vanilla paste;
Clementine syllabub and crêpes Suzette;mascarpone;icing sugar;double cream;clementines;mint;plain flour;egg;milk;butter;caster sugar;brandy;clementines;lemon;butter;orange;
Sage and parmesan palmiers;olive oil;sage;puff pastry;plain flour;parmesan;anchovies;black pepper;egg;dry sherry;
Lavender crème caramel with lavender shortbread;caster sugar;milk;double cream;eggs;butter;icing sugar;cornflour;plain flour;lavender tip;lavender tip;caster sugar;
Raspberry and pistachio éclairs;butter;salt;flour;eggs;milk;pistachio;caster sugar;egg yolks;cornflour;butter;milk;raspberry;caster sugar;egg yolks;cornflour;butter;fondant icing;raspberry;almond extract;food colouring;food colouring;
Paul Hollywood's baguettes;olive oil;white bread;salt;yeast;water;
Arlettes;white bread;plain flour;salt;butter;butter;white bread;plain flour;sugar;cinnamon;icing sugar;
Mary Berry's Charlotte royale;strawberries;sugar;butter;eggs;caster sugar;self-raising flour;gelatine;raspberries;raspberry;milk;egg yolks;caster sugar;double cream;strawberries;caster sugar;arrowroot;double cream;icing sugar;strawberries;
Moules marinière with cream, garlic and parsley;mussels;garlic;shallots;butter;bouquet garni;white wine;double cream;parsley;bread;
Apple tart 'Maman Blanc';plain flour;salt;butter;egg;butter;lemon juice;caster sugar;calvados;apples;double cream;egg;icing sugar;water;
Chocolate macaroons;chocolate;icing sugar;ground almonds;egg whites;egg whites;lemon juice;caster sugar;whipping cream;white chocolate;water;
Red onion, fennel and chilli tarte tatin;puff pastry;red onions;fennel;chilli;olive oil;balsamic vinegar;coriander seeds;pepper;caster sugar;thyme;parmesan;
How to make crème brûlée;double cream;milk;vanilla extract;eggs;caster sugar;
How to make fish soup;white fish;prawns;mussels;waxy potatoes;parsley;olive oil;olive oil;fish;fish;shallot;fennel;tomatoes;garlic;thyme;saffron;star anise;black pepper;bay leaves;water;
Homemade buttery croissants;caster sugar;sea salt;yeast;butter;egg yolk;raspberry jam;flour;
Venison, chicken liver and Armagnac terrine;venison;chicken livers;rapeseed oil;butter;bacon;chicken breasts;double cream;hazelnuts;cranberries;tarragon;black pepper;Armagnac;
Lamb and flageolet bean stew;olive oil;lamb;onions;garlic;lamb stock;chopped tomatoes;bouquet garni;flageolet beans;green beans;cherry tomatoes;black pepper;
Vegetables with red pepper rouille ;olive oil;garlic;saffron;peppers;courgettes;onions;black pepper;tomatoes;pepper;garlic;paprika;olive oil;
Caponata ratatouille;olive oil;aubergines;onion;celery;beef tomatoes;thyme;cayenne pepper;capers;olives;white wine vinegar;sugar;cocoa powder;black pepper;almonds;parsley;garnish;
Rum and honey babas;butter;currants;rum;plain flour;yeast;salt;eggs;milk;honey;caster sugar;honey;rum;double cream;water;water;
Chocolate éclairs;milk;butter;caster sugar;sea salt;plain flour;eggs;chocolate;cocoa powder;cocoa powder;water;pastry cream;white fondant icing;water;
Lemon and raspberry éclairs;butter;plain flour;eggs;double cream;lemon curd;raspberry;icing sugar;lemon;food colouring;food colouring;white chocolate;dark chocolate;
Christmas chocolate Yule log;vegetable oil;caster sugar;eggs;dark chocolate;butter;icing sugar;cocoa powder;milk;double cream;raspberries;liqueur;
Cherry clafoutis;cherries;caster sugar;kirsch;butter;eggs;caster sugar;vanilla extract;plain flour;milk;whipping cream;sea salt;
Pâte sucrée (sweet shortcrust pastry);butter;caster sugar;egg;flour;
Coffee crème caramels;coffee granules;caster sugar;milk;eggs;egg yolks;caster sugar;
Pear and apricot frangipane tart;shortcrust pastry;butter;caster sugar;ground almonds;plain flour;eggs;vanilla extract;flaked almonds;apricot jam;pear;cream;
Apricot tarte tatin;butter;apricots;apricots;plain flour;ice cream;caster sugar;
James Martin's coq au vin;butter;shallots;garlic;bacon;thyme;mushrooms;red wine;chicken stock;balsamic vinegar;chicken;chicken;parsley;black pepper;
Plum clafoutis;milk;double cream;vanilla essence;eggs;caster sugar;plain flour;butter;plums;brown sugar;flaked almonds;icing sugar;double cream;
Rhubarb and vanilla clafoutis;butter;forced rhubarb;sugar;vanilla pod;milk;double cream;eggs;caster sugar;plain flour;icing sugar;crème fraîche;
Hollandaise sauce;white wine vinegar;peppercorns;bay leaf;eggs;butter;lemon juice;
Grilled lettuce with goats' cheese;Little Gem lettuces;olive oil;black pepper;taleggio;lemon;
Red onion tarte tatin;red onions;butter;caster sugar;thyme;thyme;balsamic vinegar;black pepper;plain flour;wholemeal flour;butter;cheddar;thyme;water;
Easy chicken liver pâté;chicken livers;butter;double cream;brandy;black pepper;cranberries;bay leaves;chutney;hot toast;
Homemade chocolate truffles;whipping cream;dark chocolate;butter;cocoa powder;
Orange caramel custard;oranges;caster sugar;sugar;eggs;egg yolks;milk;
Poached pears in Sauternes;pears;orange;white wine;honey;sugar;lemons;vanilla pod;cinnamon;cloves;water;
Celeriac remoulade;celeriac;lemon;double cream;mayonnaise;Dijon mustard;white pepper;
Classic crêpes suzette;plain flour;salt;eggs;milk;butter;orange;caster sugar;orange juice;orange;lemon;caster sugar;brandy;butter;Grand Marnier;
Béarnaise sauce;butter;white wine vinegar;shallots;tarragon;tarragon;black pepper;egg yolks;lemon juice;
