Lamb casserole with aubergine;aubergines;salt;olive oil;peppers;lamb shoulder;onion;chopped tomatoes;sugar;parsley;black peppermill;
Neck of lamb with lemon and thyme;olive oil;scrag;lemons;thyme;lamb stock;black pepper;white bread;tomato;
Feta and greens filo triangles;olive oil;onion;garlic;cavolo nero;spinach;chard;feta;pine nuts;dill;nutmeg;lemon;filo pastry;black pepper;sesame seeds;caster sugar;red wine vinegar;chopped tomatoes;dried chilli;
Vegetarian moussaka ;red lentils;potatoes;olive oil;onions;garlic;thyme;oregano;cinnamon;tomato purée;chopped tomatoes;vegetable stock;sea salt;aubergines;parsley;ricotta;cheddar;black pepper;
Moussaka;lamb mince;onion;garlic;oregano;mint;bay leaf;cinnamon;plain flour;red wine;chopped tomatoes;tomato purée;aubergines;sea salt;olive oil;potatoes;black pepper;butter;plain flour;milk;Parmesan;nutmeg;egg;
Greek-style moussaka;olive oil;onion;garlic;lamb mince;white wine;chopped tomatoes;cinnamon;oregano;oregano;aubergines;black pepper;butter;plain flour;milk;parmesan;eggs;
Spinach and feta pie (Spanakopita);strong white flour;olive oil;salt;cornflour;butter;egg yolk;spinach;pepper;nutmeg;lemon;egg;feta;sesame seeds;sea salt;water;
Flaounes;pecorino;halloumi;plain flour;semolina;yeast;mint;sultanas;eggs;milk;baking powder;plain flour;caster sugar;salt;yeast;butter;milk;sesame seeds;white wine vinegar;egg yolks;mastic powder;ground mahlepi;
Greek-style pasta salad;penne;lemon;red onion;olive oil;cucumber;cherry tomatoes;basil;feta;olives;black pepper;
Easy Greek salad;olives;cucumber;pepper;red onion;olive oil;feta;cos lettuce;oregano;oregano;red wine vinegar;tomatoes;
Greek salad;red onion;tomatoes;cucumber;feta;olives;olives;mint;oregano;olive oil;lemon juice;pitta breads;salt; pepper;
Pork souvlaki with oregano;pork shoulder;lemon juice;olive oil;oregano;cumin;cayenne pepper;smoked paprika;garlic;salt;
Stuffed vegetables;pepper;pepper;pepper;tomatoes;aubergines;courgette;courgette;olive oil;onion;garlic;tomato purée;long-grain rice;vegetable stock;parsley;mint;oregano;chilli;black pepper;
Grilled aubergines with garlic, parsley and feta;aubergines;garlic;parsley;olive oil;black pepper;feta;lemons;
Souvlakia;pork belly;onions;pepper;pepper;olive oil;red wine;pepper;oregano;chilli sauce;salad;
Red lentil and aubergine moussaka;lentils;aubergines;vegetable oil;black pepper;red onion;pepper;garlic;tomato purée;chopped tomatoes;cinnamon;parsley;ricotta;yoghurt;eggs;nutmeg;black pepper;pecorino;
Galaktoboureko with orange syrup;butter;eggs;caster sugar;vanilla extract;semolina;milk;filo pastry;oranges;caster sugar;lemon juice;
Gigantes with tomatoes and greens;butter beans;onion;garlic;olive oil;paprika;tomato;chopped tomatoes;salt;black pepper;chard;parsley;mint;
Meatballs in tomato sauce with cinnamon and cumin (Soutzoukakia);beef mince;garlic;egg;cumin;oregano;white bread;salt;black peppermill;olive oil;olive oil;onion;garlic;cinnamon;cumin;sugar;red wine;tomato;passata;salt;black peppermill;rice;olives;
Kozani chicken with prunes, saffron and paprika;chicken thighs;saffron;saffron;olive oil;red onions;paprika;prunes;salt;black peppermill;
Souvlakia with tzatziki;pork;coriander seeds;oregano;olive oil;red wine vinegar;onion;bay leaves;black pepper;cucumber;red wine vinegar;black pepper;yoghurt;garlic;mint;
Mediterranean-style lamb chops;mint;rosemary;garlic;olive oil;lamb chops;aubergine;courgettes;peppers;peppers;feta;cherry tomatoes;salad;
Old rag pie;butter;filo pastry;feta;Parmesan;thyme;eggs;milk;sesame seeds;honey;honey;honey;
Halloumi saganaki;olive oil;cheese;egg;semolina;honey;black sesame seeds;oregano;black pepper;
Mediterranean lamb chops;lamb chops;mint;rosemary;garlic;olive oil;aubergine;courgette;pepper;feta;cherry tomatoes;
Spinach, feta and pine nut salad;spinach;feta;pine nuts;red onion;sherry vinegar;olive oil;
Pan-fried chicken pie ;olive oil;butter;leek;spring onions;mushrooms;chicken;feta;dill;parsley;double cream;nutmeg;black pepper;olive oil;filo pastry;
Grilled lamb with feta and lemon;oregano;thyme;olive oil;black pepper;feta;lemon;lamb;
Cherry tomato, marinated feta and basil skewers;feta;olive oil;lemon;oregano;black pepper;cherry tomatoes;basil;skewers;
Greek apricots;caster sugar;cinnamon;saffron;honey;apricots;yoghurt;pistachios;water;
