Beef biryani;beef mince;vegetable oil;onions;carrots;garlic;ginger;curry paste;chilli powder;basmati rice;beef stock;courgettes;green beans;cauliflower;broccoli;peas;coriander;yoghurt;cumin;cucumber;mint;salt;
Chana masala;olive oil;onion;garam masala;garlic;ginger;chillies;fresh coriander;chopped tomatoes;chickpeas;caster sugar;lemon juice;salt;
Lamb dhansak ;sunflower oil;lamb shoulder;onions;ginger;garlic;chillies;cardamom;cumin;coriander;turmeric;chopped tomatoes;beef stock;red lentils;honey;rice;salt; pepper;
Carrot and parsnip bhajis with coriander and chilli chutney;carrots;parsnips;gram flour;cumin;curry powder;coriander;salt;eggs;oil;fresh coriander;chillies;lemon juice;olive oil;salt;caster sugar;
Paneer with spinach;spinach;vegetable oil;cumin;onion;ginger;garlic;chillies;coriander;salt;paneer;garam masala;double cream;lemon juice;
Naan bread;plain flour;sugar;salt;baking powder;milk;vegetable oil;fresh coriander;butter;
Quick fish curry;sunflower oil;onions;garlic;ginger;coriander;garam masala;curry leaves;palm sugar;coconut milk;limes;tomatoes;salmon;fresh coriander;basmati rice;creamed coconut;
Vegetable curry;potatoes;carrot;cauliflower;vegetable oil;onion;curry powder;chopped tomatoes;chicken stock;peas;yoghurt;mango chutney;
Cabbage with mustard seeds;cabbage;corn oil;mustard seeds;fenugreek;curry leaves;chilli;onions;ginger;turmeric;chilli powder;tomato;
Mulligatawny soup;butter;sunflower oil;onion;cloves;carrots;celery;sweet potato;apple;curry powder;chicken stock;tomato purée;mango chutney;basmati rice;soured cream;fresh coriander;black pepper;water;
Poha potatoes;waxy potatoes;rice;rice;rice;asafoetida;urid dal;mustard seeds;cumin;chilli;curry leaves;onion;salt;sugar;fresh coriander;lime;olive oil;
Baked aloo gobi with flatbreads;cauliflower;coconut oil;ginger;chillies;garlic;mustard seeds;turmeric;coconut milk;lemon;potatoes;black pepper;yoghurt;almonds;coriander;plain flour;baking powder;yoghurt;
Black dal;urid dal;mung beans;olive oil;onion;garlic;chillies;turmeric;cumin;cinnamon;cloves;black pepper;tomato;caster sugar;lemon juice;coriander;water;
Dry curry of cabbage, carrot and coconut (Thoran) ;coconut oil;mustard seeds;curry leaves;cumin;chillies;ginger;turmeric;salt;black pepper;spring greens;carrots;chillies;coconut;basmati rice;poppadoms;
Butternut and sweet potato curry;red onion;chillies;ginger;garlic;turmeric;turmeric;coriander;cinnamon;sea salt;vegetable oil;coconut milk;vegetable stock;chopped tomatoes;sweet potatoes;butternut squash;rice;coriander;limes;
Vegan chickpea curry;oil;onion;garlic;salt;cumin;coriander;turmeric;chilli powder;tomato;chickpeas;ginger;garam masala;basmati rice;
Lighter spinach and cherry tomato dal;vegetable oil;red onion;ginger;chilli powder;garlic;red lentils;curry powder;cherry tomatoes;spinach;black pepper;fresh coriander;vegetable stock;
Aloo gobi and jeera rice;basmati rice;sunflower oil;onion;cumin;bay leaf;cinnamon;cardamom;sunflower oil;butter;cumin;turmeric;ginger;onions;fenugreek;cauliflower;potatoes;garam masala;pepper;fresh coriander;bird’s-eye chillies;
Anardana chana (pomegranate and chickpea curry);chickpeas;chana dal;sunflower oil;onions;ginger;cumin;cinnamon;cardamoms;cloves;chilli;salt;pomegranate molasses;garam masala;pomegranate;coriander;
Spinach, aubergine and chickpea curry;spinach;olive oil;red onions;chickpeas;garlic;seeds;coriander seeds;cumin;aubergine;chopped tomatoes;salt;
Vegan potato cake with chickpea curry;chickpeas;chickpeas;vegetable oil;mustard seeds;salt;chilli powder;ginger;tomatoes;curry leaves;coriander;potatoes;plain flour;salt;garam masala;chillies;coriander;flour;vegetable oil;
Potato and pea curry (aloo dum) ;potatoes;vegetable oil;turmeric;vegetable oil;bay leaves;asafoetida;onion;garlic;ginger;chilli powder;cumin;coriander;turmeric;salt;passata;chillies;peas;garam masala;coriander;amchur;
Vegan blackeye bean curry;black eyed beans;cumin;coriander seeds;fennel seeds;fenugreek;cinnamon;chilli;vegetable oil;mustard seeds;curry leaves;onion;garlic;ginger;salt;coriander;coconut;water;
Nimki;plain flour;salt;Sichuan peppercorns;butter;vegetable oil;pistachios;oranges;sugar;
Spicy lentil soup (sambar);pigeon peas;onion;carrots;butternut squash;green beans;tomato;turmeric;sugar;salt;vegetable oil;chana dal;fenugreek;coriander seeds;chillies;curry leaves;asafoetida;vegetable oil;onion;mustard seeds;fenugreek;
Easy chicken curry;spring onions;garlic;vegetable oil;chopped tomatoes;curry powder;ground ginger;chicken thigh;yoghurt;rice;salt; pepper;
Spinach and paneer kati rolls ;olive oil;paneer;spinach;garlic;cumin;chilli;olive oil;eggs;salt;salt;tortilla;
Oven-fried chilli chicken;ginger;garlic;seeds;salt;garam masala;lemon juice;oil;chicken;vegetable oil;salt;black pepper;cumin;eggs;lemon;bread;
Southern Indian fried chicken;chicken thighs;salt;garlic;lemons;chilli powder;curry leaves;gram flour;rice flour;plain flour;chilli powder;salt;vegetable oil;garam masala;curry leaves;garlic;coriander;shallot;salt;chilli powder;cumin;tomatoes;lemon;
Indian fried chicken;yoghurt;rice vinegar;ginger;garlic;chilli powder;cumin;coriander;allspice;sea salt;chicken thigh;plain flour;rice flour;sea salt;white pepper;chilli powder;vegetable oil;chilli;garlic;curry leaves;lemon;salad;ground turneric;
Vegetable samosas;flour;salt;oil;egg;potatoes;carrots;oil;onion;turmeric;garam masala;mustard;salt;black pepper;garlic;chilli;peas;lemon;coriander;water;curry leaves;
Tandoori chicken skewers;chicken thigh;yoghurt;fresh coriander;lime;curry blend;
Okra curry;okra;olive oil;asafoetida;onions;salt;coriander;chillies;coriander;curry masala;jeera masala;
Dal with quick naan breads;rapeseed oil;cumin;chilli;onion;garlic;ginger;cumin;coriander;turmeric;sea salt;green lentils;chopped tomatoes;vegetable stock;coriander;yoghurt;self-raising flour;sea salt;sesame seeds;yoghurt;rapeseed oil;
Whole eggs in coconut masala (egg molee);vegetable oil;eggs;turmeric;chilli powder;coconut milk;red onions;ginger;chillies;salt;sugar;coriander;garam masala;basmati rice;
Paneer jalfrezi;vegetable oil;cumin;chilli;ginger;onions;chilli;pepper;pepper;salt;turmeric;chilli powder;paneer;tomatoes;vinegar;cumin;garam masala;
Kidney bean curry (rajma) ;kidney beans;turmeric;vegetable oil;onions;garlic;ginger;salt;chilli powder;garam masala;basmati rice;lime;yogurt;
Vegetable curry with quick naan breads;potato;butternut squash;aubergine;curry paste;vegetable oil;onions;tomatoes;tomatoes;coconut milk;peppers;courgettes;coriander;black pepper;flour;baking powder;milk;vegetable oil;tomatoes;garlic;butter;salt;
Sweet potato and chickpea curry ;oil;cumin;onion;black pepper;garlic;chilli;ginger;chickpeas;tomatoes;sweet potato;rice;
Saag aloo with roasted gobi curry;cauliflower;cauliflower;olive oil;black pepper;ghee;onion;ginger;mustard seeds;curry leaves;turmeric;fenugreek;chillies;chilli powder;potatoes;spinach;tomatoes;salt;sugar;lemon juice;basmati rice;
Masala sauce;ginger;garlic;vegetable oil;cardamom;black peppercorns;cloves;cardamom;cumin;cinnamon;bay leaf;onions;turmeric;chilli powder;coriander;garam masala;salt;tomato purée;garlic paste;
Easy vegetable curry;aubergine;carrots;green beans;potato;peas;coconut;chillies;salt;tomatoes;yoghurt;garam masala;fresh coriander;
Curried cauliflower with spinach;vegetable oil;cauliflower;halloumi;onion;ginger;garlic;curry powder;turmeric;spinach;yoghurt;salt;
Lamb curry with khooba roti ;chillies;chillies;ghee;sunflower oil;cardamom;black cardamom;cinnamon;cloves;black peppercorns;onions;ginger;garlic;lamb shoulder;coriander;cumin;sea salt;tomatoes;sugar;yoghurt;fresh coriander;ghee;flour;cumin;sea salt;fenugreek;
Chicken korma;chicken breast;dried chilli;turmeric;coriander;cumin;olive oil;cumin;cinnamon;cardamom;onions;garlic;ginger;coconut milk;yoghurt;prunes;cashew;chillies;cornflour;sea salt;lime;ground almonds;fresh coriander;
Indian potato raised pie;potatoes;urid dal;sunflower oil;cumin;mustard seeds;curry leaves;chillies;turmeric;onions;salt;ginger;tomatoes;fresh coriander;plain flour;strong white flour;butter;salt;fat;egg yolk;
Creamy chicken korma;vegetable oil;onion;cloves;cardamom;chicken breasts;garlic;ginger;allspice;cumin;turmeric;chilli powder;tomato purée;ground almonds;chicken stock;whipping cream;black pepper;flaked almonds;coriander;coriander;
Goan pulled pork ;collar;rapeseed oil;Little Gem lettuce;coleslaw;fresh coriander;cassia bark;cloves;chillies;ginger;garlic;red onions;chilli;turmeric;tamarind;vinegar;brown sugar;rapeseed oil;salt;
Chicken tikka and naan bread;yoghurt;butter;ginger;cumin;coriander;chilli powder;turmeric;limes;tomato purée;garam masala;oil;salt;milk;salt;sugar;flour;baking powder;rapeseed oil;butter;nigella seeds;onion;coriander;mint;;;coriander;
Low-fat chicken tikka masala;chicken breasts;garlic;yoghurt;chicken stock;onions;garlic;ginger;chopped tomatoes;fresh coriander;black pepper;yoghurt;basmati rice;tikka spice powder;tikka spice powder;
Baked chicken curry;tomato purée;Dijon mustard;cumin;garam masala;lemon juice;salt;chilli powder;single cream;chicken breasts;black pepper;vegetable oil;cinnamon;cardamom;cloves;onions;ginger;chillies;mustard seeds;garlic;basmati rice;
Cucumber and mint raita;yoghurt;cucumber;mint;salt;chilli;
Spiced cod fish cakes;potatoes;cod;salt;garlic;chilli;chilli;coriander;chilli powder;cumin;ginger;egg;plain flour;vegetable oil;
Roast chicken masala and potatoes;lemon juice;ginger;garlic;chillies;salt;coriander;garam masala;chicken;chilli powder;black pepper;sunflower oil;potatoes;salt;black pepper;coriander;cumin;turmeric;chilli powder;
Keema scrambled egg rolls;turmeric;chilli powder;coriander;cumin;garam masala;rapeseed oil;garlic;garlic;chillies;onions;lamb mince;lime;fresh coriander;tomatoes;ketchup;eggs;butter;red onion;chilli;coriander;soft rolls;
King prawn coconut curry ;basmati rice;salt;turmeric;salt;prawns;vegetable oil;bay leaves;red onions;cumin;turmeric;garlic;salt;chillies;coconut milk;sugar;cardamom;fresh coriander;lime;ghee;shellfish stock;
Butter chicken   ;yoghurt;lime;garlic;ginger;cumin;coriander;garam masala;paprika;salt;chicken breasts;butter;lemon;butter;onion;ginger;garlic;tomato purée;chillies;chilli powder;cream;black pepper;coriander;
Butter chicken curry and chapati;chilli powder;cumin;garam masala;coriander;garlic;turmeric;cinnamon;ginger;cashews;lemons;yoghurt;chicken breasts;vegetable oil;cinnamon;cardamom;chillies;chopped tomatoes;butter;butter;double cream;plain flour;black pepper;
Tandoori chicken skewers;garlic;ginger;chillies;coriander;vegetable oil;chicken thighs;turmeric;chilli powder;garam masala;salt;salt;cardamom;fenugreek;lemon;yoghurt;cardamom;salt;turmeric;chilli powder;garam masala;vegetable oil;coriander;black salt;
Easy tandoori chicken;salt;lemons;yoghurt;yoghurt;sugar;mint;chilli;chicken drumsticks;tikka spice powder;salt;
Masala omelette with parathas;cumin;coriander seeds;chillies;onion;fresh coriander;chilli powder;turmeric;eggs;salt;vegetable oil;lemon juice;flour;vegetable oil;butter;water;
Stuffed paratha for kids;wholemeal flour;vegetable oil;salt;potato;carrot;peas;spring onion;chicken;desiccated coconut;cinnamon;fresh coriander;lemon juice;
Ajwain parathas ;wholemeal flour;salt;olive oil;ajwain;
Punjabi chicken curry ;vegetable oil;cumin;cinnamon;cardamom;onions;garlic;ginger;turmeric;chilli powder;tomatoes;chicken;chicken stock;garam masala;fresh coriander;salt;rice;
Bangladeshi chicken korma ;garlic;ginger;vegetable oil;ghee;cardamom;bay leaves;cinnamon;onions;salt;chicken;rice;
Tandoori chicken tikka ;ginger;garlic;chilli;yoghurt;chickpea flour;chilli powder;paprika;coriander;garam masala;cinnamon;saffron;salt;chicken thighs;butter;chaat masala;parathas;salad leaves;lime ;
Fish curry;monkfish;salt;turmeric;mustard seeds;vegetable oil;onions;garlic;chilli powder;coriander;garam masala;paprika;coriander;chillies;basmati rice;water;
Goat curry;cloves;black cardamom;cardamom;black peppercorns;ghee;bay leaf;cinnamon;onion;red onion;chillies;garlic;ginger;goat;salt;turmeric;chilli powder;garam masala;tomatoes;coriander;
Spinach paneer;spinach;vegetable oil;paneer;butter;onion;chillies;garlic;ginger;salt;cumin;garam masala;turmeric;cornmeal;
Chicken dhansak;onions;chicken thighs;garlic;ginger;garam masala;chilli powder;chopped tomatoes;chicken stock;chicken stock;lentils;bay leaves;rice;yoghurt;coriander;cooking spray;
Spinach and paneer wrap with mushrooms;spinach;fresh coriander;garlic;ginger;peanuts;lemon juice;vegetable oil;black pepper;seeds;yoghurt;garam masala;garlic;ginger;salt;lemon juice;chilli powder;vegetable oil;Portobello mushrooms;vegetable oil;paneer;onion;flour tortillas;flour;water;water;skewers;
Whole tandoori chicken with coriander chutney;chicken;yoghurt;garam masala;single cream;paprika;chilli powder;cumin;lemon juice;vegetable oil;salt;turmeric;tomato purée;garlic;ginger;coriander;chillies;garlic;salt;lemon juice;demerara sugar;
Samosa pie ;olive oil;onions;salt;ground ginger;garlic;cumin;chilli;lamb mince;potatoes;peas;cornflour;fresh coriander;plain flour;bread;salt;turmeric;fat;egg;water;
Prawn saffron biryani;basmati rice;saffron;cinnamon;salt;butter;garlic;onions;salt;lemon;chillies;turmeric;parsley;prawns;olive oil;Indian five-spice;
Tandoori king prawns with butter sauce;garam masala;cinnamon;chilli powder;cumin;garlic;ginger;yoghurt;prawns;lemons;butter;red onion;garlic;cumin;chilli;tomatoes;double cream;ginger;fresh coriander;black pepper;
Indian fish curry;vegetable oil;mustard seeds;cloves;cardamom;cinnamon;onion;ginger;garlic;coconut milk;chillies;salt;curry leaves;black pepper;garam masala;salmon;lemon juice;fresh coriander;coriander;water;
Easy chicken korma;chicken breasts;vegetable oil;butter;onions;garlic;ginger;curry powder;turmeric;mango chutney;lentils;chicken stock;single cream;black pepper;basmati rice;
Keralan chicken curry;turmeric;yoghurt;chicken;vegetable oil;bird's-eye chillies;onion;tomatoes;coconut milk;fresh coriander;black pepper;vegetable oil;ginger;garlic;coriander seeds;chillies;chillies;fennel seeds;peppercorns;cassia bark;cardamom;cumin;salt;sea salt;mint;coriander;yoghurt;ginger;spring onions;rice;vegetable oil;lime;fresh coriander;bird’s-eye chilli;
Mango lassi;single cream;milk;yoghurt;mango;caster sugar;
Indian scrambled eggs;vegetable oil;butter;onion;tomato;chilli powder;eggs;salt;fresh coriander;
Southern Indian mixed vegetable curry (Avial);vegetable oil;cumin;onion;turmeric;salt;carrots;cucumber;green beans;shallots;ginger;coconut;peas;curry leaves;yoghurt;coconut oil;green chillies;potatoes;
Bengal coconut dal;chana dal;turmeric;garam masala;salt;sugar;oil;cardamom;cumin;cloves;cinnamon;mustard seeds;chillies;bay leaves;coconut;coconut;water;coriander;
Masala chicken with minted yoghurt sauce;cardamom;cumin;coriander seeds;cloves;black peppercorns;fenugreek;turmeric;paprika;chilli powder;cinnamon;sea salt;garlic;ginger;yoghurt;chicken;lime;black pepper;watercress;yoghurt;mint sauce;
Indian chicken stew;vegetable oil;chicken breast;star anise;cinnamon;cardamom;cloves;peppercorns;mace;chilli;ginger;onions;curry leaves;turmeric;black pepper;cinnamon;coconut milk;cherry tomatoes;rice;celery;cress;cress;coriander;
Easy chicken tikka masala;chicken breasts;ginger;garlic;chilli powder;black pepper;fresh coriander;lime;vegetable oil;onion;chilli;turmeric;double cream;lemon;basmati rice;naan bread;
Chicken tikka masala;chicken breasts;yoghurt;clarified butter;cinnamon;cardamom;onion;ginger;garlic;cumin;turmeric;cayenne pepper;chopped tomatoes;chicken stock;garam masala;lemon;salt;tandoori paste ;coriander;
Vegetable pilau rice;cardamom;cardamom;peppercorns;cumin;cumin;cloves;nutmeg;nutmeg;cinnamon;basmati rice;ginger;mustard seeds;chilli;potato;carrot;green beans;turmeric;garam masala;salt;groundnut oil;water;
Simple chicken curry;chicken breasts;vegetable oil;mustard seeds;onion;garlic;coconut milk;salt;paprika;turmeric;cumin;cayenne pepper;lemon juice;salt;coriander;water;
Goan lamb curry;cumin;coriander seeds;cinnamon;leg of lamb;onions;garlic;ginger;chillies;tamarind;amchoor;beef stock;coconut;coconut milk;fresh coriander;vegetable oil;onion;garlic;cardamom;coriander;cumin;turmeric;cloves;cinnamon;curry leaves;basmati rice;lemon;yoghurt;mango chutney;
Masala dosa in a chapati;urid dal;vegetable oil;asafoetida;cumin;mustard seeds;curry leaves;chillies;turmeric;onion;salt;ginger;potatoes;tomato;coriander;naan breads;
Lemon rice;vegetable oil;mustard seeds;fenugreek;chana dal;urid dal;ginger;turmeric;peanuts;curry leaves;salt;lemon juice;basmati rice;red chillies;
Easy potato and pea samosas;vegetable oil;mustard seeds;onion;ginger;peas;cumin;chilli powder;garam masala;mango;salt;fresh coriander;filo pastry;butter;nigella seeds;coriander;water;potatoes;
Bengali butternut squash with chickpeas;vegetable oil;asafoetida;bay leaf;panch phoran;onion;turmeric;cumin;ginger;ginger;butternut squash;chickpeas;garam masala;fennel seeds;salt;sugar;red chillies;coriander;water;
Spinach and cheese samosas;plain flour;self-raising flour;butter;vegetable oil;red onions;panch phoran;spinach;chilli;cheese;salt;vegetable oil;
Shami kebabs ;chana dal;onions;garlic;ginger;ghee;lamb mince;salt;chillies;coriander;garam masala;chilli powder;cumin;cumin;lime;egg;plain flour;vegetable oil;red onion;lime;chilli;mint;sugar;salt;red onion;chutney;limes;
Tarka dal;chana dal;vegetable oil;cumin;onion;ginger;garlic;turmeric;garam masala;fresh coriander;black pepper;green chillies;tomatoes;coriander                 ;
Spiced fish and proper chips with coriander chutney and curried peas;haddock;turmeric;cumin;coriander;chilli powder;lemons;self-raising flour;gram flour;ajwain;peppercorns;lager;sunflower oil;split peas;oil;ginger;garlic;onion;chillies;garam masala;tomatoes;lemon;fresh coriander;fresh coriander;sea salt;caster sugar;lemon;cumin;garlic;yoghurt;floury potatoes;sunflower oil;cumin;chilli powder;chaat masala;lemon;
Paneer and vegetable skewers;yoghurt;ginger;garlic;salt;chilli powder;garam masala;lemon juice;vegetable oil;gram flour;cumin;cardamom;paneer;onion;capsicum;oil;butter;chaat masala;skewers;
Rogan josh;vegetable oil;peppercorns;black cardamom;cardamom;cloves;cinnamon;mace;onion;lamb;garlic;ginger;cumin;chilli powder;fennel seeds;garam masala;salt;tomatoes;yoghurt;fresh coriander;coriander;
Kashmiri biryani ;garlic;yoghurt;turmeric;chilli powder;nutmeg;sugar;salt;lemon;mutton;basmati rice;lime;salt;ghee;raisins;walnut;cardamom;cinnamon;bay leaves;cumin;black cardamom;coriander;garam masala;saffron;rosewater;cranberries;mint;figs;apricots;
Quick veggie korma;onions;garlic;butter;ginger;cardamom;cumin;turmeric;cinnamon;cinnamon;chilli;bay leaves;mushrooms;spinach;hazelnuts;sultanas;yoghurt;crème fraîche;bread;
Quick chicken biryani;basmati rice;salt;vegetable oil;shallots;onions;garlic;ginger;chicken breast;chicken breasts;chicken breast;chicken breast;chilli powder;cumin;cinnamon;turmeric;nutmeg;yoghurt;caster sugar;raisins;coriander;
Beef chilli flash-fry with yoghurt rice;cumin;turmeric;lime juice;steak;rapeseed oil;ginger;garlic;onion;pepper;pepper;spring onions;tomatoes;chillies;chilli powder;salt;fresh coriander;sunflower oil;mustard seeds;cumin;curry leaves;asafoetida;chillies;ginger;tomato;lime juice;yoghurt;fresh coriander;basmati rice;salt;coriander                 ;
Madhur Jaffrey's chicken korma with almonds;garlic;ginger;flaked almonds;bay leaves;cardamom;cloves;cinnamon;onion;cumin;chilli powder;tomato purée;salt;garam masala;double cream;chicken;water;groundnut oil;coriander;
The Hairy Bikers' chicken korma;chicken breasts;yoghurt;sunflower oil;onions;garlic;ginger;cardamom;cumin;coriander;turmeric;chilli powder;bay leaf;cloves;plain flour;saffron;caster sugar;sea salt;double cream;fresh coriander;pepper;
Chicken with spinach;spinach;vegetable oil;cardamom;bay leaves;cinnamon;chillies;onion;ginger;garlic;tomatoes;chicken;coriander;garam masala;yoghurt;basmati rice;salt; pepper;
Chicken jalfrezi;vegetable oil;onion;garlic;chilli powder;turmeric;salt;chicken breast;chopped tomatoes;ground ginger;cumin;butter;lemon;basmati rice;naan breads;limes;fresh coriander;chillies;coriander;
Kheer;basmati rice;milk;cardamom;cardamom;almonds;sultanas;caster sugar;pistachios;gold leaf;
Chickpea, spinach and egg curry;eggs;olive oil;cumin;mustard seeds;curry powder;garlic;ground ginger;chopped tomatoes;chickpeas;lemon juice;spinach;black pepper;coriander;water;
Coconut prawn curry with cauliflower 'rice';olive oil;onion;garlic;curry paste;tomato;vegetable stock;coconut milk;courgette;prawns;cauliflower;olive oil;seasoning;fresh coriander;salt; pepper;
Lamb madras with bombay potatoes;lamb;olive oil;coriander seeds;fenugreek;mustard seeds;cumin;fennel seeds;black peppercorns;cinnamon;cloves;turmeric;garlic;ginger;onion;vegetable oil;curry leaves;cardamom;bay leaves;chopped tomatoes;beef stock;tamarind;black pepper;potatoes;vegetable oil;mustard seeds;chilli powder;turmeric;fresh coriander;bird’s-eye chilli;
Prawns with coconut, chillies and mustard seeds ;mustard seeds;vegetable oil;onion;turmeric;coconut milk;coconut;salt;prawns;chillies;coriander;
Indian-spiced smoked mackerel;garam masala;chilli;butter;smoked mackerel;yoghurt;mint;lime;cucumber;radishes;salt;
The ultimate masala tea;milk;peppercorns;cardamom;fennel seeds;cinnamon;ginger;sugar;salt;water;black tea bag;
Quick chicken Madras;chicken breasts;lemon;garam masala;salt;clarified butter;onion;curry paste;chopped tomatoes;coconut;fresh coriander;
Lamb bhuna with garlic naan;olive oil;salt;cloves;ginger;onions;pepper;chillies;cinnamon;turmeric;curry powder;lamb;fresh coriander;self-raising flour;garlic;sugar;salt;butter;
Tandoori cod burger;olive oil;yoghurt;cod;red onion;mint;cucumber;brioche;black pepper;tandoori masala;
Mango smoothie;milk;Indian Alphonso mangoes;honey;ice;
Pilau rice;coriander seeds;cardamom;cumin;cloves;cinnamon;bay leaves;butter;onion;garlic;turmeric;mustard seeds;basmati rice;vegetable stock;black pepper;
Fragrant pilau rice;basmati rice;onion;butter;cardamom;cloves;cinnamon;saffron;bay leaves;vegetable stock;salt;
Chapatis;plain flour;butter;salt;water;
Lamb and fenugreek dumpling stew;vegetable oil;lamb;mustard seeds;onion;garlic;ginger;salt;sugar;cumin;turmeric;chilli powder;tomatoes;coconut milk;lemon juice;sweet potato;chickpeas;chapati flour;gram flour;fenugreek;fenugreek;ginger;salt;sugar;turmeric;lemon juice;vegetable oil;baking powder;fresh coriander;garam masala;coriander;water;
Vegetable pakoras and coconut dal;sunflower oil;onion;garlic;curry powder;red lentils;coconut milk;salt;lemon juice;black pepper;vegetables;fresh coriander;flour;sea salt;chilli powder;turmeric;sunflower oil;yoghurt;mango chutney;lime;fresh coriander;
Pea kachori;ginger;chillies;peas;rapeseed oil;mustard seeds;cinnamon;garam masala;turmeric;salt;chilli powder;plain flour;salt;rapeseed oil;water;
Chicken and rosewater biryani;garlic;ginger;chillies;chilli powder;coriander;turmeric;chicken thighs;vegetable oil;onions;cloves;cinnamon;cardamom;bay leaves;cumin;tomatoes;salt;basmati rice;salt;ghee;saffron;rosewater;cashew;raita;yogurt;
Gobi 65;vegetable oil;cauliflower;chickpea flour;cornflour;chilli paste;curry leaves;garam masala;curry leaves;chillies;cumin;mustard seeds;chilli;cashew;cucumber;yoghurt;plain flour;salt;olive oil;
Tandoori lamb wrap;yoghurt;onion;garlic;ginger;garam masala;fennel seeds;black pepper;vegetable oil;fresh coriander;chilli powder;lemon juice;salt;lamb;butter;flour tortillas;onion;Little Gem lettuce;yoghurt;coriander;tomatoes;water;
Simple chicken and potato curry;chicken;curry powder;vegetable oil;onions;garlic;waxy potatoes;chillies;garam masala;chicken stock;spring onions;
Hot-smoked salmon kedgeree;cumin;coriander seeds;olive oil;onions;salt;paprika;garam masala;rice;smoked salmon;peas;double cream;coriander;chives;eggs;lemon;
Bombay potatoes;oil;mustard seeds;chilli powder;turmeric;salt;potatoes;
Tandoori chicken lollipop drumsticks with raita dip;chicken;yoghurt;garam masala;cumin;chilli powder;turmeric;cinnamon;ginger;garlic;lemon;chilli;garlic;cucumber;cumin;mint;fresh coriander;yoghurt;lime;black pepper;
Pumpkin halwa;courgettes;milk;cardamom;sultanas;butter;sugar;flaked almonds;rosewater;watermelon;
Green chutney;fresh coriander;mint;garlic;ginger;onion;seeds;pistachio;lemon juice;salt;water;
Lamb vindaloo;lamb shoulder;red wine vinegar;sunflower oil;sea salt;potatoes;sunflower oil;onions;cloves;chillies;ginger;English mustard;cumin;coriander;paprika;turmeric;cayenne pepper;cinnamon;sea salt;bay leaves;
British beef Raj curry;butter;steak;onions;garlic;chilli powder;turmeric;garam masala;salt;beef stock;desiccated coconut;sultanas;apple chutney;
Chicken and apricot curry with potato straws (sali murghi);potatoes;vegetable oil;salt;vegetable oil;peppercorns;cloves;cardamom;chillies;cinnamon;onion;tomatoes;salt;ginger;garlic;chilli powder;cumin;coriander;garam masala;turmeric;chicken;chicken;jaggery;dried apricots;white wine vinegar;coriander;
Fennel seed drop-biscuits;plain flour;caster sugar;milk;milk;cardamom;fennel seeds;salt;ground almonds;butter;vegetable oil;
Creamy lentils and rice;ghee;cumin;onion;ginger;chilli;garlic;salt;basmati rice;green lentils;turmeric;garam masala;black pepper;
Kerala king prawn and coconut curry;prawns;lemon juice;sunflower oil;onion;turmeric;cardamom;chilli powder;cinnamon;garlic;ginger;fresh coriander;coconut cream;salt;rice;
Aromatic beef curry;ghee;braising steak;onion;garlic;cumin;coriander;turmeric;black pepper;chilli powder;ground ginger;cloves;cardamom;cinnamon;chopped tomatoes;yoghurt;vinegar;salt;sugar;
Spiced cauliflower;ghee;chilli powder;cumin;coriander;turmeric;black pepper;cauliflower;tamarind;vinegar;salt;water;
Gulab jamun;milk;plain flour;baking powder;bicarbonate of soda;milk;butter;vegetable oil;caster sugar;saffron;pistachio;flaked almonds;water;
Baked samosas;potatoes;carrots;peas;olive oil;cumin;onion;chillies;salt;coriander;garam masala;coriander;wholemeal flour;olive oil;salt;tomato chutney;
Tarka dal with rice;red lentils;turmeric;butter;cumin;garlic;chillies;pepper;rice;
Slow cooker dal;split peas;onion;chopped tomatoes;ginger;cumin;turmeric;garlic;curry leaves;vegetable stock;chilli;sunflower oil;lemon;
Low-fat chicken curry;chicken breasts;garam masala;salt;garlic;ginger;lemon;olive oil;onions;chillies;peppers;tomato purée;tomatoes;coriander;tomatoes;cucumber;red onion;chilli;limes;coriander;salt;rice;vegetable stock;
South Indian chicken curry;cinnamon;cardamom;cloves;poppy seeds;coriander seeds;coconut;ginger;garlic;sunflower oil;onion;chilli;chicken breasts;chilli powder;turmeric;salt;fresh coriander;
Lamb and lentil curry;sunflower oil;lamb neck;onions;garlic;curry paste;chopped tomatoes;red lentils;salt;curly kale;black pepper;naan bread;
Indian-spiced lamb shoulder with Bombay potatoes;coriander seeds;cumin;chilli;turmeric;cinnamon;fennel seeds;black peppercorns;fenugreek;cloves;lamb shoulder;vegetable oil;onions;chillies;garlic;ginger;cardamom;curry leaves;tamarind;chopped tomatoes;beef stock;fresh coriander;mint;black pepper;potatoes;vegetable oil;onion;garlic;mustard seeds;chilli powder;coriander;cumin;turmeric;chopped tomatoes;fresh coriander;mint;black pepper;
How to make curry paste;coriander seeds;cumin;mustard seeds;fennel seeds;black peppercorns;turmeric;cinnamon;paprika;dried chillies;salt;ginger;garlic;tomato purée;white wine vinegar;sunflower oil;
How to make lamb curry;lamb shoulder;curry paste;sunflower oil;butter;onions;cinnamon;cardamom;tomatoes;tomato purée;lamb stock;chickpeas;spinach;
Indian deep-fried soft-shell crab with lime pickle;limes;limes;sea salt;vegetable oil;mustard seeds;garlic;ginger;cumin;coriander;asafoetida;chilli powder;brown sugar;white wine vinegar;ginger;garlic;coriander;cumin;chilli powder;fresh coriander;flour;limes;oil;crabs;vegetable oil;salt;
Chicken curry with basmati rice;desiccated coconut;basmati rice;butter;vegetable oil;onion;curry paste;chicken breasts;tomatoes;coconut milk;fresh coriander;mint;lime;black pepper;
Garam masala;cardamom;cardamom;peppercorns;cumin;cumin;cloves;nutmeg;nutmeg;cinnamon;
Vegetable biryani ;carrot;potato;pepper;pepper;French beans;peas;tomato purée;chillies;garam masala;turmeric;basmati rice;onion;cashew;cumin;chilli powder;yoghurt;
Tandoori-style chicken;chicken;salt;lemons;yoghurt;onion;garlic;ginger;garam masala;lemon;green chillies;
Pork vindaloo;cumin;coriander seeds;peppercorns;cardamom;cloves;cinnamon;ginger;garlic;white wine vinegar;salt;pork shoulder;pork belly;vegetable oil;onion;mustard seeds;cashew;basmati rice;lettuce;soured cream;red chillies;tortillas;
Paneer-stuffed peppers;peppers;vegetable oil;cumin;onion;ginger;peas;green beans;salt;turmeric;chilli powder;garam masala;paneer;double cream;coriander;basmati rice;tomatoes;coriander;water;
Ghoogra;semolina;butter;caster sugar;ground almonds;poppy seeds;coconut;cardamom;nutmeg;plain flour;vegetable oil;water;
Spicy crab cakes;crabmeat;chilli powder;garam masala;garlic;ginger;red onion;fresh coriander;beetroot;plain flour;desiccated coconut;poppy seeds;salt;rapeseed oil;salad;
Onion bhaji;eggs;onions;plain flour;cumin;vegetable oil;coriander;
Spiced lamb burgers with herbed yoghurt;onion;ginger;garlic;fresh coriander;chilli powder;lamb mince;cumin;garam masala;salt;egg;white bread;oil;yoghurt;fresh coriander;mint;mint;salt;black pepper;buns;onion;tomatoes;lettuce;green chillies;
Yoghurt-spiced chicken skewers;chicken breasts;yoghurt;cumin;salt;turmeric;fenugreek;ground ginger;onion;cloves;chilli powder;cherry tomatoes;white wine vinegar;caster sugar;dried chilli;coriander;
Lamb kebabs;lemon;lamb mince;oil;fresh coriander;garlic;coriander;cumin;peppercorns;turmeric;garam masala;ginger;salt;green chillies;
Strawberry saffron dip (shrikhand);saffron;milk;crème fraîche;cream;honey;nutmeg;strawberries;
Lamb curry with basmati rice;vegetable oil;lamb fillet;onions;garlic;ginger;turmeric;garam masala;cumin;chilli powder;plain flour;coconut milk;chicken stock;spinach;pomegranate;yoghurt;black pepper;basmati rice;green chillies;tomatoes;
