Paul Hollywood's soda bread;wholemeal flour;flour;bicarbonate of soda;salt;buttermilk;flour;
Soda bread;plain flour;wholemeal flour;bicarbonate of soda;salt;butter;treacle;buttermilk;
Irish coffee;sugar;coffee;cream;whiskey;
The Ulster fry;bicarbonate of soda;cream of tartar;salt;sugar;buttermilk;butter;mashed potato;plain flour;salt;pork sausages;tomatoes;mushrooms;olive oil;black pepper;black pudding;bacon;eggs;flour;
Irish beef stew;vegetable oil;onions;celery;carrots;beef stock;potatoes;butter;black pepper;beef steak;
Boxty with crisp streaky bacon and maple syrup;potato;mashed potato;plain flour;baking powder;butter;black pepper;milk;olive oil;bacon;maple syrup;
Irish fish chowder with soda bread;wholemeal flour;strong white flour;bicarbonate of soda;salt;buttermilk;egg;honey;potato;smoked haddock;bay leaf;shallot;milk;butter;onion;garlic;sweetcorn;runner beans;scallops;clams;pollock;prawns;parsley;black pepper;
Irish stew;bacon;olive oil;onions;mushrooms;carrots;carrots;black pepper;thyme;parsley;garlic;red wine;beef stock;butter;flour;champ;stewing beef;
Irish rarebit;milk;plain flour;cheddar;breadcrumbs;English mustard;eggs;spring onions;soda bread;stout;
Stout bread;vegetable oil;plain flour;bicarbonate of soda;salt;wholemeal flour;brown sugar;buttermilk;stout;
Colcannon;floury potatoes;cabbage;cream;black pepper;onions;beef dripping;
Potato soup;butter;potatoes;onions;salt;pepper;chicken stock;milk;herbs;
Rhubarb pie;butter;caster sugar;eggs;flour;rhubarb;sugar;caster sugar;cream;sugar;
Irish soda bread;wholemeal flour;plain flour;salt;bicarbonate of soda;buttermilk;
Homemade Irish cream;single cream;condensed milk;coffee essence;chocolate;vanilla essence;almond essence;whiskey;
Champ;potatoes;milk;butter;white pepper;spring onions;
