How to make spaghetti Bolognese;olive oil;bacon;beef mince;onion;celery;carrots;cloves;herbs;red wine;chopped tomatoes;caster sugar;black pepper;spaghetti;Parmesan;
New potato, spinach and goats’ cheese frittata;olive oil;new potatoes;red onion;eggs;single cream;nutmeg;mint;garlic;spinach;goats' cheese;sage;black pepper;
Tagliatelle with mushrooms and pancetta;porcini;olive oil;pancetta;chilli;garlic;tagliatelle;beef tomato;wild mushrooms;parsley;butter;Parmesan;
One pan saltimbocca alla Romana;pork fillet;sage;prosciutto;plain flour;olive oil;black pepper;garlic;cherry tomatoes;French beans;white wine;
Lemon sorbet;caster sugar;lemons;
Rhubarb panna cotta with roasted rhubarb;rhubarb;caster sugar;apple juice;caster sugar;double cream;gelatine;buttermilk;
Spaghetti carbonara;olive oil;pancetta;eggs;Parmesan;milk;spaghetti;pepper;
Gluten-free almond biscuits;egg whites;almond essence;icing sugar;salt;ground almonds;flaked almonds;
Prosciutto and pesto chicken thighs;chicken thighs;pesto;prosciutto;
Spring minestrone soup with pesto;olive oil;butter;onions;leek;potatoes;celery;savoy cabbage;vegetable stock;chopped tomatoes;black pepper;pesto;
Pasta primavera;butter;garlic;asparagus;peas;soya beans;spinach;tagliatelle;lemon;parsley;black pepper;hazelnuts;parmesan;olive oil;
Sardine and kale spaghetti;spaghetti;olive oil;sardines;onion;black pepper;garlic;chilli;curly kale;lemon;
Spicy sausage pasta;tagliatelle;olive oil;onion;sausages;chestnut mushrooms;chilli;pine nuts;pecorino;black pepper;
Lamb cutlets with mint, chilli and golden potatoes;new potatoes;olive oil;dried chilli;mint;rocket;sea salt;parsley;mint;salt;lamb cutlets;
Spaghetti puttanesca;butter;garlic;parsley;Parmesan;ciabatta;olive oil;red onion;garlic;dried chilli;capers;olives;cherry tomatoes;spaghetti;parsley;black pepper;Parmesan;anchovy fillets;
Chocolate pasta with caramel and pecans;salt;pecans;butter;brown sugar;double cream;chocolate;
Easy spaghetti vongole;clams;clams;olive oil;garlic;parsley;chopped tomatoes;black pepper;spaghetti;anchovy paste;
Creamy chilli, bacon and tomato spaghetti;olive oil;onion;bacon;garlic;spaghetti;dried chilli;chopped tomatoes;tomato purée;oregano;double cream;black pepper;
Spaghetti alla carbonara;spaghetti;pancetta;olive oil;garlic;parsley;eggs;pecorino;pecorino;black pepper;
Really easy mushroom risotto;porcini;olive oil;onion;garlic;chestnut mushrooms;arborio rice;white wine;vegetable stock;parsley;butter;black pepper;parmesan;
Chicken and pea risotto;olive oil;onions;risotto rice;white wine;vegetable stock;black pepper;peas;asparagus;spinach;basil;double cream;oil;black pepper;chicken breasts;vegetable stock;parmesan;
Salmon, fennel and pea risotto;vegetable stock;sunflower oil;fennel;cloves;risotto rice;white wine;lemon;salmon;crème fraîche;tarragon;Parmesan;black pepper;pea shoots;petits pois;
One-step no-churn coffee ice cream;double cream;condensed milk;liqueur;liqueur;coffee;
Easy panzanella;ciabatta;capers;olive oil;red wine vinegar;tomatoes;salad leaves;anchovy fillets;salt; pepper;
Paul Hollywood's focaccia;flour;salt;yeast;olive oil;olive oil;sea salt;water;
Vegan lasagne ;olive oil;onion;aubergine;courgette;pepper;chestnut mushrooms;garlic;lentils;chopped tomatoes;oregano;sugar;vegetable stock;spinach;lasagne sheets;black pepper;sunflower oil;plain flour;almond milk;bay leaf;nutmeg;black pepper;yeast flakes;
The best vegetable lasagne ;peppers;courgette;sweet potato;olive oil;onion;dried chilli;garlic;chopped tomatoes;oregano;vegetable stock;spinach;lasagne sheets;black pepper;plain flour;butter;milk;cheddar;mozzarella;water;
Sardinian lamb with fennel;lamb;plain flour;fennel seeds;saffron;olive oil;onion;garlic;chilli;orange;white wine;lamb stock;tomatoes;bouquet garni;fennel;lemon juice;black pepper;parsley;basil;
Bolognese ragù with pappardelle ;olive oil;onions;carrot;celery;minced;minced;garlic;white wine;passata;chopped tomatoes;beef stock;bay leaves;thyme;double cream;pappardelle;Parmesan;basil;tomato;salt; pepper;
Marinated beetroot;beetroot;red wine vinegar;salt;garlic;oregano;chilli;olive oil;water;
Mushroom crostini;olive oil;garlic;chilli;mushrooms;parsley;marjoram;black pepper;bread;
Christmas tiramisu;coffee;caster sugar;liqueur;panettone;mascarpone;vanilla pod;icing sugar;double cream;dark chocolate;cocoa power;
Courgetti with vegan pesto ;butter beans;garlic;tomatoes;basil;lemon juice;chilli;black pepper;courgettes;avocados;olive oil;red chilli;
Easy spaghetti Bolognese;olive oil;beef mince;onion;garlic;carrot;tomatoes;stock;stock;spaghetti;salt; pepper;
Curly kale (or cavolo nero) with rosemary and chilli;olive oil;onion;rosemary;chilli;garlic;cavolo nero;black pepper;
Pasta and bean soup (Pasta e fagioli);olive oil;onion;garlic;dried chilli;vegetables;oregano;black pepper;penne;bay leaves;parmesan;tomatoes;chicken stock;beans;
Tuscan bacon and bean soup with wild garlic pesto;olive oil;bacon;sherry vinegar;red onions;carrots;garlic;celery;leek;waxy potatoes;tomatoes;rosemary;pasta;beef stock;cannellini beans;purple sprouting broccoli;spinach;black pepper;basil;wild garlic;pine nuts;olive oil;Parmesan;lemon;lemon juice;pepper;basil;parsley;chives;Parmesan;olive oil;bread;
Spaghetti with garlic and chilli;spaghetti;garlic;parsley;olive oil;sea salt;chilli flakes;
Easy panettone;milk;yeast;caster sugar;eggs;butter;Marsala wine;vanilla extract;strong white flour;salt;raisins;orange juice;candied peel;oil;egg;flaked almonds;icing sugar;
Italian lentil soup;green lentils;olive oil;onion;garlic;basil;chopped tomatoes;chicken stock;black pepper;pecorino;
Gluten-free minestrone;ghee;onions;celery;bay leaf;butternut squash;garlic;carrot;oregano;basil;chilli;chilli;vegetable stock;chopped tomatoes;chickpeas;cavolo nero;black pepper;parmesan;olive oil;
Slow cooker minestrone;lardons;carrots;celery;onion;garlic;rosemary;thyme;tomato purée;tomatoes;chicken stock;cannellini beans;spaghetti;spring greens;black pepper;olive oil;parmesan;
Kids’ minestrone soup ;olive oil;leek;carrot;peas;green beans;cabbage;cabbage;garlic;oregano;tomato purée;chopped tomatoes;cannellini beans;bacon;vegetable stock;pasta;basil;lemon juice;sugar;black pepper;
Quick minestrone;olive oil;carrots;onion;celery;garlic;beans;chicken stock;ciabatta;Parmesan;kale;parsley;red chilli;
Homemade minestrone;olive oil;onion;bacon;celery;garlic;carrots;potatoes;beef stock;tomato purée;haricot beans;bay leaf;thyme;parsley;tomatoes;spaghetti;black pepper;white bread;olive oil;mozzarella;
Minestrone;olive oil;onion;carrots;celery;garlic;tomato purée;chopped tomatoes;chicken stock;cannellini beans;spaghetti;green cabbage;salt; pepper;
Healthy minestrone soup;olive oil;bacon;bacon;carrots;celery;garlic;onions;tomato purée;chopped tomatoes;bouquet garni;vegetable stock;courgettes;pasta;parsley;Parmesan;potatoes;
Sea bass fillet with rosemary and lemon;sea bass;rosemary;olive oil;salt;lemon;
Aubergine parmigiana;aubergines;olive oil;ricotta;Parmesan;mozzarella;black pepper;garlic;red onion;olive oil;chopped tomatoes;oregano;red wine;olive oil;sherry vinegar;Dijon mustard;Italian leaves;
Chicken in lemon butter sauce;olive oil;chicken breast;lemon;white wine;butter;flour;black pepper;green beans;
Bolognese sauce;beef mince;olive oil;onion;carrot;pepper;garlic;lardons;herbs;tomatoes;red wine;pepper;
Hearty wholewheat pasta with Brussels sprouts, cheese and potato;Brussels sprouts;potato;penne;salt;ricotta;Gruyère;butter;garlic;sage;parmesan;
Turkey meatballs in tomato sauce;onion;celery;thyme;chopped tomatoes;sugar;sea salt;black pepper;turkey mince;egg;breadcrumbs;parmesan;Worcestershire sauce;thyme;garlic oil;
Budget spaghetti carbonara;spaghetti;olive oil;bacon;garlic;egg yolks;Parmesan;milk;salt; pepper;
Gluten-free cheesecake;butter;amaretti;ricotta;caster sugar;eggs;double cream;lemon;liqueur;
Fennel sausages braised with lemony potatoes and bay leaves;olive oil;onion;garlic;lemon;parsley;black pepper;luganega sausages;waxy potatoes;bay leaves;water;
Christmas Genoa cake;glacé cherries;pineapple juice;dried apricots;almonds;lemons;sultanas;butter;caster sugar;eggs;self-raising flour;ground almonds;almonds;walnut;glacé cherries;orange;apricot jam;
Torta pasquale;butter;plain flour;eggs;egg;spinach;dandelion;olive oil;onion;ricotta;parmesan;cheese;black pepper;puff pastry;broad beans;celery;rocket;mint;olive oil;lemon;pecorino;
Smoked salmon, pea and broccoli frittata with homemade chips;floury potatoes;rapeseed oil;eggs;milk;smoked salmon;oil;broccoli;broccoli;peas;black pepper;
Puy lentil bolognese with pasta;olive oil;onions;carrots;celery;thyme;thyme;garlic;tomato purée;Puy lentils;tomatoes;vegetable stock;balsamic vinegar;pasta;cheese;salad;black pepper;
Broccoli and anchovy pasta;plain flour;eggs;olive oil;sea salt;broccoli;olive oil;anchovies;Parmesan;black pepper;
One pot chorizo and pepper spaghetti;chorizo;garlic;peppers;mushrooms;chopped tomatoes;tomato purée;chilli;red wine vinegar;spaghetti;black pepper;basil;Parmesan;water;
Nigella's turkey breast with Christmas stuffing;cranberries;olive oil;shallots;cloves;allspice;sage;sausages;eggs;parmesan;breadcrumbs;turkey;goose fat;Marsala;
Penne with roasted vegetable and tomato sauce;chopped tomatoes;olive oil;chipotle;vegetables;black pepper;Parmesan;penne;onion powder;garlic;
Pumpkin lasagne;olive oil;pumpkin;paprika;nutmeg;black pepper;ricotta;milk;parmesan;parmesan;butter;plain flour;milk;lasagne sheets;
Nigel Slater's spaghetti bolognese;butter;pancetta;onion;garlic;carrot;celery;mushrooms;bay leaves;milk;passata;red wine;vegetable stock;nutmeg;tagliatelle;parmesan;beef mince;
Ragù alla bolognese;butter;olive oil;garlic;pancetta;onion;carrot;celery;bay leaf;minced;tomato purée;red wine;nutmeg;stock;milk;black pepper;tagliatelle;
San Marzano tomato pizza;flour;semolina;salt;caster sugar;yeast;olive oil;tomatoes;mozzarella;olive oil;peanut oil;black pepper;basil;prosciutto;rocket;water;
Mary Berry’s lasagne;olive oil;mince;onions;celery;garlic;plain flour;beef stock;redcurrant jelly;tomato purée;thyme;chopped tomatoes;butter;plain flour;milk;Dijon mustard;Parmesan;pepper;lasagne;Cheddar;
Gin and tonic granita;gin;tonic;lemon;Bramley apples;apple juice;butter;apples;caster sugar;
Hunter's chicken;plain flour;chicken;vegetable oil;onions;garlic;tomato purée;tomatoes;rosemary;bay leaf;white wine;chicken stock;red wine vinegar;parsley;black pepper;potatoes;
Ragù;olive oil;steak;onion;garlic;celery;rosemary;red wine;passata;pasta;pasta;Parmesan;black pepper;
Spaghetti and meatballs;olive oil;onion;garlic;herbs;tomatoes;stock;spaghetti;beef mince;garlic;herbs;olive oil;salt; pepper;
Slow cooker Bolognese;olive oil;butter;onion;celery;carrot;pancetta;beef mince;pork mince;red wine;tomato purée;beef stock;milk;tagliatelle;Parmesan;
Spaghetti with roasted bolognese  ;olive oil;beef;red onion;onion;carrots;tomatoes;tomatoes;garlic;beef stock;spaghetti;black pepper;
Stuffed chicken breast;chicken breasts;cranberry sauce;gorgonzola;pancetta;olive oil;salt;black pepper;green beans;lemon;olive oil;
How to make pizza;strong white flour;semolina;salt;yeast;yeast;olive oil;water;tomato sauce;;
Pizza dough;00 flour;yeast;salt;olive oil;milk;water;
Sausage ragù with tagliatelle;eggs;salt;sausage;olive oil;onion;celery;fennel seeds;rosemary;chilli;garlic;white wine;double cream;chicken stock;Parmesan;black pepper;flour;
Panettone;strong white flour;salt;caster sugar;yeast;milk;egg wash;butter;dried cherries;sultanas;currants;almonds;
Chocolate hazelnut cake ;hazelnuts;butter;dark chocolate;eggs;caster sugar;liqueur;liqueur;;
Chicken Marsala;chicken breasts;plain flour;butter;olive oil;shallots;garlic;chestnut mushrooms;chicken stock;parsley;black pepper;Marsala;
Wild boar ragù with fresh pasta;olive oil;onion;carrots;celery;garlic;flour;black pepper;boar;pancetta;bay leaf;orange;red wine;tomato purée;oregano;00 flour;salt;eggs;semolina;mushrooms;olive oil;parmesan;
Perfect panzanella;peppers;peppers;olive oil;tomatoes;olives;capers;ciabatta;red wine vinegar;garlic;black pepper;basil;
Griddled lamb chops with inzimino;Swiss chard;olive oil;onion;garlic;celery;carrot;chopped tomatoes;chickpeas;pepper;rosemary;black pepper;chilli;parsley;lamb cutlets;
Shortcut sausage meatballs;sausages;oil;spring onions;oregano;vermouth;chopped tomatoes;bay leaves;black pepper;parsley;
Mary's aubergine pasta bake;aubergines;olive oil;lasagne;black pepper;butter;plain flour;milk;Dijon mustard;Parmesan;garlic;chopped tomatoes;passata;basil;caster sugar;
Quick meatballs with cherry tomato sauce;beef mince;thyme;spring onions;black pepper;olive oil;olive oil;garlic;dried chilli;tomatoes;tomatoes;basil;tagliatelle;Parmesan;
Kids' spaghetti and meatballs;crackers;beef mince;herbs;egg;olive oil;olive oil;onions;carrot;chopped tomatoes;tomato purée;spaghetti;pepper;garlic;
Tiramisu;eggs;caster sugar;mascarpone;double cream;coffee;Marsala wine;cocoa powder;Savoiardi;
Chicken cacciatore with white bean mash;chicken legs;plain flour;olive oil;pancetta;onion;carrot;celery;garlic;rosemary;wild mushrooms;red wine;tomato;chicken stock;dried chillies;capers;olives;black pepper;parsley;olive oil;cloves;rosemary;lemon;olive oil;green beans;butter;garlic;chilli;;
Spiced biscotti with an orange syllabub dip;plain flour;baking powder;mixed spice;caster sugar;orange;currants;cranberries;cashews;pecans;eggs;caster sugar;whipping cream;oranges;milk;
Deep fried calamari with garlic and lemon mayonnaise;vegetable oil;plain flour;cayenne pepper;smoked paprika;salt;squid;eggs;mayonnaise;garlic;lemon;
Penne al'arrabiata (pasta with a spicy tomato sauce);olive oil;garlic;basil;tomato;salt;penne;parmesan;hot chillies;
Quick broccoli pasta;penne;spring onions;garlic;cherry tomatoes;broccoli;vegetable oil;chilli;cream cheese;salt; pepper;
Creamy mushroom pasta;butter;olive oil;onion;garlic;mushroom;white wine;double cream;parsley;pasta;pine nuts;black pepper;
Veggie pizza;plain flour;yeast;olive oil;salt;olive oil;garlic;tomatoes;oregano;black pepper;courgettes;garlic;feta;lemon;rosemary;butter;red onions;caster sugar;butternut squash;olive oil;Stilton;sage;water;
Vegetarian chard and cheese dumplings (strozzapreti);ricotta;Swiss chard;salt;breadcrumbs;egg;basil;mint;pecorino;00 flour;gruyère;pecorino;peppers;olive oil;onion;garlic;bay leaf;thyme;rosemary;red wine;tomatoes;tomatoes;
Chicken with cheese, prosciutto and roasted courgettes;chicken breast;fontina cheese;prosciutto;rosemary;plain flour;butter;olive oil;black pepper;white wine;olive oil;courgettes;tomatoes;marjoram;parmesan;salt; pepper;
Easy spaghetti and meatballs;minced;egg;breadcrumbs;herbs;garlic;vegetable oil;chopped tomatoes;herbs;caster sugar;garlic;spaghetti;salt; pepper;
Fresh pasta dough;eggs;flour;
Express lasagne;butter;lasagne sheets;Cheddar;oil;sausage;plain flour;chilli;cloves;chestnut mushrooms;crème fraîche;spinach;black pepper;passata;tomato;sugar;thyme;sage;
Pesto lemon chicken;chicken breasts;avocados;cucumber;tomatoes;pesto;mayonnaise;black pepper;pine nuts;salad;basil;lemon;lemon;
Baked meatballs with hidden veggies;sunflower oil;onion;sweet potato;garlic;chopped tomatoes;tomato purée;oregano;bay leaf;black pepper;bread;milk;onion;carrot;courgette;beef mince;egg yolk;mozzarella;black pepper;
Easy chicken and pea risotto;sunflower oil;onion;garlic;risotto rice;white wine;chicken stock;chicken;peas;cheese;butter;black pepper;
Lighter carbonara ;tagliatelle;peas;sunflower oil;onion;bacon;mushrooms;courgette;single cream;Parmesan;black pepper;
Veggie puttanesca;olive oil;onions;onions;garlic;olives;capers;dried chilli;sea salt;chopped tomatoes;vegetable stock;spaghetti;black pepper;parsley;
Mediterranean chicken with potatoes;olive oil;chicken thighs;onion;carrot;garlic;tomatoes;chicken stock;herbs;potatoes;salt; pepper;
Red mullet with linguine tossed in chilli and garlic;flour;eggs;olive oil;salt;chilli;garlic;white wine;stock;red mullet;parsley;basil;lemon;salt; pepper;
Panzanella;basil;olive oil;capers;tomatoes;olives;red onion;red wine vinegar;black pepper;stale sourdough;
Fresh farfalle with spinach, gorgonzola and walnuts;00 flour;eggs;salt;broccoli;olive oil;garlic;spinach;dolcelatte;mint;walnuts;
Pasta with purple sprouting broccoli;purple sprouting broccoli;chilli;garlic;olive oil;olive oil;fusilli;pecorino;pepper;
Chargrilled broccoli pasta with chilli and garlic;spaghetti;olive oil;broccoli;garlic;chilli;flaked almonds;black pepper;
Goats' cheese, butternut squash, pancetta and sage rotolo ;egg;egg yolks;olive oil;oil;pancetta;butternut squash;red onion;garlic;chilli;sage;goats' cheese;black pepper;double cream;spinach;peas;broad beans;lemon;rapeseed oil;flour ;
Risotto primavera;olive oil;butter;onion;celery;carrot;garlic;asparagus;vegetable stock;risotto rice;white wine;broad beans;peas;Parmesan;mint;dill;parsley;black pepper;
Penne with peas and beans;penne;rapeseed oil;spring onions;mascarpone;lemon juice;peas;broad beans;basil;black pepper;
Courgette and lemon risotto;vegetable stock;butter;shallots;garlic;thyme;risotto rice;white wine;courgettes;parmesan;lemon juice;black pepper;
Courgette pasta with spinach balls;spinach;eggs;nutmeg;garlic;breadcrumbs;parmesan;black pepper;olive oil;olive oil;garlic;chilli;courgettes;parmesan;black pepper;rigatoni;
Sea bream with a courgette salad with fresh mint and rocket;sea bream;lemon;olive oil;garlic;capers;anchovies;white wine;cherry tomatoes;olives;parsley;oregano;olive oil;balsamic vinegar;garlic;mint;courgettes;rocket;salt; pepper;
Italian-style courgette and parmesan soup;olive oil;garlic;basil;white pepper;courgettes;chicken stock;single cream;parsley;parmesan;bread;salad;black pepper;
Penne with courgette flowers;olive oil;garlic;onions;courgettes;vegetable stock;courgette;basil;black pepper;pasta;pasta;parmesan;olive oil;anchovy fillets;
Courgette and mint frittata;olive oil;red onion;courgettes;eggs;mint;black pepper;
Creamy courgette pasta with peas;olive oil;red onion;garlic;courgette;peas;Wensleydale;double cream;parsley;fusilli;black pepper;
Tuna pasta sauce ;linguine;olive oil;parsley;garlic;chilli;ginger;passata;tinned tuna;black pepper;
Fish stew;mussels;olive oil;onion;cloves;chopped tomatoes;red wine;chilli;parsley;fennel seeds;black pepper;bread;
Gluten-free chocolate cake;dark chocolate;butter;caster sugar;eggs;ground almonds;
Stromboli;strong white flour;semolina;yeast;sea salt;olive oil;olive oil;onion;garlic;chopped tomatoes;oregano;caster sugar;prosciutto;mozzarella;basil;sea salt;black pepper;balsamic vinegar;water;
Piedmontese roast peppers;tomatoes;peppers;garlic;olive oil;black pepper;anchovies;basil;
Healthy pasta salad;penne;mint;peas;feta;rocket;lemon;black pepper;olive oil;olives;
Panna cotta with pineapple and ginger salsa;sunflower oil;gelatine;single cream;double cream;caster sugar;vanilla extract;pineapple;stem ginger;ginger;
Spinach and ricotta ravioli with sage butter;00 flour;eggs;spinach;ricotta;Parmesan;lemon;sage;garlic;butter;black pepper;
Quick pepperoni pizza;flour;baking powder;sea salt;rapeseed oil;black pepper;passata;tomato purée;herbs;sea salt;mozzarella;pepperoni;cheddar;water;
Meatballs with tomato sauce;olive oil;onion;garlic;beef mince;marjoram;egg;olive oil;black pepper;olive oil;onion;garlic;mozzarella;sugar;tomatoes;
Pappardelle and meatballs ;onion;olive oil;pepper;bacon;breadcrumbs;herbs;beef mince;pork mince;egg yolk;red wine;tomatoes;chopped tomatoes;pappardelle;parmesan;
Biscotti with hot mocha dipping sauce;plain flour;plain flour;baking powder;caster sugar;eggs;pistachios;cranberries;lemon;hazelnuts;dates;lemon;dark chocolate;chocolate;almonds;orange;vanilla essence;dark chocolate;double cream;coffee;marshmallows;honey;
Sicilian lemon and orange sweet bread;strong white flour;salt;caster sugar;yeast;milk;eggs;butter;lemons;orange;flaked almonds;candied peel;cranberries;lemon;egg whites;sugar;ground almonds;flaked almonds;caster sugar;
Caramelised onion, goats' cheese and Parma ham pizza;strong white flour;yeast;garlic;salt;olive oil;olive oil;onions;sugar;balsamic vinegar;passata;ham;basil;goats’ cheese;
Prosciutto, mozzarella and fig pizza;white bread;salt;yeast;olive oil;tomato purée;mozzarella;prosciutto;figs;black pepper;basil;water;
'Nduja sausage and sheeps’ cheese pizza;semolina;flour;caster sugar;salt;yeast;tomatoes;cheese;basil;peanut oil;water;nduja;
Bacon and mushroom frittata;garlic;bacon;eggs;chives;wholegrain mustard;butter;sourdough bread;black pepper;chestnut mushrooms;cooking spray;
Roasted figs wrapped in Parma ham with blue cheese and rocket;figs;ham;dolcelatte;rocket;olive oil;black pepper;balsamic glaze;
Chicken puttanesca with linguine;chicken thighs;black pepper;olive oil;onion;cherry tomatoes;garlic;dried chilli;linguine;capers;basil;Italian seasoning;anchovy fillets;
Butternut squash ravioli with fried sage leaves and sun-dried tomatoes;butternut squash;olive oil;sea salt;black pepper;red onion;pecorino;nutmeg;flour;eggs;salt;olive oil;sage;tomatoes;
Oven-baked risotto carbonara;risotto rice;pancetta;butter;onion;vegetable stock;pecorino;egg;egg yolks;crème fraîche;black pepper;
Amaretti biscuits;caster sugar;ground almonds;butter;eggs;liquor;
Meatballs with fennel and ricotta;chicken;onion;celery;leek;bay leaf;black peppercorns;thyme;olive oil;onions;bay leaf;milk;sea salt;lemons;butter;breadcrumbs;pork mince;salami;salami;egg;fennel seeds;rosemary;oregano;olive oil;fennel;Parmesan;pine nuts;black pepper;
Italian strawberry and chocolate chunk cake;eggs;coconut oil;honey;ground almonds;spelt flour;lemon;vanilla extract;bicarbonate of soda;baking powder;sea salt;dark chocolate;strawberries;
Linguine alla puttanesca;olive oil;chopped tomatoes;garlic;anchovies;capers;olives;salt;linguine;chilli flakes;basil leaves;
Easy pizza with Parma ham and mozzarella;chopped tomatoes;tomato purée;oregano;garlic;black pepper;mushrooms;courgettes;olives;anchovies;capers;tomatoes;ham;salami;mozzarella;Parmesan;basil;rocket;tortillas;
Skinny beef lasagne;leeks;onion;celery;carrots;beef mince;garlic;chestnut mushrooms;plain flour;red wine;beef stock;beef stock;chopped tomatoes;tomato purée;oregano;milk;cornflour;nutmeg;cheddar;parmesan;tomatoes;black pepper;bay leaves;
Torta menjar blanc;plain flour;icing sugar;butter;lemon;eggs;salt;milk;vanilla pod;cinnamon;lemon;egg yolks;caster sugar;cornflour;egg white;icing sugar;
Calabrian pork ribs;olive oil;red wine vinegar;chillies;pepper;garlic;thyme;rosemary;oregano;chilli;pork;black pepper;lemon;polenta;
Stuffed aubergines;aubergines;olive oil;onion;garlic;thyme;oregano;chilli;tomatoes;breadcrumbs;Parmesan;lemon;basil;black pepper;
One-layer lasagne;beef mince;olive oil;onions;garlic;carrots;celery;caraway seeds;tomato purée;beef stock;chopped tomatoes;beef stock;oregano;rosemary;mushrooms;courgettes;beef tomatoes;ricotta;mozzarella;Parmesan;black pepper;
Ricotta dumplings ;00 flour;ricotta;egg yolks;parmesan;nutmeg;black pepper;olive oil;garlic;chilli;tomatoes;tomato;basil;
Sicilian fish with sweet potato chips;sweet potatoes;olive oil;onion;cloves;peppers;peppers;chopped tomatoes;balsamic vinegar;caster sugar;capers;tomato purée;cod;black pepper;salad leaves;olive oil;lemon;
Porchetta;rosemary;thyme;garlic;fennel seeds;chilli;lemon;wine;pork;potatoes;onion;white wine;chicken stock;Bramley apples;cinnamon;allspice;cloves;lemon juice;brown sugar;butter;
La gran lasagna;olive oil;onions;tomatoes;black pepper;basil;pork;garlic;parsley;egg;olive oil;flour;lasagne sheets;parmesan;eggs;ricotta;mozzarella;beef mince;
Pork loin with Parma ham and oregano;garlic;oregano;dried chilli;shallots;olive oil;vermouth;pork loin;Parma ham;water;
Leftover turkey pasta with bacon, peas and cream;bacon;olive oil;onion;garlic;leftover turkey;peas;double cream;pepper;tagliatelle;Parmesan;
Italian Christmas pudding cake;panettone;liqueur;eggs;caster sugar;mascarpone;double cream;chocolate;chocolate;pistachios;pomegranate;Marsala;marrons glacés;
Bresaola salad;bread;olive oil;olive oil;white wine vinegar;black pepper;garlic;little gem lettuce;rocket;radishes;olives;eggs;bresaola;Parmesan;
Gemelli with anchovies, tomatoes and mascarpone;pasta;olive oil;garlic;dried chilli;cherry tomatoes;vermouth;mascarpone;Parmesan;parsley;salt;anchovy fillets;
Espresso martini tiramisu;eggs;vanilla extract;caster sugar;salt;plain flour;coffee;double cream;mascarpone;vodka;coffee liqueur;amaretti;cocoa powder;
Rick Stein's tiramisu;eggs;caster sugar;flour;eggs;icing sugar;mascarpone;vanilla extract;dark chocolate;coffee;Marsala;
Torta nera (chocolate walnut tart);plain flour;salt;butter;caster sugar;egg yolks;walnuts;caster sugar;eggs;butter;amaretti;chocolate;plain flour;coffee;liqueur;icing sugar;mascarpone;
How to make lasagne;olive oil;onion;carrot;celery;bay leaf;garlic;beef mince;tomato purée;red wine;chopped tomatoes;beef stock;black pepper;butter;plain flour;milk;nutmeg;lasagne sheets;parmesan;olive oil;
Slow-cooked family stew with polenta;olive oil;celery;onion;carrots;garlic;lamb;red wine;juniper berries;black peppercorns;sage;rosemary;bay leaves;chopped tomatoes;nutmeg;tomato purée;black pepper;salt;polenta;fontina cheese;parmesan;butter;
Linguine with prawns and mussels;mussels;prawns;olive oil;garlic;chilli;white wine;lemon;parsley;linguine;black pepper;
Pasta with chilli, bacon and tomato sauce;onion;olive oil;chilli;white wine;tomatoes;pasta;pecorino;guanciale;
Lamb with fresh peas (Agnello con piselli freschi);lamb shoulder;black pepper;olive oil;onions;carrot;celery;cloves;thyme;chilli;white wine;white wine vinegar;peas;potatoes;cherry tomatoes;bread;anchovy fillets;
Ricotta pesto ;pine nuts;basil;cloves;sea salt;Parmesan;pecorino;olive oil;ricotta;
Fennel and lemon risotto, Parmesan crisps and fennel fritters;olive oil;garlic;fennel seeds;chilli;fennel;Parmesan;onion;arborio rice;white wine;chicken stock;lemon;black pepper;soda;egg;cayenne pepper;baking powder;cornflour;plain flour;vegetable oil;fennel;
Sardine beccafico;sardines;breadcrumbs;olives;capers;anchovies;raisins;pine nuts;almonds;lemon;orange;parsley;bay leaves;
Ciabatta;strong white flour;yeast;olive oil;salt;semolina;
Mushroom and spinach tagliatelle;olive oil;spring onions;garlic;chestnut mushrooms;spinach;crème fraîche;black pepper;tagliatelle;
Sicilian pasta with tomatoes, garlic and almonds;fusilli;salt;cherry tomatoes;sultanas;garlic;capers;almonds;olive oil;basil;anchovy fillets;
Ceps tortellini with roasted nuts and sage butter;pasta;eggs;olive oil;mushrooms;black pepper;shallot;garlic;sage;lemon;egg;pine nuts;hazelnuts;butter;sage;lemon;water;
Easter lamb with peas ;lamb shoulder;olive oil;onions;carrot;celery;garlic;thyme;chilli;white wine;white wine vinegar;peas;potatoes;cherry tomatoes;black pepper;bread;anchovy fillets;
Sardinian couscous with clams;clams;olive oil;shallot;cloves;dried chilli;tomato purée;chicken stock;vermouth;parsley;fregola;
Squid and prawns with chilli and marjoram;olive oil;chilli;lemon;garlic;parsley;marjoram;squid;prawns;sea salt;
Silk handkerchief pasta with pesto;egg;eggs;olive oil;salt;basil;sea salt;garlic;olive oil;parmesan;flour;pine kernels;
Rib ragù;pork;olive oil;carrots;celery;onion;stock;oil;pappardelle;
Ruby-red plum and amaretti crumble;amaretti;butter;plums;sugar;lemon;plain flour;baking powder;butter;sugar;
Tiramisini;coffee;coffee liqueur;biscuits;biscuits;egg whites;mascarpone;honey;cocoa powder;Marsala;
Iced berries with limoncello white chocolate sauce;double cream;liqueur;white chocolate;mixed berries;
Sambuca kisses;egg;ricotta;plain flour;baking powder;liqueur;sugar;orange;corn oil;icing sugar;
Italian roast chicken with peppers and olives;chicken;lemon;rosemary;leeks;peppers;orange;pepper;olives;olive oil;black pepper;
Meringue gelato cake with chocolate sauce;double cream;dark chocolate;coffee liqueur;meringue;double cream;dark chocolate;coffee liqueur;raspberries;
Baby aubergines with oregano and red onions;aubergines;olive oil;oregano;red onion;red wine vinegar;sea salt;olive oil;garlic;oregano;water;
Meatzza;minced;parmesan;breadcrumbs;parsley;eggs;garlic;black pepper;Butter;chopped tomatoes;oregano;mozzarella;basil;garlic oil;
Tuscan fries;waxy potatoes;vegetable oil;cloves;rosemary;sea salt;
Spaghetti Bolognese with hidden veggies;onion;carrot;courgette;pepper;beef mince;chopped tomatoes;tomato purée;oregano;beef stock;bay leaf;spaghetti;black pepper;salt;Parmesan;
Spicy beans on toast;ciabatta;olive oil;garlic;olive oil;dried chilli;onion;garlic;spinach;kidney beans;parsley;black pepper;
Spaghetti with kale, anchovies and chilli;spaghetti;kale;anchovies;garlic;chilli;black pepper;
Pasta with almond, basil and pecorino pesto (pesto alla Trapanese);almonds;basil;garlic;cherry tomatoes;pecorino;olive oil;black peppermill;salt;spaghetti;
Soft chocolate nougat (torrone molle);almonds;butter;sugar;cocoa powder;egg;egg;digestive biscuits;liqueur;sugared almonds;
Crab linguine;crab;crabmeat;linguine;sea salt;olive oil;garlic;spring onions;chilli;crabmeat;white wine;parsley;basil;black pepper;
Pepper, tomato and basil pasta;peppers;cherry tomatoes;garlic;olive oil;basil;pasta;pepper;
Chicken cacciatore;olive oil;onion;celery;carrots;chicken;chicken;white wine;tomato purée;chicken;sage;rosemary;polenta;butter;parmesan;bay leaves;
Honey and chestnut cake;butter;honey;brown sugar;eggs;00 flour;baking powder;fennel seeds;chestnuts;pine nuts;sea salt;cream;
Cherry tomato and mozzarella salad ;tomatoes;mozzarella;basil;olive oil;balsamic vinegar;salt; pepper;
Pork fillet with honey and ginger;olive oil;pancetta;pork fillet;cloves;honey;ginger;carrots;parsnips;shallots;rosemary;vegetable stock;black pepper;
Braised beef in red wine;topside;garlic;rosemary;black peppercorns;onion;carrots;celery;red wine;olive oil;salt;bay leaves;
Pearl barley with spinach and pork mince;olive oil;onion;pork mince;pearl barley;spinach;white wine;vegetable stock;parsley;black pepper;
Orange rice cake;milk;vanilla pod;lemon;sugar;arborio rice;eggs;orange liqueur;raisins;orange;
Alpine pizza;salt;yeast;breadcrumbs;gruyère;crème fraîche;black pepper;red onion;salami;marjoram;flour;water;
Sweet pepper frittata;olive oil;peppers;cloves;white wine vinegar;eggs;black pepper;
Spaghetti with chilli and garlic;spaghetti;chillies;garlic;olive oil;parsley;salt;
Pearl barley, butternut squash and sage risotto;butter;onion;butternut squash;garlic;vegetable stock;pearl barley;sage;black pepper;
Warm chocolate and amaretto pudding ;milk;plain flour;caster sugar;vanilla pod;liqueur;dark chocolate;butter;amaretti;
Lemon and ricotta tart;puff pastry;plain flour;lemon;ricotta;mascarpone;candied peel;caster sugar;eggs;
Risotto alla Parmigiana;butter;onion;vermouth;rice;chicken stock;parmesan;salt; pepper;
Basic tomato and basil sauce for pasta;olive oil;onion;garlic;chopped tomatoes;dried chilli;balsamic vinegar;sugar;basil;black pepper;parmesan;
Tom Kerridge’s butternut squash and sage risotto;butter;olive oil;onion;garlic;white wine;vegetable stock;butternut squash;sage;Parmesan;mozzarella;pine nuts;black pepper;arborio rice;
Beef ragu with linguine;flour;eggs;olive oil;onion;garlic;carrot;celery;lardons;beef mince;tomato purée;tomatoes;red wine;basil;black pepper;Parmesan;
Gluten-free Venetian carrot cake;pine nuts;carrots;sultanas;rum;caster sugar;olive oil;vanilla extract;eggs;ground almonds;nutmeg;lemon;mascarpone;icing sugar;rum;
Smoky tomato sauce for pasta;tomatoes;olive oil;black pepper;thyme;basil;red wine vinegar;olives;spaghetti;
Artichoke pasta;artichokes;garlic;parsley;thyme;linguine;lemon;parmesan;
Penne with anchovy, broccoli, chilli and garlic;pasta;anchovies;garlic;chilli;broccoli;black pepper;
Tagliatelle with cavolo nero, chickpeas and pecorino;cavolo nero;olive oil;lemons;lemon;chickpeas;tagliatelle;salt;black pepper;pecorino;
Beef cheek and butternut broth in sourdough ;mushrooms;olive oil;beef;onion;butternut squash;pasta;parsley;water;sourdough loaf;
Basic tortellini with ricotta and pine nuts;eggs;basil;basil;ricotta;ricotta;pine nuts;parmesan;basil;pine nuts;parmesan;garlic;olive oil;olive oil;black pepper;flour;
Hazelnut and orange biscotti;plain flour;baking powder;caster sugar;eggs;hazelnuts;orange;
Sausage, radicchio and lemon gnocchi;floury potatoes;olive oil;rock salt;black pepper;flour;egg yolk;butter;pork sausages;shallots;garlic;chilli;chicken stock;double cream;capers;parsley;lemons;radicchio;olive oil;breadcrumbs;Parmesan;
Fillet of venison and wild mushroom sauce;venison;olive oil;balsamic vinegar;carrot;onion;black pepper;butter;onions;morels;mushrooms;balsamic vinegar;dry sherry;double cream;black pepper;truffle;
Grilled peach, burrata and basil salad with Dijon dressing;olive oil;balsamic vinegar;Dijon mustard;black pepper;olive oil;peaches;mozzarella;rocket;basil;
Pork and parmesan ravioli ;salt;eggs;olive oil;olive oil;pork mince;garlic;onion;celery;eggs;parsley;parmesan;tomato;olive oil;garlic;celery;onion;passata;basil;oregano;caster sugar;salt;flour;
Chicken carbonara;olive oil;pancetta;chicken breast;spaghetti;eggs;egg yolks;double cream;Parmesan;black pepper;
Veggie carbonara;spaghetti;double cream;garlic;black pepper;eggs;spinach;parsley;tomatoes;Parmesan;smoked cheddar;
Penne with spicy tomato and mozzarella sauce;olive oil;onion;garlic;chilli;chopped tomatoes;red wine vinegar;tomato purée;Tabasco;sugar;basil;mozzarella;pasta;Parmesan;black pepper;
Pumpkin risotto;chicken stock;onion;sage;olive oil;butternut squash;butter;black pepper;sage;sunflower oil;Parmesan;Parmesan;arborio arborio;
Bill's spicy sausage pasta;sausages;olive oil;red onion;garlic;chopped tomatoes;pepper;chilli;oregano;parsley;fusilli;
Tomato ragù;tomatoes;celery;carrots;onions;bay leaf;basil;tomato purée;olive oil;black pepper;water;
Poached peaches with zabaglione;peaches;sugar;eggs;Marsala wine;sugar;amaretti;lemon;
Tom Kerridge’s spaghetti Bolognese;beef mince;vegetable oil;bacon;onion;celery;carrots;garlic;bay leaf;red wine vinegar;demerara sugar;oregano;chopped tomatoes;beef stock;beef stock;mushrooms;black pepper;spaghetti;Parmesan;
Cherry and ginger florentines;butter;caster sugar;plain flour;double cream;flaked almonds;peel;stem ginger;orange;dark chocolate;cherries;
Seafood pasta with garlic bread;ciabatta;olive oil;butter;garlic;parsley;pasta;olive oil;shallot;garlic;dried chilli;cherry tomatoes;vermouth;mussels;mussels;prawns;squid;crème fraîche;tarragon;basil;lemon;black pepper;salad leaves;
Chocolate salame;dark chocolate;amaretti;butter;caster sugar;eggs;cocoa powder;almonds;hazelnuts;pistachios;icing sugar;liqueur;
Spaghetti with clams and chilli;clams;clams;sea salt;beef tomato;spaghetti;olive oil;garlic;shallot;chilli;chilli;white wine;parsley;black pepper;
How to make pesto;pine nuts;parmesan;basil;garlic;olive oil;lemon juice;salt; pepper;
Parmesan shortbreads;plain flour;parmesan;butter;egg yolk;
Christmas panna cotta;raisins;rum;gelatine;double cream;caster sugar;ground ginger;allspice;nutmeg;cinnamon;redcurrants;
Italian broccoli and egg salad;eggs;broccoli;leeks;lemon juice;olive oil;honey;capers;tarragon;pepper;
Healthy mini pizzas;yeast;spelt flour;salt;olive oil;onion;garlic;capers;dried chilli;tomatoes;oregano;oregano;artichoke;basil;mozzarella;courgette;lemon;feta;fennel;sweet potato;garlic;beetroot;feta;goats’ cheese;
Baked pasta shells filled with cheese;pasta;parmesan;mozzarella;ricotta;mozzarella;parmesan;basil;black pepper;olive oil;garlic;tomatoes;basil;black pepper;tomato sauce;
Vanilla panna cotta;gelatine;milk;double cream;vanilla pod;sugar;sugar;liqueur;mint;icing sugar;water;raspberries;
Tomato, mozzarella and basil pizza;yeast;salt;chopped tomatoes;black pepper;basil;thyme;mozzarella;olives;olive oil;flour;
Sun-dried tomato and olive bread;strong white flour;salt;olive oil;yeast;olives;tomatoes;water;
Creamy salmon pasta bake;macaroni;salmon;basil;passata;mascarpone;breadcrumbs;mozzarella;pine nuts;butter;salad leaves;olive oil;balsamic vinegar;black pepper;
Aubergine and mozzarella bake ;olive oil;onion;garlic;chopped tomatoes;salt;aubergines;mozzarella;
Penne alla torrese;penne;pancetta;red onion;peas;olive oil;olive oil;salt;
Sausage and bean casserole;olive oil;pork sausages;rosemary;garlic;dried chilli;carrots;celery;borlotti beans;cannellini beans;salt;cherry tomatoes;bread;olive oil;garlic;water;
Seafood risotto;prawns;mussels;monkfish;squid;olive oil;garlic;carrot;celery;onion;leek;chilli;tomato;saffron;stock;mussels;butter;shallots;garlic;risotto rice;white wine;parmesan;olive oil;
Goats' cheese cannelloni with cherry tomatoes;cherry tomatoes;olive oil;thyme;black pepper;ricotta;goats' cheese;parmesan;spinach;garlic;pasta;parmesan;balsamic vinegar;
Stuffed baby peppers;peppers;cheese;parmesan;egg;chives;olive oil;black pepper;potatoes;
Tortellini with spinach and ricotta;eggs;semolina;spinach;ricotta;parmesan;nutmeg;black pepper;pine nuts;sage;butter;parmesan;flour;
Fettuccine Alfredo;fettuccine;double cream;butter;nutmeg;parmesan;black pepper;
Pumpkin pasta with rosemary;pasta;pumpkin;rosemary;garlic;shallot;double cream;Dijon mustard;parsley;butter;white wine;lemon;black pepper;parmesan;
Gnocchi di spinaci e ricotta;spinach;spinach;ricotta;parmesan;plain flour;eggs;nutmeg;black pepper;olive oil;onion;carrot;garlic;chopped tomatoes;tomato purée;caster sugar;bouquet garni;black pepper;parmesan;
Bellini cocktail;peaches;peaches;champagne;champagne;
Semifreddo al torroncino (homemade nougat ice cream);mascarpone;egg whites;caster sugar;nougat;
Quick tomato and basil tart;puff pastry;pesto;plum;black pepper;salad;olive oil;lemon juice;
Sausage casserole with beans;olive oil;red onion;garlic;chilli;tomatoes;black pepper;cannellini beans;garlic;sage;salt;olive oil;sausages;
Artichokes alla Romana;globe artichokes;lemons;fennel seeds;coriander seeds;carrots;onion;garlic;celery;peppercorns;white wine;caster sugar;salt;olive oil;parsley;bay leaves;water;
Barbecued veal chops with fresh herbs and salmoriglio;veal;olive oil;fennel seeds;sage;thyme;rosemary;garlic;lemons;black pepper;salt;marjoram;olive oil;lemon;lemon;salt;
How to make lasagne;olive oil;celery;carrots;onion;garlic;rosemary;beef mince;pork mince;red wine;beef stock;black pepper;milk;onion;nutmeg;butter;plain flour;mozzarella;parmesan;black pepper;butter;tomatoes;bay leaves;lasagne;
