Chilli con carne;olive oil;onions;garlic;beef mince;red wine;chopped tomatoes;tomato purée;chillies;chilli;cumin;coriander;cinnamon;Worcestershire sauce;beef stock;kidney beans;coriander;black pepper;lime;
Bean chilli with jackfruit;coconut oil;onions;celery;mushrooms;garlic;chilli powder;jackfruit;passata;tomatoes;tomato purée;balsamic vinegar;ketchup;sugar;butter beans;kidney beans;borlotti beans;black pepper;black-eyed beans;
Easy chicken fajitas;flour tortillas;chicken breasts;cumin;chilli powder;garlic;lime;olive oil;red onion;peppers;black pepper;avocado;lettuce;fresh coriander;salsa;soured cream;cheddar;
Easy vegetarian quesadilla;olive oil;spring onions;beans;chipotle;flour tortillas;cheddar;soured cream;lime;fresh coriander;
Chicken and cheese quesadillas;pepper;mango;cherry tomatoes;spring onions;lime;black pepper;flour tortillas;cheddar;chicken;pepper;coriander;guacamole;pepper;
Nachos;olive oil;onion;beef mince;paprika;cumin;chilli powder;black beans;Cheddar;cherry tomatoes;spring onions;avocado;lime juice;black pepper;lime;coriander;chillies;salt;soured cream;
Chicken tacos;garlic;orange;limes;chilli sauce;tomato purée;oregano;cumin;sea salt;black pepper;chicken thigh;Little Gem lettuces;avocado;soured cream;red onion;red wine vinegar;caster sugar;tortillas;
Chicken enchiladas;onion;olive oil;garlic;smoked paprika;oregano;chilli powder;cumin;passata;brown sugar;vinegar;black pepper;onions;pepper;pepper;olive oil;garlic;chilli;chicken breasts;kidney beans;flour tortillas;Cheddar;spring onions;coriander;avocado;soured cream;
Smoky chicken quesadillas;chicken;coriander seeds;cumin;kidney beans;spring onions;sweetcorn;chipotle;flour tortillas;olive oil;olive oil;mozzarella;Cheddar;black pepper;Little Gem lettuces;rocket;cherry tomatoes;lime;olive oil;soured cream;coriander;pickled;jalapeños;
Buñuelos with apple and raspberry purée;plain flour;caster sugar;baking powder;salt;milk;egg;anise;sunflower oil;raspberries;apple;icing sugar;lemon juice;
Vegan nachos;butternut squash;cashew;chillies;garlic;almond milk;lemon;black pepper;wraps;wraps;tomatoes;red onions;avocados;fresh coriander;yeast;
Spiced slow-cooked mutton with Mexican chillies, puréed squash and sautéed chard;cinnamon;cloves;cumin;star anise;bay leaves;rosemary;mutton;carrots;onions;garlic;chillies;chipotle;red wine;redcurrant jelly;butternut squash;olive oil;chard;black pepper;
Spicy Mexican bean soup;onion;garlic;sweet potato;pepper;vegetable stock;kidney beans;vegetable oil;chilli powder;cumin;oregano;chopped tomatoes;black pepper;
Sweet potato and black bean burritos;sweet potatoes;black beans;walnuts;smoked paprika;garlic;onion;black pepper;chipotle;yoghurt;iceberg lettuce;carrots;beetroot;avocado;Italian herb mix;tortillas;
Vegetarian burritos;garlic;chilli;coconut oil;paprika;borlotti beans;cherry tomatoes;limes;fresh coriander;avocados;feta;chilli;spring greens;oregano;tortillas;
Beef and bean burrito;plain flour;wholemeal flour;salt;oil;red onion;pepper;allspice;paprika;cumin;sirloin;olive oil;yoghurt;lime;olive oil;garlic;cumin;black beans;tomatoes;red onion;chilli;lime;iceberg lettuce;
Breakfast burrito;cheddar;black pepper;black beans;onion;chilli;garlic;lard;plain flour;baking powder;tomatoes;sugar;lime;avocados;chilli;coriander;lime;olive oil;tomatoes;soured cream;olive oil;chorizo;chestnut mushrooms;chipotle;butter;eggs;cornmeal;water;jalapeño chilli;
Baked burrito;onion;oil;turkey breast;seasoning;seasoning;tomatoes;sweetcorn;Cheddar;wraps;yoghurt;
Mexican steak burrito;avocados;garlic;onion;chilli;lime;black pepper;tomatoes;onion;fresh coriander;vegetable oil;onion;rump;garlic;chilli;Worcestershire sauce;Tabasco;cayenne pepper;fresh coriander;flour tortillas;Little Gem lettuce;rice;cheddar;soured cream;
Bean and rice burrito;onion;tomatoes;white wine vinegar;lime;pepper;beans;sweetcorn;wraps;rice;lime;yoghurt;
Turkey tortilla soup;tomatoes;garlic;chillies;olive oil;red onions;pepper;pepper;celery;cumin;thyme;bay leaves;oregano;coriander;stock;black beans;sweetcorn;black pepper;leftover turkey;lime;olive oil;avocados;lime;salt;spring onions;cheese;tortillas;
Vegan chilli ;olive oil;onions;pepper;sweet potato;coriander;plain flour;chopped tomatoes;chipotle;cannellini beans;kidney beans;black pepper;soured cream;quinoa;avocado;lime;spring onions;fresh coriander;black pepper;
Pork taco;olive oil;red onion;pepper;garlic;pork;cumin;coriander;chilli powder;tomatoes;wraps;soured cream;iceberg lettuce;cucumber;black pepper;
Easy veggie chilli ;rapeseed oil;onion;garlic;chilli;cumin;paprika;chilli powder;chopped tomatoes;tomato purée;vegetable stock;pepper;pepper;carrot;kidney beans;cornflour;fresh coriander;pitta breads;cream;cheddar;soya mince;
Mexican tortilla baskets;red lentils;rapeseed oil;onions;garlic;chilli;cumin;coriander;paprika;black pepper;tomato purée;passata;vegetable stock;courgettes;black beans;sunflower oil;avocados;lime;coriander;cheddar;Little Gem lettuce;tortillas;tomatoes;
Vegetarian chilli tacos;olive oil;onion;garlic;celery;chillies;tomato purée;cocoa powder;vegetable stock;kidney beans;black pepper;cheese;fresh coriander;yoghurt;portobello mushrooms;taco shells;
Vegetable chilli with tortilla chips;sweet potatoes;chilli powder;paprika;cinnamon;olive oil;red onions;celery;carrots;garlic;chilli;pepper;pepper;chestnut mushrooms;aubergine;coriander;cumin;chilli sauce;tomatoes;Worcestershire sauce;Tabasco;red wine vinegar;vegetable stock;fresh coriander;black pepper;vegetable oil;flour tortillas;
Vegetarian aubergine gorditas;aubergine;garlic;thyme;olive oil;onion;chopped tomatoes;pepper;demerara sugar;tomato purée;lime;fresh coriander;black pepper;chipotle;onion;garlic;oregano;thyme;cumin;Tabasco;chillies;olive oil;white wine vinegar;balsamic vinegar;tomato purée;soy sauce;demerara sugar;lime;olive oil;onion;garlic;chilli;beans;fresh coriander;parsley;fresh coriander;red onion;chilli;lime;tomato;flour;baking powder;olive oil;water;water;salt;
Chipotle pork tacos;butter;red onion;carrot;pepper;bay leaves;cumin;cinnamon;brown sugar;pork mince;fresh coriander;cloves;chilli;smoked paprika;allspice;chipotle;vinegar;lemon;passata;black pepper;manchego;vegetable oil;flour tortillas;spring onions;chilli;apple;avocados;lemon;fresh coriander;
Homemade soft tacos with beef and black beans;vinegar;caster sugar;sea salt;red onion;plain flour;sea salt;olive oil;rapeseed oil;red onion;pepper;pepper;garlic;paprika;cumin;dried chilli;oregano;beef;beef stock;tomatoes;red onion;chilli;garlic;lime juice;coriander;sea salt;pepper;black beans;olive oil;red onion;garlic;smoked paprika;cumin;chilli powder;lime juice;honey;sea salt;avocados;tomato;red onion;chilli;coriander;lime;salt;dried chilli;
Easy vegetarian tacos;beans;beans;beans;beans;peas;chopped tomatoes;oregano;tomato purée;tacos;avocado;lemon;coriander;Cheddar;soured cream;red chilli;
Tortilla soup;tomatoes;garlic;lard;onions;chipotles;oregano;chicken stock;salt;black peppermill;chicken;avocado;lime;chipotle;feta;soured cream;fresh coriander;vegetable oil;tortillas;
Vegetarian fajitas ;vegetable oil;onion;chilli;garlic;cumin;kidney beans;vegetable stock;lime;coriander;tomatoes;red onion;lime;coriander;yoghurt;coriander;tortillas;
Chicken fajitas;red onion;tomatoes;fresh coriander;black pepper;olive oil;red onion;pepper;pepper;chicken breasts;paprika;chilli powder;cumin;oregano;iceberg lettuce;garlic;tortillas;
Chicken burritos;limes;garlic;olive oil;oregano;chilli;brown sugar;chicken thighs;black pepper;chipotles;soured cream;mayonnaise;tomatoes;onion;coriander;chilli;lime;chilli;onion;avocado;lime;coriander;flour tortillas;mozzarella;soured cream;Little Gem lettuce;lime;rice;
Steak fajitas;sirloin;sunflower oil;peppers;peppers;red onions;cumin;coriander;paprika;kidney beans;cherry tomatoes;chilli;chilli;fresh coriander;lime;Little Gem lettuces;yoghurt;black pepper;tortillas;
Mexican fish with refried beans;coriander;chives;garlic;olive oil;salt;lime;chilli;chillies;chillies;tomato;olive oil;onion;cloves;oregano;cumin;salt;lard;onion;garlic;chilli;pinto beans;oregano;salt;soured cream;mayonnaise;salsa;lime;sea bass;
Tortilla towers;oregano;cumin;smoked paprika;limes;chicken thighs;tomatoes;red onion;chillies;garlic;olive oil;chipotle;coriander;limes;pepper;avocados;soured cream;lime;lemon;olive oil;flour tortillas;soured cream;cheese;coriander;spring onions;salt;red chilli;salt;
Fried eggs and green salsa on tortilla chips (chilaquiles);onion;chillies;garlic;chicken stock;tomatillos;salt;eggs;feta;shallot;coriander;soured cream;sunflower oil;tortillas;
Mexican tortilla bake;olive oil;onions;beef mince;chilli;pepper;garlic;cumin;coriander;tomato purée;mango chutney;chopped tomatoes;fresh coriander;black pepper;wraps;mascarpone;mozzarella;cheddar;
Fish tacos;red onion;limes;mayonnaise;sweetcorn;chilli;fresh coriander;salt;white fish;cumin;paprika;sea salt;garlic;olive oil;avocados;lime;salad leaves;fresh coriander;limes;hot sauce;tortillas;
Sardines in tortillas with spicy tomato sauce and refried beans;olive oil;onion;garlic;oregano;chilli;passata;sardines;corn oil;pepper;avocado;black beans;onions;garlic;bay leaf;oregano;lard;chilli;salt;tortillas;
Corn tortilla;salt;olive oil;masa harina;water;
Beef chilli with bitter chocolate ;vegetable oil;beef mince;onion;red onion;celery;chipotle;dried chilli;chilli powder;oregano;brown sugar;chopped tomatoes;beef stock;kidney beans;black pepper;chocolate;fresh coriander;rice;soured cream;spring onions;beef steak;black-eyed beans;
Lighter chilli con carne with cauliflower 'rice' ;cauliflower;olive oil;black pepper;rapeseed oil;onion;garlic;mince;chopped tomatoes;tomato purée;chilli powder;kidney beans;
Carne con chile;chillies;tomatoes;garlic;lard;braising steak;onion;cumin;oregano;allspice;bay leaf;salt;chipotles;coriander;soured cream;Lancashire cheese;avocado;onion;radishes;tortillas;
Hot red chilli sauce;chillies;garlic;tomatoes;vinegar;cumin;allspice;allspice;oregano;salt;brown sugar;pepper;
Deep-fried coconut prawns;prawns;prawns;plain flour;baking powder;egg;breadcrumbs;desiccated coconut;corn oil;black pepper;papaya;chilli;shallot;garlic;vinegar;ginger;lime;orange;brown sugar;allspice;salt;water;
Chilli chocolate truffles (Trufas de chocolate y chile pasilla);chilli;double cream;salt;cayenne pepper;dark chocolate;cocoa powder;plain flour;caster sugar;baking powder;salt;egg;milk;corn oil;clotted cream;strawberries;
Chicken mole poblano;chillies;chillies;white bread;sesame seeds;almonds;coriander seeds;black peppercorns;cinnamon;corn oil;plantain;currants;onion;garlic;cloves;oregano;chicken stock;dark chocolate;chicken breasts;sesame seeds;salt;lettuce;tortillas;
Turkey enchiladas;olive oil;onion;garlic;chopped tomatoes;oregano;oregano;black pepper;olive oil;garlic;red onion;pepper;courgette;turkey mince;cheddar;tortillas;
Buñuelos with spiced guava syrup;plain flour;baking powder;caster sugar;salt;egg;vanilla extract;butter;vegetable oil;cinnamon;cinnamon;orange;star anise;allspice;lime;orange;salt;cornflour;guavas;sugar;
Marinated ribs with tomatillo salsa, guacamole and tortilla chips;beef ribs;coriander;limes;shallots;oil;cumin;coriander;garlic;chilli;garlic;coriander;white wine vinegar;sugar;salt;avocado;chilli;red onion;lime juice;coriander;vegetable oil;corn on the cobs;tomatillos;tortillas;
Quick beany enchiladas;sunflower oil;onion;onion;peppers;pepper;chopped tomatoes;kidney beans;lemon juice;fresh coriander;flour tortillas;cheddar;black pepper;
Spicy black bean quesadilla;black beans;cumin;oregano;dried chilli;spring onions;pepper;cheddar;black pepper;flour tortillas;garlic;vegetable oil;fresh coriander;avocado;lime;lime;salt;pumpkin seeds;
Tropical churros;mango;lemon juice;passion fruits;egg;egg yolk;caster sugar;butter;double cream;desiccated coconut;caster sugar;milk;salt;butter;coconut;coconut oil;plain flour;sunflower oil;vanilla paste;
Lime and chipotle black bean tacos;garlic;olive oil;cinnamon;cumin;chipotle;black beans;black pepper;cherry tomatoes;chilli;fresh coriander;lime;olive oil;avocado;chilli;lime;eggs;manchego;radishes;yoghurt;coriander;chilli sauce;tortillas;
Crisp sea bass tortillas with pink pickled onion;red onion;oregano;peppercorns;limes;orange;salt;sea bass;salt;chilli powder;avocados;mayonnaise;fresh coriander;chilli;salt;olive oil;lime;tortillas;
Real guacamole;chillies;coriander;tomatoes;salt;onion;lime;avocados;
Grilled vegetable wraps with salsa and guacamole;garlic;onion;chilli;fresh coriander;avocados;lime;garlic;onion;chilli;fresh coriander;courgette;pepper;pepper;flour tortillas;coriander;lime;tomatoes;tomatoes;
One pot chilli con carne ;onion;garlic;olive oil;minced;beef stock;tomato purée;chopped tomatoes;ketchup;kidney beans;pepper;chilli seasoning;rice;
Spicy Mexican eggs (huevos rancheros);kale;onion;pepper;pepper;chilli;courgette;garlic;passata;olive oil;butter;eggs;black pepper;fresh coriander;chilli sauce;tortillas;
Spicy chilli con carne with guacamole;olive oil;onion;garlic;bay leaves;rosemary;cumin;chilli;chilli powder;beef mince;chopped tomatoes;honey;beef stock;black pepper;avocado;red onion;cucumber;lemon;fresh coriander;rice;
Raw salsa;tomatoes;onion;coriander;salt;lime juice;mild chillies;water;
Hot chocolate;vanilla pod;cinnamon;milk;sugar;nutmeg;chocolate;
Chilli beef cornbread pies;sunflower oil;shin;onion;garlic;chilli;oregano;cocoa powder;tomato purée;chopped tomatoes;beef stock;black pepper;kidney beans;peppers;plain flour;salt;butter;eggs;buttermilk;chilli;baking powder;Cheddar;cornmeal;
