Prinsesstårta;milk;vanilla pod;egg yolks;caster sugar;cornflour;butter;raspberries;sugar;eggs;caster sugar;cornflour;plain flour;baking powder;butter;icing;icing sugar;double cream;dark chocolate;ground almonds;caster sugar;icing sugar;eggs;almond extract;food colouring;food colouring;
Salted caramel and apple rolls;cream;apples;salt;milk;butter;flour;salt;yeast;oil;caster sugar ;water;
Vegan cinnamon buns;strong white flour;cornflour;yeast;caster sugar;cardamom;salt;almond milk;margarine;margarine;golden syrup;brown sugar;salt;brown sugar;cinnamon;pecans;apple butter;
Icelandic breaded lamb chops with spiced red cabbage;butter;onion;red cabbage;Bramley apple;red wine vinegar;blueberries;brown sugar;redcurrant jelly;cloves;cinnamon;black pepper;salt;lamb chops;plain flour;eggs;breadcrumbs;butter;rapeseed oil;new potatoes;butter;parsley;salt; pepper;
Finnish split pea soup;split peas;bicarbonate of soda;ham;onions;mace;bay leaves;carrot;mustard;double cream;black pepper;
Cinnamon buns;butter;milk;salt;plain flour;strong white flour;yeast;cardamom;caster sugar;eggs;olive oil;butter;caster sugar;cinnamon;egg;
Kroppkakor (Swedish dumplings);potatoes;potatoes;plain flour;egg yolks;sea salt;butter;mushrooms;shallots;garlic;thyme;allspice;black pepper;butter;lingonberries;sugar;wild mushrooms;
Swedish Christmas Glögg;red wine;cinnamon;ginger;Seville orange;cardamom;cloves;sugar;flaked almonds;raisins;cognac;
Norwegian tuna pasta bake;butter;caraway seeds;plain flour;milk;cream cheese;black pepper;onion;tinned tuna;macaroni;breadcrumbs;anchovy fillets;
Cod gratin;leeks;carrots;onion;butter;cod;plain flour;white wine;black pepper;white wine vinegar;shallots;tarragon;bay leaf;peppercorns;egg yolks;butter;
Cod fish cakes ('frikadeller') with remoulade;cod;whipping cream;lemon;egg;plain flour;salt;black peppermill;dill;capers;butter;egg yolk;white wine vinegar;salt;olive oil;mayonnaise;capers;gherkin;onion;lemon juice;Dijon mustard;curry powder;chives;tarragon;whipping cream;
Rye bread;milk;brown sugar;yeast;rye flour;strong white flour;sea salt;caraway seeds;sunflower oil;water;
Cardamom and lemon cookies;butter;caster sugar;lemon;plain flour;ground almonds;cardamom;cardamom;
Herring with dill and mustard potato salad;limes;white wine;peppercorns;bay leaves;white wine vinegar;salt;herring;new potatoes;mayonnaise;dill;wholegrain mustard;lemon;curry paste;black pepper;dill;lemon;water;
Jansson's frestelse (Jansson’s temptation);potatoes;butter;onion;pepper;single cream;milk;breadcrumbs;tinned sprat fillets;
The Hairy Bikers' trout almondine;trout;trout;milk;ground almonds;flour;olive oil;butter;flaked almonds;parsley;capers;lemon;
Savoury pies with Jarlsberg cheese and ham (Norwegian pierogi);sugar;yeast;plain flour;milk;salt;butter;egg;oil;olive oil;onion;garlic;ham;cheese;parsley;caraway seeds;sea salt;black pepper;water;eggs;
Rye crispbread;rye flour;salt;baking powder;anise;honey;butter;egg white;anise;
Swedish meatballs with cream sauce;olive oil;onion;garlic;minced;breadcrumbs;egg;single cream;allspice;nutmeg;butter;flour;white wine;beef stock;single cream;redcurrant jelly;dill;anchovy fillets;salt; pepper;
St Lucia buns;milk;saffron;butter;flour;salt;yeast;caster sugar;quark;vegetable oil;egg yolk;raisins;
Finnish pancakes;plain flour;baking powder;caster sugar;salt;eggs;milk;butter;icing sugar;compôte;crème fraîche;
Almond rice pudding and cherry compôte;milk;pudding rice;butter;caster sugar;vanilla pod;almonds;cherries;caster sugar;lemon;arrowroot;kirsch;double cream;
Speculaas biscuits (traditional continental Christmas biscuits);plain flour;cinnamon;ground ginger;nutmeg;baking powder;salt;milk;butter;candied peel;flaked almonds;muscovado sugar;
Swedish-style mini-meatballs;olive oil;onion;oregano;celery;cumin;pork mince;egg yolk;plain flour;mustard;black pepper;olive oil;garlic;passata;black pepper;emmental;
Swedish Lucia rolls;saffron;milk;strong white flour;yeast;salt;caster sugar;butter;Quark;egg yolk;raisins;
Codfish (klippfisk) soup;salt cod;rosemary;mustard seeds;allspice;white peppercorns;cloves;garlic;leek;onion;carrots;butter;milk;soured cream;rosemary;water;
