Moroccan fish stew;olive oil;onion;garlic;ginger;cumin;turmeric;cinnamon;cayenne pepper;plum;salt;white fish;chickpeas;honey;black pepper;fresh coriander;flaked almonds;
Moroccan grilled chicken;chicken;olive oil;garlic;cumin;turmeric;paprika;chilli;coriander;parsley;spring onions;lemon;lemon;
Slow-cooker lamb and sweet potato tagine;lamb neck;harissa;garlic;cumin;coriander;cinnamon;paprika;onion;dried apricots;olives;chopped tomatoes;chickpeas;sweet potatoes;chicken stock;yoghurt;coriander;sea salt;black pepper;couscous;lemon;cumin;paprika;red onion;peppers;chicken stock;cherry tomatoes;mint;
Moroccan vegetables with couscous;aubergines;oil;onion;cumin;coriander;chilli powder;cinnamon;chopped tomatoes;pepper;courgette;chickpeas;fresh coriander;vegetable stock;lemon;pistachio;yoghurt;vegetable stock;couscous;lemon;fresh coriander;black pepper;
Moroccan-style chicken with couscous and yoghurt;onion;garlic;chicken stock;black pepper;chicken breasts;chopped tomatoes;cinnamon;ground ginger;dried apricots;honey;coriander;couscous;yoghurt;
Butternut squash tagine with couscous;olive oil;onion;garlic;cayenne pepper;ground ginger;cumin;cinnamon;turmeric;butternut squash;chopped tomatoes;vegetable stock;preserved lemons;honey;black pepper;couscous;vegetable stock;lemons;flaked almonds;parsley;olive oil;coriander;coriander;
Moroccan-style chicken casserole;garlic;salt;smoked paprika;turmeric;cumin;chicken thighs;olive oil;onions;lemon;saffron;olives;fresh coriander;glug olive;
Shakshuka traybake;peppers;peppers;red onion;aubergine;tomatoes;chilli;cumin;paprika;olive oil;eggs;black pepper;fresh coriander;pitta breads;
Harissa spiced lamb with cannellini beans;olive oil;cumin;coriander;lamb neck;ginger;onions;white wine;chopped tomatoes;tomato purée;honey;harissa;lemon;cannellini beans;black pepper;
Spiced vegetable tagine;sweet potato;aubergine;courgettes;pepper;sunflower oil;onion;garlic;coriander;cumin;chopped tomatoes;harissa;honey;dried apricots;chickpeas;fresh coriander;black pepper;
Moroccan flatbread wraps with harissa;plain flour;cumin;cinnamon;salt;garlic;cumin;thyme;olive oil;aubergine;courgette;pepper;tomatoes;olives;lemon;rocket;chillies;garlic;fresh coriander;lemon;olive oil;coriander;water;lamb leg;
Lamb tagine with chickpeas;leg of lamb;ground ginger;cumin;olive oil;onion;carrots;sage;cinnamon;black peppercorns;chicken stock;courgettes;aubergine;potatoes;chickpeas;couscous;butter;chicken stock;fresh coriander;parsley;salt; pepper;
Shakshuka;olive oil;onions;peppers;peppers;garlic;cumin;caraway seeds;cayenne pepper;tomatoes;fresh coriander;parsley;eggs;feta;yoghurt;black pepper;pepper;
Easy chicken tagine;chicken breast;chicken thighs;harissa;vegetable oil;onion;garlic;cinnamon;cumin;ground ginger;turmeric;chilli;chicken stock;dried apricots;chopped tomatoes;chickpeas;black pepper;mint;parsley;couscous;yoghurt;flaked almonds;
Chicken bastilla;olive oil;chicken thighs;butter;onions;cloves;ground ginger;cinnamon;turmeric;saffron;chicken stock;eggs;ground almonds;dates;orange;orange;parsley;butter;filo pastry;egg;black pepper;icing sugar;cinnamon;
Marinated minty lamb kebabs;garlic;mint;mint sauce;yoghurt;lamb;couscous;onions;pepper;lemon;black pepper;
Moroccan baked eggs;olive oil;onion;garlic;ras-el-hanout;cinnamon;coriander;cherry tomatoes;coriander;eggs;black pepper;
Chicken leg tagine with prunes, apricots and roasted almonds;onions;garlic;coriander;parsley;olive oil;lemon;black pepper;ground ginger;cinnamon;turmeric;chicken legs;saffron;chicken stock;prunes;sugar;dried apricots;almonds;
Baklava bites;pistachio;caster sugar;cinnamon;filo pastry;cornflour;butter;honey;caster sugar;lime;cinnamon;limes;pistachio;
Pistachio and rose ice cream;pistachios;milk;sugar;egg yolks;double cream;water;rose petals;
Chicken and lemon tagine with herby tabbouleh;butter;chicken;onions;garlic;ginger;cinnamon;ras-el-hanout;salt;black pepper;turmeric;cinnamon;saffron;honey;chicken stock;dates;black pepper;parsley;bulgur wheat;red onion;tomatoes;parsley;mint;coriander;lemon juice;olive oil;lemon;
Dukkah lamb cutlets with quinoa salad;quinoa;parsley;mint;pepper;cucumber;red onion;olive oil;lemon;black pepper;cloves;fennel seeds;coriander seeds;cumin;paprika;turmeric;chilli;hazelnuts;pistachios;sesame seeds;honey;orange;black pepper;olive oil;lamb cutlets;
Slow cooker chickpea tagine;chickpeas;pepper;onion;butternut squash;courgettes;apricots;olive oil;garlic;paprika;ground ginger;cumin;passata;honey;harissa;coriander;yoghurt;salt; pepper;
Lamb, shallot and date tagine;leg of lamb;coriander seeds;ground ginger;saffron;olive;shallots;garlic;plain flour;tomato purée;cinnamon;lamb stock;parsley;coriander;dates;honey;lemon;
Moroccan lamb tagine with lemon and pomegranate couscous;olive oil;garlic;onions;ginger;coriander seeds;cinnamon;black pepper;lamb;tomato purée;honey;pomegranates;couscous;olive oil;lemons;chicken stock;black pepper;coriander;lime;yoghurt;;
Slow cooker chicken with lemon and olives;potatoes;onion;chicken legs;vegetable oil;lemon;garlic;chicken stock;olive oil;honey;parsley;salt; pepper;ras el hanout;yogurt ;
Chicken tagine;olives;olive oil;onion;chicken breasts;garlic;ras-el-hanout;saffron;ground ginger;black pepper;fresh coriander;parsley;vegetables;lemon;
Spiced North African-style eggs with homemade flatbreads;plain flour;salt;olive oil;olive oil;onion;pepper;garlic;chilli;chopped tomatoes;black pepper;eggs;feta;
Spiced mutton stew with apricots;mutton;hunza apricots;sunflower oil;garlic;onions;carrots;cinnamon;cumin;coriander seeds;cardamom;ginger;mace;beef stock;white wine;chutney;black pepper;rice;cumin;
