Spicy naan bread;strong white flour;salt;yeast;yoghurt;ghee;ghee;cayenne pepper;garam masala;cumin;fresh coriander;water;coriander;
Chana dal with tarka and tamarind ;garlic;turmeric;cinnamon;onion;ghee;salt;ghee;garlic;cumin;mustard seeds;chillies;curry leaves;tamarind;ginger;fresh coriander;chana daal;red chilli;chaat masala;
Lamb masala;lamb;garlic;black cardamom;cardamom;curry leaves;cassia bark;salt;vegetable oil;onions;ginger;garlic;salt;tomatoes;chillies;pepper;turmeric;coriander;tomato;coriander;curry masala;jeera masala;jeera masala;chapatis;
Saag gosht (lamb and spinach curry) with chapatis;vegetable oil;onions;garlic;ginger;tomato;chilli;turmeric;cumin;coriander;leg of lamb;spinach;fenugreek;garam masala;plain flour;salt;
Seekh kebabs with mint sauce;lamb mince;onion;chilli;garlic;ginger;egg;chilli;coriander;cumin;cinnamon;salt;fresh coriander;vegetable oil;chillis;mint;salt;pomegranate;yoghurt;
Mung dal saag;mung dal;vegetable oil;mustard seeds;turmeric;cumin;fennel seeds;ginger;chillies;curry leaves;spinach;spring onions;water;
Seekh kebabs and spicy chilli corn;onion;fresh coriander;chillies;mince;ginger;cloves;chilli powder;salt;vegetable oil;lemons;vegetable oil;garlic;fenugreek;chilli;chilli powder;turmeric;salt;chopped tomatoes;butter;garam masla;corn on the cob;
Pakistani chicken pulao;sunflower oil;cumin;red onions;ginger;garlic;chilli;yoghurt;basmati rice;salad leaves;raita;chicken;tomato;red onion;cloves;coriander seeds;cinnamon;cardamom;cardamom;black peppercorn;cloves;bay leaf;salt;
Roti;self-raising flour;salt;vegetable oil;
Chicken and spinach balti;ginger;garlic;salt;lime;chilli powder;turmeric;cumin;chicken breasts;yoghurt;sunflower oil;red onion;tomato purée;double cream;spinach;fresh coriander;basmati rice;coriander;tomatoes;water;
Vegetable pakoras;self-raising flour;chilli powder;garam masala;lemon juice;onions;spring onions;spinach;fresh coriander;chilli;salt;sunflower oil;flour;tandoori masala;potatoes;
Instant Punjabi-style pickle;brown sugar;vinegar;vegetable oil;garlic;ginger;cauliflower;carrots;turnips;mustard seeds;salt;chilli powder;garam masala;
Crunchy palak paneer;clarified butter;onions;ginger;garlic;cumin;coriander;turmeric;fenugreek;chilli;salt;chopped tomatoes;sugar;garam masala;semolina;paneer;vegetable oil;spinach;fresh coriander;lemon juice;
Meatball curry;beef mince;garlic;onion;black pepper;garam masala;egg;rapeseed oil;cumin;ginger;chopped tomatoes;tomato purée;turmeric;rice;water;
Extra special beef biryani ;milk;saffron;braising steak;onions;cloves;ginger;chillies;cloves;cumin;coriander seeds;cinnamon;cardamom;sea salt;nutmeg;sunflower oil;yoghurt;bay leaves;caster sugar;basmati rice;fresh coriander;butter;sultanas;flaked almonds;eggs;black pepper;fresh coriander;
