Piri-piri roast chicken;chicken;black pepper;chicken stock;garlic;chillies;ginger;vegetable oil;red wine vinegar;soy sauce;Tabasco;smoked paprika;oregano;caster sugar;lime;red onions;new potatoes;lime;caster sugar;olive oil;salad leaves;
Pork and clams;peppers;sea salt;olive oil;pork fillet;garlic;smoked paprika;white wine;olive oil;onion;tomato;clams;coriander;black pepper;massa de pimentão;
Easy piri-piri chicken;onion;garlic;lemons;Worcestershire sauce;chillies;chillies;white wine vinegar;smoked paprika;oregano;brown sugar;salt;parsley;chicken;
Piri-piri prawns and harissa couscous;seeds;dried chilli;lemon;garlic;smoked paprika;olive oil;red wine vinegar;salt;black pepper;prawns;couscous;harissa;pomegranate;lemon;red onion;pomegranate;coriander;lemon;water;baharat spice mix;
Almond tart;plain flour;butter;caster sugar;egg yolk;flaked almonds;butter;caster sugar;milk;
Easy Portuguese custard tarts ;caster sugar;cinnamon;lemon;plain flour;cornflour;milk;egg yolks;vanilla pod;puff pastry;
Portuguese custard tarts;butter;egg yolks;caster sugar;cornflour;vanilla pod;milk;double cream;puff pastry;plain flour;icing sugar;
Caldo verde (Portuguese cabbage soup);onions;garlic;olive oil;chorizo;potatoes;chicken stock;black pepper;bay leaves;cabbage;olive oil;
