Quinoa salad with mint and mango;quinoa;mint;fresh coriander;mango;olive oil;lemon;spring onions;
Spiced beef empanadas;plain flour;baking powder;salt;butter;lard;eggs;olive oil;onion;pepper;minced;paprika;chilli powder;raisins;olives;cumin;salt;vegetable oil;
Chicken and chorizo empanadas;chicken thighs;olive oil;onion;garlic;chorizo;cumin;raisins;pepper;butter;plain flour;salt;egg;egg;
Feijoada ;black beans;olive oil;onion;garlic;bacon;pork belly;sausage;black pepper;dried chilli;pork ribs;pork ribs;
Barbecued sirloin with chimichurri sauce;seeds;garlic;parsley;oregano;salt;red wine vinegar;olive oil;sirloin;black pepper;water;
Salmon ceviche with fennel salad;salmon;rock salt;grapefruit juice;zest;lime juice;caster sugar;coriander;fennel;salad leaves;red chillies;
