Chicken and chorizo paella;oil;chicken;chorizo;onion;garlic;peppers;chillies;smoked paprika;chicken stock;rice;clams;parsley;
Patatas bravas;potatoes;olive oil;black pepper;chopped tomatoes;chillies;garlic;parsley;
Fried chicken wings with peas, serrano ham and eggs;chicken wings;sunflower oil;garlic;sea salt;olive oil;dried chillies;paprika;sherry vinegar;olive oil;shallots;garlic;peas;chicken stock;Serrano ham;black pepper;eggs;
Spanish omelette;potatoes;olive oil;onion;eggs;black pepper;
Lunchbox chorizo frittata;rapeseed oil;onion;pepper;chorizo;eggs;milk;garlic;potatoes;peas;parsley;salad;black pepper;
Simple chorizo and bean stew;rapeseed oil;chorizo;onion;garlic;chopped tomatoes;cannellini beans;parsley;bread;black pepper;
Chicken and chorizo stew;chickpeas;oil;chicken thighs;chorizo;garlic;onion;sherry;chopped tomatoes;chicken stock;black pepper;olive oil;flaked almonds;coriander;
Basque chicken and chorizo pie;chicken thighs;smoked paprika;sea salt;black pepper;olive oil;onions;pepper;pepper;thyme;bay leaves;chorizo;garlic;tomatoes;flour;plain flour;baking powder;sea salt;butter;egg yolk;milk;water;
Chicken and chorizo casserole;vegetable oil;chicken thighs;onion;garlic;carrots;celery;chilli;red wine;chorizo;dry sherry;chopped tomatoes;chicken stock;chickpeas;black pepper;parsley;bread;
Fideuà ;tomatoes;garlic;onions;monkfish;lemon;salt;olive oil;monkfish;prawns;onions;garlic;squid;smoked paprika;mussels;mussels;black pepper;almonds;parsley;lemons;pepper;water;ñora peppers;noodles;
Roast pork;pork shoulder;olive oil;lemon;onions;salt;garlic;chilli;fennel seeds;cloves;black peppercorns;smoked paprika;cinnamon;thyme;thyme;oregano;oregano;olive oil;sherry vinegar;plain flour;sherry;
Easy patatas bravas  ;olive oil;smoked paprika;dried chilli;Tabasco;red wine vinegar;tomato;floury potatoes;olive oil;salt;
Gazpacho shots with pimenton and caraway seed twists;puff pastry;plain flour;olive oil;smoked paprika;caraway seeds;salt;cucumbers;celery;garlic;spring onions;peppers;peppers;tomatoes;passata;olive oil;balsamic vinegar;Tabasco;black pepper;chives;basil;
Pardina lentils with white wine, Serrano ham and pimentón;lentils;olive oil;garlic;onion;carrot;Serrano ham;smoked paprika;tomatoes;white wine;parsley;black pepper;
The Hairy Bikers' paella ;olive oil;chicken thighs;chorizo;garlic;tomatoes;smoked paprika;lemon;chicken stock;bay leaves;thyme;green beans;Calasparra rice;saffron;mussels;mussels;prawns;lemon;black pepper;
Chicken with rice (arroz con pollo);chicken leg;onion;carrot;celery;leek;garlic;bay leaves;parsley;olive oil;red onion;cumin;garlic;chilli;carrot;smoked paprika;tomatoes;pepper;lager;long-grain rice;peas;chicken breast;fresh coriander;limes;lime;water;
Flamenco eggs;olive oil;onion;garlic;serrano ham;smoked paprika;tomatoes;tomatoes;tomato purée;peas;green beans;eggs;chorizo;pepper;peppers;black pepper;bread;garlic;olive oil;parsley;
Vegetarian paella;vegetable oil;red onions;garlic;Calasparra rice;turmeric;smoked paprika;vegetable stock;rosemary;cherry tomatoes;peas;olive oil;parsley;artichoke;
Spanish garlic prawns;olive oil;garlic;chillies;smoked paprika;onion;prawns;prawns;
Chorizo tapas;olive oil;shallot;garlic;chorizo;bay leaves;red wine;olive oil;garlic;chorizo;salt;prawns;dry sherry;parsley;
Chicken stew with cider and chorizo;olive oil;chicken legs;chorizo;shallots;plain flour;cider;chicken stock;Dijon mustard;black pepper;double cream;celeriac;lemon juice;butter;single cream;salt;green beans;
Spanish tortilla ;olive oil;onion;pepper;potatoes;eggs;parsley;black pepper;
Easy Spanish chicken ;olive oil;chicken breasts;onion;pepper;courgette;chorizo;red wine;chopped tomatoes;butter beans;tomato purée;oregano;dried chilli;chicken stock;long-grain rice;green beans;parsley;black pepper;
Chickpea and chorizo stew;olive oil;onion;garlic;chorizo;paprika;chopped tomatoes;tomato purée;chickpeas;curly kale;black pepper;bread;water;
Gazpacho Hispaniola;passata;spring onions;garlic;cucumber;red onion;pepper;sherry vinegar;salt;olive oil;quails' eggs;basil;croûtons;
Spicy lamb albondigas (meatballs);white bread;milk;Serrano ham;lamb mince;garlic;cumin;coriander seeds;paprika;parsley;salt;black pepper;olive oil;olive oil;shallots;garlic;dried chillies;tomatoes;sherry;chicken stock;salt;black pepper;vegetable oil;potatoes;salt;olive oil;bay leaves;parsley;
Garlic mushrooms with sherry vinegar;olive oil;garlic;mushrooms;sherry vinegar;black pepper;olive oil;paprika;coriander;
Moorish meatballs;mince;garlic;coriander;cumin;paprika;cinnamon;cardamom;parsley;lemon;breadcrumbs;double cream;egg;olive oil;black pepper;olive oil;onion;garlic;cinnamon;cayenne pepper;cumin;turmeric;bay leaves;tomatoes;honey;yoghurt;parsley;floury potatoes;olive oil;garlic;sherry vinegar;honey;paprika;paprika;parsley;
Tumbet;aubergines;olive oil;courgettes;waxy potatoes;peppers;oregano;basil;olive oil;garlic;tomatoes;thyme;black pepper;sugar;
Chicken and chorizo rice;olive oil;chorizo;onion;chicken thigh;garlic;pepper;basmati rice;chicken stock;black pepper;
Lamb-stuffed aubergines with Moorish spices and Manchego cheese;aubergines;olive oil;onion;garlic;pepper;cumin;cinnamon;nutmeg;paprika;dried chillies;lamb mince;tomato;Manchego;black pepper;
Baked sea bream Rota-style;waxy potatoes;olive oil;onion;garlic;pepper;tomatoes;bay leaf;sea bream;lemon;dry sherry;parsley;black pepper;parsley;garlic;sea salt;
Rice with clams, prawns and aioli;olive oil;shallots;garlic;stock;parsley;salt;rice;clams;clams;prawns;garlic;salt;egg yolk;lemon juice;olive oil;
Prawns with garlic butter;olive oil;butter;prawns;garlic;black pepper;parsley;
Nigel Slater's gazpacho ;cucumber;pepper;pepper;tomatoes;shallots;garlic;white bread;olive oil;sherry vinegar;
Chicken with chorizo and potatoes;olive oil;chicken thighs;chorizo;new potatoes;red onion;oregano;lemon;black pepper;
Arroz verde;onion;fennel;celery;carrot;mushrooms;thyme;olive oil;shallots;garlic;stock;parsley;salt;clams;prawns;cloves;salt;egg yolk;olive oil;lemon sole;rice;
Pistachio and white chocolate churros;pistachios;icing sugar;milk;egg yolks;almond extract;butter;food colouring;white chocolate;sugar;butter;salt;plain flour;eggs;vanilla extract;vegetable oil;sugar;white chocolate;single cream;dark chocolate;liqueur;
Lettuce, anchovy and egg salad with a creamy vinaigrette;bread;olive oil;eggs;Little Gem lettuce;garlic;egg yolk;Dijon mustard;lemon juice;caster sugar;olive oil;black pepper;anchovy fillets;
Paella;chorizo;pancetta;garlic;onion;thyme;paprika;white wine;chicken stock;chicken;clams;peas;tomatoes;olive oil;garlic;prawns;squid;parsley;black pepper;pepper;red chillis;rice;
Spanish tomato bread;sourdough bread;garlic;tomatoes;olive oil;salt;
Hake with chorizo and potatoes (Merluza à la Gallega);olive oil;onions;garlic;paprika;chorizo;peppers;peppers;pepper;white wine;hake;black pepper;potatoes;water;
Catalan fish stew;olive oil;onion;fennel;chorizo;chilli;fennel seeds;garlic;paprika;thyme;saffron;plum;white wine;mussels;white fish;almonds;lemon;spring greens;bay leaves;water;
Spicy chorizo penne pasta;olive oil;onion;dried chilli;chorizo;garlic;fusilli;black pepper;basil;tomato;tomato;red wine;
Scallops and chorizo;chorizo;spring onions;chillies;scallops;honey;
Rustic Spanish bread (Pan Rustico);caster sugar;yeast;strong white flour;caster sugar;yeast;strong white flour;salt;olive oil;water;water;flour;
Baked Spanish risotto;cherry tomatoes;red onion;garlic;olive oil;risotto rice;chorizo;rosemary;chicken stock;saffron;prawns;black pepper;chicken thigh;
Roasted sea bass with chorizo, red onion and cherry tomatoes;olive oil;red onion;garlic;chorizo;thyme;olives;cherry tomatoes;black pepper;sea bass;thyme;olive oil;
Spanish-style tortilla;butter;olive oil;onions;Pink Fir Apple;spinach;eggs;pepper;
Trout croquettes;rainbow trout;butter;onion;plain flour;milk;tomato purée;tarragon;Dijon mustard;double cream;black pepper;eggs;breadcrumbs;ground almonds;sunflower oil;lemon;
Broad beans with jamon Ibérico;broad beans;garlic;olive oil;sherry vinegar;black pepper;jamon Ibérico;
