Prawn tom yum soup;prawns;vegetable stock;spring onion;chilli;mushrooms;lime;fish sauce;brown sugar;coriander;
Salmon traybake;lime;soy sauce;sugar;salmon;broccoli;green beans;pepper;garlic;ginger;spring onions;chilli;lime;soy sauce;olive oil;sesame oil;caster sugar;
Chicken satay noodles;soy sauce;cornflour;noodles;rapeseed oil;spring onions;peanut butter;chilli sauce;coconut milk;sugar;beans;sweetcorn;lime;carrot;spinach;cashew;coriander;turkey breast;
Thai chicken curry;chicken breasts;curry paste;sunflower oil;onions;ginger;plain flour;coconut milk;fish sauce;sugar;lemon;lime leaves;lime;water chestnuts;black pepper;sugar;
Beef rendang ;lemongrass;red onions;garlic;ginger;galangal;chillies;sunflower oil;cumin;coriander;turmeric;coconut milk;lime leaves;cinnamon;brown sugar;tamarind;soy sauce;sea salt;black pepper;coconut;beef steak;
Jungle chicken curry with rice;lime leaves;chicken stock;basmati rice;sunflower oil;chicken breasts;pepper;green beans;sweetcorn;curry paste;fish sauce;cornflour;spinach;basil;
Vegetable Thai red curry;rice;red onions;garlic;lemongrass;chillies;fresh coriander;chilli powder;galangal;lime;lime leaves;paprika;turmeric;cumin;vegetable oil;vegetable oil;leek;garlic;chilli;curry paste;lime leaves;carrots;chopped tomatoes;coconut milk;vegetable stock;cauliflower;butternut squash;French beans;bamboo shoots;fresh coriander;beansprouts;shrimp paste;
Thai steamed salmon;coriander;mint;ginger;garlic;salt;chilli;limes;fish sauce;salmon;bok choi;basmati rice;chilli;coriander;salt;lime;
Bang bang turkey;soy sauce;lime juice;brown sugar;chilli powder;five-spice powder;turkey;nut;shallots;garlic;ginger;chillies;stock;coconut milk;peanut butter;soy sauce;rice wine;brown sugar;lime juice;cabbage;carrot;courgette;radishes;pepper;spring onions;chillies;coriander;mint;peanuts;kecap manis;
Tofu mee goreng noodles ;pak choi;cornflour;sunflower oil;tofu;onion;garlic;broccoli;broccoli;pepper;carrot;rice noodles;ketjap manis;chilli paste;cashew;
Thai fish curry ;basmati rice;rapeseed oil;onion;garlic;chillies;ginger;curry paste;aubergine;spinach;coconut milk;fish sauce;soy sauce;white fish;limes;coriander;
Beef rendang with herby rice ;onion;ginger;galangal;garlic;lemongrass;turmeric;sunflower oil;cinnamon;cardamom;braising steak;lime leaves;zest;coconut milk;tamarind;coconut;coriander;sunflower oil;cinnamon;cardamom;basmati rice;fresh coriander;salt;shallots;chilli;red chillies;water;
Vegan Thai red curry;coconut milk;vegetable stock;sweet potatoes;pumpkin;spring onions;French beans;courgette;peppercorns;cumin;coriander seeds;bird's-eye chillies;shallots;garlic;ginger;lemon;zest;cinnamon;turmeric;vegetable oil;chilli oil;sugar;salt;vegetable oil;basmati rice;fresh coriander;lime;chilli;
Pad Thai;rice noodles;garlic;coriander;chilli;limes;sunflower oil;prawns;spring onions;beansprouts;fish sauce;brown sugar;eggs;lime;sesame seeds;
Chicken pad Thai;rice noodles;garlic;fresh coriander;chilli;limes;sunflower oil;chicken breast;spring onions;fish sauce;brown sugar;eggs;peanuts;bean sprouts;
Nadiya's pad Thai;rice wine;palm sugar;papaya;tamarind;fish sauce;turmeric;soy sauce;limes;mussels;vegetable oil;rice noodles;shallots;chillies;squid;lime;celery;cashew;chilli;
Easy pad Thai;noodles;eggs;garlic;prawns;fish sauce;ketchup;lime juice;dried chilli;brown sugar;peanuts;coriander;lime;shrimps;vegetable oil;bean sprouts;spring onion;
Slow cooker massaman curry;new potatoes;shin;curry paste;fresh coriander;ginger;coconut milk;sugar;lime;fish sauce;lime leaves;peanuts;
Slow cooker chicken pho;onion;garlic;ginger;dried chilli;five-spice powder;soy sauce;chicken;fish sauce;rice noodles;spring onions;beansprouts;fresh coriander;chilli;lime;
Tofu Thai green curry;shallots;sesame oil;chilli;curry paste;stock;coconut milk;fish sauce;aubergine;lime leaves;tofu;pepper;mangetout;lime;lime;fresh coriander;basmati rice;corn;
Oriental vegetable kebabs with peanut dressing;pepper;pepper;cherry tomatoes;salad;courgettes;sunflower oil;basmati rice;soy sauce;garlic;sugar;ground ginger;black pepper;sunflower oil;shallot;chilli powder;garlic;brown sugar;peanuts;coconut milk;lemon;kebab skewers;
Vegetable Thai curry;olive oil;curry paste;root vegetables;creamed coconut;vegetable stock;rice;black pepper;
Malaysian-spiced noodles with tofu;ginger;lemongrass;chillies;shallots;garlic;turmeric;salt;vegetable oil;coconut milk;vegetable stock;vegetable oil;tofu;oyster mushrooms;sugar;noodles;fresh coriander;lime;peanuts;
Coconut and chocolate balls;palm sugar;rice flour;sesame seeds;vegetable oil;cocoa powder;desiccated coconut;sesame seeds;sesame oil;palm sugar;coconut milk;water;
Apple momos;apples;ghee;brown sugar;cinnamon;ground almonds;lemon;walnuts;plain flour;vegetable oil;ghee;brown sugar;double cream;saffron;biscuits;
Simple Thai noodle soup;ginger;chillies;lemongrass;garlic;fresh coriander;vegetable oil;coriander seeds;turmeric;vegetable stock;rice noodles;coconut milk;prawns;fish sauce;
Paris-Brest wheels;sugar;salt;butter;bread;eggs;peanuts;mango;basil;caster sugar;honey;bicarbonate of soda;peanuts;caster sugar;double cream;vanilla paste;
Rainbow noodles;noodles;vegetable oil;pepper;spring onions;garlic;carrots;courgette;soy sauce;chilli sauce;lime;vegetable stock;peanuts;fresh coriander;chilli;
Veggie Thai aubergine curry;sunflower oil;aubergines;onion;garlic;ginger;lemongrass;cardamom;cumin;coriander seeds;turmeric;nutmeg;caster sugar;coconut milk;chicken stock;chilli;spinach;fish sauce;fish sauce;lemon juice;Thai basil;sea salt;rice;peanut butter;
Thai green curry;vegetable oil;brown sugar;lemongrass;chicken;lime leaves;coconut milk;fish sauce;coriander;lime;
Khao soi noodles ;curry paste;chicken;curry powder;coconut milk;chicken stock;palm sugar;fish sauce;noodles;nut;soy sauce;spring onions;red onion;fresh coriander;limes;
Thai chicken noodle salad;chicken breasts;ginger;cloves;soy sauce;tamarind;lime;basil;limes;palm sugar;soy sauce;garlic;ginger;fish sauce;chillies;rice noodles;spring onions;carrots;basil;mint;coriander;peanuts;
Thai green chicken curry;vegetable oil;curry paste;chicken;coconut milk;lime leaves;fish sauce;caster sugar;green beans;asparagus;black pepper;fresh coriander;rice;
Chicken and aubergine massaman curry;coconut milk;chicken stock;red onion;curry paste;cinnamon;chicken breasts;green beans;aubergine;cashew;chilli;spring onion;limes;
Panang chicken stir-fry;rice;olive oil;chicken breasts;honey;onion;courgette;pepper;celery;ginger;garlic;curry powder;soy sauce;chilli sauce;lime;black pepper;lime;
Stir fry lime and coconut chicken;chicken breasts;zest;olive oil;coconut milk;fish sauce;pepper;fresh coriander;spring onions;brown rice;
Chargrilled sea bass summer rolls with pineapple dipping sauce;garlic;chilli;ginger;dill;sugar;lemon juice;fish sauce;lemongrass;spring roll wrappers;carrots;pineapple;cucumber;courgette;dill;pineapple;fish sauce;lemon juice;chilli;sea bass;rice;
Chicken satay;chicken breasts;soy sauce;dry sherry;salt;black pepper;cornflour;peanut butter;chilli;garlic;chilli oil;rice vinegar;soy sauce;salt;pepper;sugar;onions;cucumbers;groundnut oil;water;
Slow cooker chicken curry;onions;ginger;garlic;curry powder;dried chilli;turmeric;sunflower oil;chicken thighs;cinnamon;star anise;waxy potatoes;carrots;cornflour;coconut milk;green beans;black pepper;
Thai fish cakes;halibut;fish sauce;curry paste;galangal;lemongrass;coriander;egg;palm sugar;French beans;lime;plain flour;oil;rice wine;honey;lime;fish sauce;cucumber;carrot;shallot;banana;lettuce;lime;birds’-eye chillies;
Thai green curry paste;chillies;shallots;ginger;garlic;fresh coriander;lemongrass;lime;lime;lime;galangal;coriander seeds;cumin;black peppercorns;fish sauce;olive oil;
Ox cheek massaman curry;sunflower oil;coconut milk;curry paste;braising steak;peanut butter;chicken stock;new potatoes;red onion;chilli;lime leaves;cinnamon;cardamom;tamarind;brown sugar;fish sauce;limes;peanuts;Thai basil;rice;
Coconut chilli chicken;lemongrass;ginger;chillies;garlic;coriander;limes;nut;tomatoes;fish sauce;soy sauce;chicken thighs;coconut milk;apricots;
Thai beef and mixed pepper stir-fry;beef;sesame oil;garlic;lemongrass;ginger;pepper;pepper;onion;lime juice;black pepper;coriander;basmati rice;
Thai coconut-chilli prawns;galangal;ginger;lemongrass;garlic;chilli;limes;soy sauce;fresh coriander;coconut;prawns;coconut;lime;
Nasi goreng with lime and sugar barbecued chicken;garlic;white peppercorns;sugar;fish sauce;lime;chicken thighs;vegetable oil;garlic;shallots;peanuts;chillies;blachan;salt;long-grain rice;sunflower oil;shallots;eggs;black pepper;tomato purée;ketjap manis;soy sauce;cucumber;spring onions;black pepper;
How to make Thai green curry with prawns;coriander seeds;cumin;shallot;chillies;garlic;ginger;lemongrass;salt;fresh coriander;lime leaves;fish sauce;white pepper;vegetable oil;aubergine;coconut milk;curry paste;green beans;vegetable stock;caster sugar;fish sauce;prawns;lime;fresh coriander;jasmine rice;lime;
Stir-fried chilli pork;soy sauce;mirin;hoisin sauce;sesame oil;dried chilli;pork fillet;oil;garlic;chillies;spring onions;soy sauce;sugar;peanuts;jasmine rice;
Nice and spicy Thai minced chicken salad (Larb Gai);sunflower oil;chicken breasts;black pepper;fish sauce;lime;brown sugar;spring onions;cucumber;chillies;ginger;coriander;mint;peanuts;iceberg lettuce;
Singapore noodles;pork;soy sauce;dry sherry;brown sugar;sunflower oil;noodles;red onion;pepper;shiitake mushrooms;cloves;ginger;curry powder;prawns;spring onions;Chinese five spice powder;
Thai noodles with cinnamon and prawns;sunflower oil;garlic;ginger;star anise;cinnamon;celery;soy sauce;soy sauce;oyster sauce;white pepper;chicken stock;ketjap manis;prawns;cinnamon;cloves;rice;
Asian-braised shin of beef with hot and sour shredded salad;onions;ginger;garlic;coriander;vegetable oil;dry sherry;soy sauce;brown sugar;beef stock;oyster sauce;rice wine;cinnamon;star anise;shin;shin;carrots;spring onions;chilli;chilli;fresh coriander;lime;fish sauce;caster sugar;
Turkey salad with Chinese cabbage, beansprouts and Vietnamese mint;shallots;salt;turkey;Chinese cabbage;beansprouts;carrot;coriander;peanuts;black pepper;fish sauce;lime juice;rice vinegar;caster sugar;garlic;bird's-eye chillies;
Golden egg curry;chillies;chillies;shallots;ginger;turmeric;turmeric;vegetable oil;lemongrass;coconut milk;sea salt;tamarind;eggs;flatbreads;garlic;
Soy and honey chicken with coconut brown rice;honey;soy sauce;chicken thighs;brown rice;salt;sesame oil;rapeseed oil;bok choi;coconut oil;black sesame seeds;fresh coriander;pumpkin seeds;
Chilli beef rendang;shallots;ginger;lemongrass;lime leaves;garlic;chillies;beef;dried chillies;rapeseed oil;cardamom;star anise;cinnamon;cumin;coriander;coconut milk;beef stock;fish sauce;palm sugar;tamarind;limes;black pepper;rice;
Butternut squash and prawn curry with noodles;vegetable oil;curry paste;palm sugar;butternut squash;sweet potato;coconut milk;coconut cream;fish sauce;lemongrass;lime pickle;prawns;noodles;vegetable oil;chilli;garlic;shallots;beansprouts;coriander;basil;
Coconut fish curry;chilli;dried chilli;vegetable oil;lemon;fresh coriander;vegetable oil;onion;garlic;sweet potato;curry powder;cumin;cod;coconut milk;spinach;spinach;lime;salt;
Chilli and lemongrass chicken;lemongrass;chilli;garlic;fish sauce;chicken thigh;sunflower oil;chicken stock;caster sugar;broccoli;rice;mint;
Lemon and lime chicken with coriander-fried rice;chicken breasts;sesame oil;vegetable oil;soy sauce;garlic;lemon;black pepper;honey;sesame oil;eggs;soy sauce;spring onions;peas;peas;long-grain rice;black pepper;coriander;lime;groundnut oil;
Thai beef and mango salad;steaks;vegetable oil;soy sauce;carrots;spring onions;mango;lettuces;lettuce;peanuts;garlic;lime;caster sugar;chilli;
Tom yum soup;chicken stock;lemongrass;fresh coriander;galangal;seeds;lime leaves;limes;tamarind;tamarind;tamarind;tamarind;fish sauce;brown sugar;prawns;chicken breasts;fresh coriander;Thai basil;lime;water;red chillies;
South-East Asian vegetable and egg-fried rice;rice;rice;oil;eggs;soy sauce;chilli;courgette;peas;coriander;lime;black pepper;
Thai pork kebabs;coconut cream;curry paste;sugar;lime;fish sauce;pork;pork;red onions;limes;
Thai-style fishcakes;fish;salt;olive oil;vegetable oil;flour;lime leaves;chilli;ginger;garlic;lemongrass;potatoes;potatoes;fish sauce;fresh coriander;lime;lime;chilli sauce;
Vietnamese-style crayfish and noodle salad;rice noodles;cucumber;crayfish;pepper;beansprouts;spring onions;carrot;chilli;fresh coriander;mint;ginger;garlic;peanuts;black pepper;fish sauce;lime juice;sugar;sesame oil;
Hot and spicy Thai squid salad (Yam pra-muek);bird's-eye chillies;garlic;palm sugar;fish sauce;squid;garlic;chives;chives;spring onions;shallots;shallot;cherry tomatoes;cucumber;mint;Thai basil;ginger;vegetable oil;sesame oil;lime;
Chicken Thai red curry;tamarind;shallots;garlic;galangal;lemongrass;fresh coriander;white pepper;cumin;paprika;chicken breasts;coconut milk;curry paste;bamboo shoots;lime leaves;fish sauce;lemon juice;brown sugar;basil;basil;water;hot red chillies;lime;shrimp paste;coriander;groundnut oil;
Nigel Slater's Thai green curry;lemongrass;garlic;galangal;shallots;fresh coriander;cumin;zest;fish sauce;peppercorns;chicken breasts;chestnut mushrooms;coconut milk;chicken stock;lime leaves;fish sauce;peppercorns;basil;fresh coriander;green chillies;groundnut oil;
Thai lamb salad with spicy dressing;chillies;garlic;ginger;palm sugar;soy sauce;fish sauce;lamb;cucumber;peas;beansprouts;spring onions;mint;coriander;limes;pea shoots;sugarsnap peas;
Steamed sea bass with a rice noodle salad;bok choi;sea bass;ginger;lemongrass;sesame oil;soy sauce;rice noodles;spring onions;garlic;ginger;chilli;brown sugar;mint;fresh coriander;rice wine;lime juice;vegetable oil;
Vietnamese beef and lettuce wraps;steaks;steaks;chilli;lemongrass;garlic;soy sauce;caster sugar;spring onions;sesame oil;rice vinegar;caster sugar;lemongrass;garlic;lime;carrot;beansprouts;chilli;rice vinegar;sunflower oil;mint;coriander;Little Gem lettuce;lime;
Vegetable pad Thai;rice noodles;onions;spring onions;chillies;garlic;fish sauce;dry sherry;lime juice;soy sauce;salt;sugar;oyster sauce;fresh coriander;peanuts;groundnut oil;bean sprouts;
How to make Thai green curry paste;coriander seeds;cumin;shallot;chillies;garlic;ginger;lemongrass;salt;coriander;lime leaves;fish sauce;white pepper;
Haddock parcels and coconut rice;haddock;fresh coriander;chilli;shallot;lime;lime;lemongrass;rice;lime leaves;coconut milk;
Chilli pork with pineapple rice;sunflower oil;lime juice;garlic;chilli;pork fillet;spring onions;pineapple;red onion;lime;chilli sauce;black pepper;rice;
Super satay chicken;turmeric;cumin;chicken;peanuts;lemongrass;galangal;garlic;coconut milk;ketjap manis;dried chilli;lime;peppers;chillies;garlic;caster sugar;white wine vinegar;cornflour;limes;salt;chilli;spring onions;peanuts;chillies;cucumber;coriander;honey;soy sauce;sesame oil;limes;
Thai green prawn curry;oil;onion;garlic;ginger;seeds;turmeric;coconut milk;cardamom;cloves;curry leaves;cinnamon;fresh coriander;prawns;
Thai roast chicken;lemongrass;ginger;spring onions;chillies;chillies;chilli;turmeric;nut;chicken;
Thai fishcakes served with Thai cucumber salad;coley;pepper;coriander;spring onions;garlic;lemongrass;fish sauce;coconut milk;egg;green beans;vegetable oil;cucumbers;caster sugar;rice vinegar;shallots;coriander;peanuts;fish sauce;red chillies;hot chillies;
