Ras-el-hanout chicken wraps with a yoghurt sauce;chicken breasts;ras-el-hanout;olive oil;sea salt;pomegranate;lettuce;flour tortillas;yoghurt;mint;sumac;black pepper;
Healthy baked falafel;olive oil;onions;chickpeas;garlic;cumin;coriander;sea salt;coriander;parsley;plain flour;black pepper;olive oil;yoghurt;cucumber;garlic;mint;sea salt;sweetener;
Pomegranate and parsley tabbouleh;couscous;butter;garlic;tomatoes;carrot;pepper;spring onions;pomegranate;olive oil;lemon;parsley;salt;
Chunky halloumi chips ;halloumi;plain flour;paprika;garlic;egg;vegetable oil;soured cream;rock salt;mint;chilli;pomegranate;za’atar ;
Fattoush with crisp olive flatbread;cucumbers;cherry tomatoes;radishes;lettuce;spring onions;parsley;mint;olive oil;pitta bread;pomegranate molasses;sumac;olives;parsley;olive oil;lemon;
Lokanta stew;onion;peppers;tomatoes;thyme;olive oil;butter beans;allspice;green beans;black pepper;
Greens with giant couscous and tahini;vegetable stock;couscous;broccoli;green beans;kale;olive oil;pomegranate;tahini;lemon juice;sea salt;black pepper;
Chicken schnitzel;flour;smoked paprika;mustard powder;eggs;breadcrumbs;sesame seeds;chicken breasts;salt;vegetable oil;garlic;egg yolks;mustard;lemon juice;red cabbage;carrot;onion;apples;lemon juice;caraway seeds;vinegar;mayonnaise;sugar;sunflower oil;
Vine-baked feta;vine leaves;feta;lemon;garlic;Aleppo pepper;thyme;thyme;
Homemade doner kebab;rapeseed oil;lamb mince;garlic;cumin;coriander;onion;smoked paprika;sea salt;black pepper;iceberg lettuce;red cabbage;red onion;pepper;chilli sauce;yoghurt;chillies;brown pittas;
Vegetarian chickpea burgers;chickpeas;eggs;curry powder;breadcrumbs;vegetable oil;pepper;mango;spring onion;lime;mint;chilli;wholemeal pittas;
Falafel burger ;chickpeas;onion;garlic;cumin;parsley;chilli powder;plain flour;salt;fat;hummus;olive oil;lemon juice;tahini;buns;tomato;red onion;lettuce;potatoes;coriander;
Simple baba ganoush;aubergine;olive oil;onion;garlic;basil;olive oil;ciabatta;olive oil;
Muhammara (red pepper dip);walnuts;peppers;breadcrumbs;tahini;pomegranate molasses;olive oil;mint;salt; pepper;
Sticky chicken and vegetable kebabs with couscous;honey;soy sauce;vegetable oil;black peppercorns;chicken breast;garlic;peppers;courgette;cherry tomatoes;aubergine;couscous;lemon;black pepper;lemon;water;
Easy falafel ;olive oil;onion;garlic;chickpeas;cumin;herbs;lemon;black pepper;egg;olive oil;lemon;cucumber;tomatoes;tomatoes;lettuce;pitta breads;
Baked potatoes with Middle Eastern beans and greens;potatoes;olive oil;garlic;chard;cannellini beans;cumin;cumin;black pepper;yoghurt;tahini;garlic;lemon;
Turkish eggs;yoghurt;garlic;sea salt;butter;olive oil;Aleppo pepper;eggs;lemon;dill;sourdough toast;
Lemon hummus ;chickpeas;garlic;olive oil;lemons;yoghurt;cumin;black pepper;
Cumin and yoghurt chicken with cucumber and dill salad;yoghurt;coriander;lemon;cumin;olive oil;garlic;pepper;chicken;olive oil;cucumbers;lemon;olive oil;coriander;black pepper;
Lighter hummus with vegetable sticks;chickpeas;yoghurt;pepper;lemon;tahini;paprika;pepper;carrot;
Fattoush;olive oil;lemon;garlic;sumac;black pepper;pitta bread;tomatoes;cucumber;pepper;radishes;shallot;rocket;Little Gem lettuce;mint;
Oven-roasted chicken with sumac and pomegranate molasses;chicken;olive oil;sesame seeds;sumac;garlic;chilli;tomato;pomegranate;salt;
Edamame falafel with roasted veg;soya beans;red onion;garlic;coriander;ras-el-hanout;egg;sesame seeds;breadcrumbs;black pepper;olive oil;pepper;pepper;courgettes;aubergine;paprika;sherry vinegar;coriander;cucumber;garlic;yoghurt;lemon;mint;
Sticky lamb buns with pickled cucumber relish;cucumber;red onion;rice vinegar;caster sugar;sesame oil;nigella seeds;dill;pomegranate;lamb shoulder;harissa;honey;cumin;cinnamon;sea salt;bread rolls;
Bulgur wheat balls;bulgur wheat;eggs;red onion;turmeric;cumin;cinnamon;cayenne pepper;fresh coriander;cranberries;olive oil;yoghurt;tamarind;nigella seeds;fresh coriander;salt; pepper;
Turkish spiced chicken with flatbreads and green relish;olive oil;cinnamon;cayenne pepper;cumin;garlic;chicken thighs;black pepper;garlic;sea salt;chilli;chilli;coriander;mint;olives;olive oil;balsamic vinegar;lemon juice;plain flour;salt;ghee;cucumber;olive oil;white wine vinegar;Dijon mustard;lemon;yoghurt;leaves;
Quick hummus;chickpeas;lemon juice;garlic;cumin;salt;tahini;olive oil;paprika;pitta bread;water;
Baba ganoush;aubergines;garlic;lemon;tahini;olive oil;black pepper;parsley;
Maneesh;strong white flour;salt;caster sugar;yeast;olive oil;sesame seeds;thyme;marjoram;olive oil;water;
Lamb skewers with Turkish salad;lamb fillet;olive oil;oregano;lemon;paprika;pitta breads;black pepper;cucumber;tomatoes;pepper;red onion;mint;olive oil;feta;parsley;lemon;
Stuffed aubergine with feta and pomegranate;aubergines;garlic;olive oil;pomegranate;pomegranate molasses;feta;mint;black pepper;
Persian noodle soup;olive oil;onions;turmeric;garlic;chickpeas;brown lentils;haricot beans;vegetable stock;butter;linguine;spinach;parsley;fresh coriander;mint;soured cream;
Lebanese rice pudding;pudding rice;double cream;milk;caster sugar;vanilla pod;dried apricots;cinnamon;lemon;rosewater;orange;pistachios;rose petals;
Sucuk pide;salt;yeast;cheese;chilli;tomatoes;olive oil;flour;water;sucuk sausage;
Mussel pilav;rice;butter;olive oil;chicken stock;mussels;dill;orzo;
Lamb doner;lamb mince;lamb;garlic;sea salt;bicarbonate of soda;cumin;paprika;onion;oregano;dried chilli;black pepper;yoghurt;mint;salt;iceberg lettuce;cucumber;red onion;chillies;sweetener;tortillas;tomatoes;hot sauce;
Beef and aubergine fatteh ;pitta breads;yoghurt;tahini;lemons;garlic;sea salt;pomegranate;pine nuts;mint;olive oil;onion;aubergine;cumin;coriander;Aleppo pepper;sea salt;mince;
Butternut squash with Persian pistachio pesto, feta and pomegranate seeds;butternut squash;olive oil;black pepper;feta;pomegranate;pistachio;parmesan;olive oil;fresh coriander;parsley;dill;chilli oil;lemon;sea salt;
Kotlets with herb salad;potatoes;eggs;mince;onion;turmeric;cumin;nutmeg;cinnamon;vegetable oil;plain flour;sesame seeds;basil;parsley;mint;tomatoes;gherkins;cucumber;lemon;olive oil;salt; pepper;
Syrian-inspired brunch;bicarbonate of soda;flatbreads;beef tomato;pickles;parsley;lemon;black pepper;fresh coriander;parsley;garlic;cumin;coriander seeds;sesame seeds;vegetable oil;sumac;tahini;yoghurt;lemon juice;tahini;garlic;olive oil;yoghurt;lemon;vegetable oil;lamb;sumac;parsley;broad beans;parsley;beef tomato;lemon juice;pomegranate molasses;cumin;spring onions;pitta breads;sumac;olive oil;ice;
Citrus spiced salmon;sumac;cumin;cinnamon;orange;lime;olive oil;salmon;black pepper;lemon;rose petals;;
Carrot and coriander falafel;cumin;coriander seeds;chickpeas;black pepper;baking powder;plain flour;carrot;chilli;fresh coriander;garlic;parsley;lemon;vegetable oil;sesame seeds;yoghurt;fresh coriander;mint;lime;tahini;pitta breads;
Mackerel kebabs;mackerel;oregano;lemon;red wine vinegar;olive oil;chilli powder;red onions;lemon;
Spinach, feta and pine nut parcels;strong white flour;salt;yeast;olive oil;olive oil;garlic;spinach;feta;pine nuts;mint;black pepper;
Lebanese-spiced lamb flatbread;semolina;salt;caster sugar;yeast;vegetable oil;shallot;garlic;coriander;cumin;lamb mince;sultanas;chicken stock;yoghurt;chillies;black pepper;mint;coriander;flour;water;ground baharat spice mix;
Fesenjoon ;walnut;molasses;tomato purée;cinnamon;caster sugar;salt;black pepper;chicken thighs;pomegranate;rice;ice;
Baklava;filo pastry;butter;pistachios;sugar;cardamom;sugar;lemon juice;water;water;
Suriani home-style chicken curry (‘ishtu’);sunflower oil;cinnamon;cloves;cardamom;garlic;ginger;red onions;chillies;curry leaves;chicken;chicken;salt;black peppercorns;coconut milk;white wine vinegar;garam masala;basmati rice;vegetable oil;star anise;cardamom;bay leaves;onion;curry leaves;salt;sugar;white wine vinegar;coconut milk;
Middle Eastern lentils;olive oil;onions;garlic;cumin;chilli;green lentils;peppers;lemon juice;fresh coriander;mint;black pepper;flatbreads;yoghurt;
Apricot almond cake with rosewater and cardamom;dried apricots;cardamom;ground almonds;polenta;baking powder;caster sugar;eggs;lemon juice;rosewater;sunflower oil;apricot jam;lemon juice;pistachios;
Za’atar cod with relish ;olive oil;cod;sea salt;olives;preserved lemons;chillies;coriander;olive oil;Za’atar;
Oven-cooked chicken shawarma;chicken thighs;lemons;olive oil;garlic;bay leaves;paprika;cumin;coriander;dried chilli;cinnamon;nutmeg;sea salt;lettuce;yoghurt;tahini;garlic;salt;pomegranate;
Roasted red pepper hummus;peppers;chilli;olive oil;onion;coriander;cumin;chickpeas;garlic;lemon;sea salt;pomegranate;pepper;
Smoked aubergines with garlic (mirza ghasemi);aubergines;olive oil;garlic;turmeric;tomatoes;tomato purée;caster sugar;sea salt;eggs;walnut;flatbread;
Muhallabi (almond milk pudding);cornflour;almond;caster sugar;vanilla essence;rosewater;cardamom;pistachios;cardamom;
Moroccan lamb tagine;cayenne pepper;black pepper;paprika;ground ginger;turmeric;cinnamon;lamb;onions;olive oil;argan oil;garlic;tomato juice;chopped tomatoes;dried apricots;dates;sultanas;flaked almonds;saffron;lamb stock;honey;coriander;parsley;
Maple and balsamic glazed lamb chops with couscous;thyme;lamb chops;vegetable oil;spring onions;flaked almonds;mint;pomegranate;couscous;feta;olive oil;butter;maple syrup;balsamic vinegar;black pepper;salt; pepper;
Parsley, tomato and bulgar wheat salad;tomatoes;spring onions;parsley;mint;cinnamon;allspice;black pepper;salt;lemon;olive oil;Little Gem lettuces;bulgur wheat;
Warm, spiced oranges with labneh;yoghurt;oranges;cinnamon;star anise;vanilla extract;flaked almonds;
Tabbouleh;bulgur wheat;tomatoes;parsley;mint;red onion;lemon juice;olive oil;salt;flatbreads;
Lemon and pomegranate couscous;pomegranates;couscous;chicken stock;black pepper;lemons;olive oil;coriander;
Spicy Middle Eastern kofte;lamb mince;shallot;garlic;sumac;garam masala;black pepper;sea salt;honey;molasses;pomegranate;
Turkish kofta kebabs with minted yoghurt and kohlrabi and carrot salad;lamb;onions;garlic;dried chilli;parsley;oil;salt;black pepper;yoghurt;mint;carrots;kohlrabi;sunflower oil;cumin;lemon juice;tomatoes;
Rose and pistachio Turkish delight;oil;sugar;lemon juice;cornflour;cream of tartar;food colouring;pistachios;icing sugar;cornflour;rose syrup ;
